frame,frameTimeNs
0,734700
1,653300
2,688600
3,668400
4,666100
5,655500
6,665000
7,655700
8,662600
9,647800
10,651700
11,658200
12,659100
13,648700
14,657000
15,655900
16,649900
17,645300
18,653500
19,657000
20,648700
21,743400
22,708600
23,657300
24,656800
25,643500
26,644700
27,643900
28,644300
29,648500
30,671700
31,643500
32,656300
33,636700
34,643000
35,639600
36,640500
37,665600
38,711300
39,650400
40,648800
41,647800
42,651100
43,734900
44,729600
45,831800
46,625300
47,631100
48,641800
49,625300
50,634000
51,645000
52,631600
53,620400
54,612900
55,616500
56,616800
57,619200
58,625700
59,619000
60,618900
61,619000
62,613100
63,609100
64,610700
65,606200
66,611300
67,612400
68,638700
69,605900
70,613400
71,618200
72,621600
73,1033900
74,1031300
75,676100
76,643900
77,633500
78,639500
79,681500
80,732300
81,636500
82,628200
83,623300
84,639600
85,635800
86,629300
87,624900
88,629700
89,616900
90,623400
91,644900
92,845900
93,703400
94,665000
95,656800
96,664400
97,759700
98,664500
99,683300
100,670100
101,655700
102,661800
103,654700
104,659700
105,658300
106,697500
107,660100
108,658600
109,655400
110,652000
111,654900
112,658100
113,643600
114,794500
115,664000
116,664300
117,666600
118,667300
119,662100
120,671700
121,678600
122,773500
123,667800
124,793200
125,677800
126,661800
127,661900
128,955600
129,749500
130,651000
131,699400
132,676500
133,657300
134,658700
135,682600
136,686600
137,674400
138,677600
139,655300
140,653900
141,655800
142,653900
143,651300
144,653200
145,647400
146,1054400
147,651200
148,661800
149,711700
150,690100
151,659700
152,666100
153,667100
154,649700
155,649200
156,649300
157,647100
158,648600
159,840800
160,1001700
161,781300
162,745000
163,634800
164,632100
165,642200
166,667100
167,635300
168,624700
169,620300
170,630900
171,617200
172,622000
173,619900
174,621100
175,624600
176,625200
177,621500
178,615300
179,614800
180,621400
181,618700
182,724300
183,789600
184,758800
185,686700
186,770000
187,691500
188,658700
189,650700
190,654400
191,651300
192,655500
193,651200
194,682700
195,649700
196,650000
197,646600
198,790000
199,644700
200,647600
201,645400
202,646600
203,648400
204,696900
205,674700
206,648800
207,739000
208,681000
209,682100
210,657200
211,656500
212,655400
213,649400
214,652400
215,648200
216,664300
217,648600
218,674800
219,847300
220,1243000
221,656400
222,657600
223,667500
224,662900
225,649200
226,654000
227,706100
228,674000
229,787700
230,800600
231,769000
232,703500
233,657200
234,657100
235,653700
236,664900
237,692900
238,659100
239,662700
240,646100
241,645700
242,653700
243,654400
244,663800
245,638300
246,648400
247,646800
248,670400
249,645800
250,646000
251,686100
252,689700
253,660100
254,678100
255,660000
256,650100
257,647300
258,668900
259,651700
260,642500
261,655100
262,653200
263,641000
264,645200
265,645600
266,637300
267,647300
268,646800
269,640400
270,638600
271,661700
272,741700
273,641600
274,683800
275,682100
276,686100
277,652800
278,644300
279,660800
280,649400
281,652800
282,658400
283,677200
284,655100
285,663600
286,689500
287,651400
288,648900
289,649000
290,645200
291,688000
292,661300
293,729100
294,1016800
295,653500
296,659300
297,796500
298,757200
299,736000
300,723500
301,631500
302,622500
303,626700
304,634100
305,624700
306,631300
307,790200
308,750300
309,649200
310,681800
311,644200
312,680600
313,668900
314,623600
315,624200
316,628000
317,628000
318,629000
319,625800
320,641900
321,886500
322,851100
323,627900
324,626300
325,638800
326,669000
327,628100
328,634500
329,622500
330,622200
331,658500
332,636300
333,617600
334,613800
335,621800
336,629200
337,633600
338,618400
339,621600
340,618200
341,623900
342,623200
343,610400
344,703000
345,778900
346,739200
347,640700
348,746200
349,632100
350,632300
351,633300
352,639900
353,629300
354,626400
355,624800
356,625200
357,623000
358,626500
359,632600
360,630900
361,624900
362,631200
363,617300
364,629900
365,622400
366,625400
367,638500
368,713100
369,705000
370,1056800
371,652300
372,635000
373,623800
374,631300
375,637900
376,625100
377,626400
378,628400
379,640600
380,634100
381,627500
382,631200
383,627300
384,629100
385,624100
386,630500
387,632100
388,627000
389,622500
390,625400
391,618800
392,805100
393,800300
394,672300
395,639100
396,840300
397,637500
398,633500
399,782900
400,634500
401,628700
402,623400
403,633800
404,947200
405,818800
406,629800
407,623800
408,622300
409,627600
410,619300
411,615900
412,619900
413,619000
414,616900
415,740800
416,802500
417,660400
418,627500
419,624500
420,618200
421,626200
422,615600
423,614500
424,618200
425,611000
426,733400
427,618000
428,613400
429,617100
430,614100
431,614500
432,613300
433,620500
434,613000
435,610400
436,612700
437,612500
438,643000
439,723600
440,922600
441,790300
442,756000
443,737000
444,647800
445,1113700
446,640800
447,623400
448,636700
449,629600
450,621900
451,632300
452,622200
453,613900
454,622300
455,630200
456,632500
457,626100
458,639200
459,627100
460,630800
461,739100
462,795800
463,858100
464,661500
465,656700
466,713700
467,684100
468,644200
469,635700
470,634700
471,626600
472,645200
473,641800
474,638300
475,626300
476,623700
477,632400
478,625900
479,623600
480,623700
481,623900
482,624700
483,655400
484,784400
485,938800
486,785900
487,974700
488,672900
489,635000
490,624200
491,618900
492,622400
493,619800
494,626900
495,614100
496,617700
497,617700
498,620300
499,620800
500,636700
501,613900
502,755300
503,616900
504,633800
505,621400
506,616600
507,618400
508,625200
509,671700
510,774700
511,795500
512,773300
513,653000
514,652200
515,712000
516,774900
517,739400
518,688500
519,1107000
520,617500
521,625100
522,635000
523,616600
524,616900
525,618500
526,616900
527,615900
528,612000
529,609700
530,736300
531,855400
532,799200
533,646300
534,698100
535,844000
536,794600
537,659500
538,625800
539,622600
540,639200
541,618300
542,645800
543,809000
544,764900
545,754800
546,634300
547,638200
548,643800
549,674700
550,802000
551,767300
552,699700
553,648500
554,648900
555,651100
556,665000
557,663200
558,652200
559,644600
560,649100
561,647100
562,660500
563,640200
564,689900
565,772600
566,727100
567,618700
568,624100
569,625400
570,616400
571,611900
572,608800
573,614000
574,612300
575,612300
576,840000
577,1121500
578,653300
579,640200
580,639700
581,625500
582,630800
583,638700
584,631400
585,624000
586,633800
587,639200
588,623100
589,626100
590,607800
591,612100
592,620400
593,1115500
594,620200
595,616500
596,615200
597,611700
598,616300
599,862300
600,1115500
601,793800
602,865100
603,668800
604,654800
605,649300
606,654800
607,649900
608,649800
609,647900
610,668100
611,647400
612,653800
613,646900
614,640600
615,652600
616,640600
617,637100
618,639300
619,634900
620,644100
621,681400
622,652600
623,727200
624,658900
625,654500
626,664800
627,657000
628,649700
629,654900
630,653000
631,653800
632,645800
633,656900
634,646200
635,798400
636,782100
637,729400
638,619200
639,629200
640,620700
641,619000
642,617800
643,618000
644,622300
645,710400
646,944400
647,921000
648,744400
649,653600
650,618400
651,619000
652,744500
653,628000
654,619100
655,618100
656,628000
657,622500
658,670500
659,755800
660,643300
661,628000
662,613800
663,627300
664,617900
665,617500
666,616000
667,1101500
668,690000
669,5953100
670,784600
671,772200
672,729300
673,927800
674,895100
675,914600
676,886700
677,913500
678,886000
679,766200
680,676300
681,657300
682,711100
683,802700
684,646800
685,657300
686,666500
687,657000
688,906500
689,649600
690,650900
691,1617400
692,848900
693,644400
694,821100
695,879900
696,883700
697,883100
698,894500
699,886500
700,880600
701,882100
702,978300
703,808300
704,767500
705,685900
706,743100
707,802200
708,827700
709,893100
710,740600
711,917000
712,671900
713,653100
714,651400
715,649100
716,653000
717,657600
718,675800
719,772500
720,713600
721,5831700
722,1333900
723,777300
724,725900
725,632000
726,661500
727,720300
728,676800
729,624300
730,628100
731,619700
732,659900
733,630300
734,817500
735,924400
736,928400
737,842400
738,901600
739,745500
740,736600
741,811900
742,677300
743,669300
744,653700
745,652900
746,653600
747,641600
748,641400
749,640900
750,639000
751,642700
752,643800
753,640400
754,644800
755,645600
756,638500
757,736200
758,691000
759,658900
760,650200
761,649700
762,654400
763,653600
764,665200
765,668400
766,664300
767,651700
768,646700
769,645800
770,641100
771,653000
772,657100
773,646500
774,649300
775,645000
776,768000
777,654200
778,648400
779,646700
780,647900
781,692600
782,786100
783,771300
784,696000
785,765900
786,655500
787,655900
788,1167800
789,647200
790,648900
791,654200
792,855500
793,651300
794,654800
795,658500
796,657100
797,676800
798,660300
799,661700
800,661400
801,658800
802,650100
803,648400
804,715700
805,678300
806,664200
807,661300
808,657900
809,650300
810,648800
811,647500
812,649500
813,680500
814,666600
815,652500
816,644700
817,648700
818,647700
819,650800
820,655100
821,650400
822,647500
823,652500
824,649000
825,646200
826,643600
827,651400
828,643000
829,879200
830,948400
831,673900
832,658500
833,658800
834,653600
835,656900
836,652400
837,644800
838,642400
839,647200
840,649300
841,643300
842,642000
843,649100
844,640400
845,643700
846,643300
847,644000
848,641700
849,644100
850,642700
851,645100
852,812400
853,644100
854,651900
855,653400
856,645600
857,645300
858,645300
859,645600
860,641800
861,636900
862,1088400
863,641700
864,642100
865,653400
866,639700
867,644800
868,636700
869,635600
870,640300
871,634800
872,653700
873,642800
874,634100
875,810100
876,906700
877,811500
878,731000
879,635000
880,621000
881,620200
882,614200
883,616000
884,612100
885,611200
886,603700
887,605900
888,615200
889,602000
890,609700
891,606300
892,604700
893,603600
894,601600
895,611900
896,600400
897,604900
898,603600
899,770400
900,846700
901,690900
902,616400
903,614300
904,613600
905,604900
906,601900
907,605400
908,601700
909,607300
910,603600
911,604300
912,603400
913,602700
914,602700
915,602800
916,603300
917,616700
918,609500
919,620300
920,601400
921,612000
922,601700
923,601000
924,803800
925,883900
926,789400
927,667500
928,651100
929,649700
930,747100
931,641200
932,643900
933,639100
934,638100
935,640500
936,638500
937,636800
938,639600
939,990200
940,641500
941,645300
942,645600
943,641700
944,638800
945,633100
946,634700
947,699100
948,648400
949,647700
950,641800
951,636200
952,637000
953,635900
954,634600
955,630700
956,632000
957,638000
958,635200
959,633500
960,633700
961,634700
962,634800
963,634300
964,640400
965,633300
966,635800
967,634200
968,633200
969,632500
970,633800
971,642700
972,674600
973,705000
974,641400
975,634100
976,634000
977,637000
978,635000
979,633200
980,633200
981,632600
982,643600
983,634500
984,633400
985,633200
986,635500
987,637900
988,646900
989,640400
990,633700
991,633900
992,633600
993,630600
994,632800
995,629800
996,669200
997,5406800
998,5842100
999,784700
1000,773200
1001,1109200
1002,650900
1003,730000
1004,867100
1005,772500
1006,652500
1007,660800
1008,654400
1009,647000
1010,643400
1011,649300
1012,640600
1013,640000
1014,640100
1015,660200
1016,646100
1017,662800
1018,646900
1019,641000
1020,645800
1021,637800
1022,639400
1023,638400
1024,643800
1025,639000
1026,639400
1027,666800
1028,780800
1029,645700
1030,646100
1031,639300
1032,642000
1033,645400
1034,645400
1035,639600
1036,638300
1037,654900
1038,653700
1039,635600
1040,655900
1041,637000
1042,642100
1043,632600
1044,636700
1045,636700
1046,635700
1047,640100
1048,639400
1049,639400
1050,664800
1051,644500
1052,636200
1053,633400
1054,640400
1055,652300
1056,641000
1057,628700
1058,638100
1059,630300
1060,633200
1061,632600
1062,631300
1063,639400
1064,630800
1065,632900
1066,633800
1067,631900
1068,635200
1069,631800
1070,636900
1071,627800
1072,631900
1073,629700
1074,789000
1075,651300
1076,986200
1077,673800
1078,659500
1079,652100
1080,649900
1081,645200
1082,650000
1083,642300
1084,642400
1085,639000
1086,646400
1087,640400
1088,650100
1089,638800
1090,642300
1091,643200
1092,640100
1093,639000
1094,638800
1095,644000
1096,642300
1097,752200
1098,650500
1099,734700
1100,786800
1101,639700
1102,713800
1103,690200
1104,614900
1105,613700
1106,614000
1107,608800
1108,612900
1109,618500
1110,607200
1111,604500
1112,606700
1113,604900
1114,605300
1115,609700
1116,606600
1117,601200
1118,603300
1119,603900
1120,607600
1121,681600
1122,839500
1123,750500
1124,632500
1125,634100
1126,628100
1127,617100
1128,603300
1129,600700
1130,604600
1131,604500
1132,605200
1133,625000
1134,601500
1135,606900
1136,599100
1137,646800
1138,602700
1139,604400
1140,602900
1141,603100
1142,604800
1143,602300
1144,603400
1145,602000
1146,768100
1147,849900
1148,680000
1149,621700
1150,611100
1151,619500
1152,601900
1153,694600
1154,875500
1155,611000
1156,624900
1157,606000
1158,604000
1159,606000
1160,603200
1161,604000
1162,606500
1163,603200
1164,602100
1165,605100
1166,606500
1167,613300
1168,601400
1169,601700
1170,735400
1171,834500
1172,722800
1173,618900
1174,624600
1175,606100
1176,604400
1177,604900
1178,603100
1179,602200
1180,622600
1181,605200
1182,603900
1183,617300
1184,600300
1185,604400
1186,612100
1187,612300
1188,599600
1189,602900
1190,602600
1191,601200
1192,607800
1193,600100
1194,605800
1195,601800
1196,819100
1197,967700
1198,664300
1199,636900
1200,626800
1201,620800
1202,608100
1203,607100
1204,617700
1205,606900
1206,602400
1207,604300
1208,602300
1209,600400
1210,602700
1211,619800
1212,606100
1213,601700
1214,606200
1215,609400
1216,599900
1217,600800
1218,601700
1219,603200
1220,709800
1221,930100
1222,771600
1223,727900
1224,645700
1225,652700
1226,675600
1227,666300
1228,639400
1229,642700
1230,632800
1231,632900
1232,920300
1233,640600
1234,641400
1235,638900
1236,635900
1237,637200
1238,632800
1239,632000
1240,638800
1241,631400
1242,631600
1243,724700
1244,860100
1245,770000
1246,668100
1247,656900
1248,640900
1249,655600
1250,649700
1251,637300
1252,637600
1253,633700
1254,637800
1255,634900
1256,638100
1257,637400
1258,636700
1259,635200
1260,644200
1261,635600
1262,638300
1263,634100
1264,638900
1265,630400
1266,639300
1267,842500
1268,5708900
1269,651300
1270,644400
1271,642000
1272,649800
1273,649800
1274,635500
1275,633400
1276,634200
1277,634400
1278,632600
1279,633700
1280,633200
1281,634000
1282,636500
1283,651600
1284,677100
1285,676000
1286,636200
1287,635100
1288,615500
1289,623000
1290,633700
1291,607900
1292,612200
1293,603900
1294,604300
1295,604400
1296,616300
1297,611100
1298,602800
1299,609600
1300,603600
1301,817500
1302,615600
1303,611900
1304,693300
1305,612000
1306,605600
1307,675800
1308,783900
1309,747700
1310,647200
1311,663300
1312,651900
1313,649400
1314,644100
1315,636400
1316,649100
1317,636800
1318,635600
1319,642400
1320,650500
1321,637300
1322,642200
1323,634700
1324,634900
1325,635400
1326,638900
1327,632400
1328,635200
1329,634800
1330,642600
1331,762200
1332,851700
1333,741400
1334,679600
1335,659800
1336,654900
1337,651300
1338,643400
1339,632900
1340,630800
1341,631100
1342,635200
1343,635600
1344,631800
1345,636300
1346,631600
1347,633600
1348,631000
1349,637200
1350,638200
1351,646700
1352,645300
1353,633400
1354,631400
1355,655900
1356,824500
1357,717200
1358,650500
1359,651800
1360,642900
1361,644100
1362,637800
1363,635500
1364,635400
1365,633900
1366,643300
1367,639700
1368,630400
1369,630600
1370,632800
1371,641400
1372,638500
1373,632800
1374,633100
1375,633700
1376,635400
1377,637300
1378,949300
1379,657500
1380,667300
1381,747000
1382,656200
1383,644900
1384,655600
1385,637800
1386,633900
1387,633200
1388,632600
1389,631300
1390,637200
1391,630400
1392,631900
1393,632000
1394,633300
1395,632600
1396,635600
1397,645600
1398,632400
1399,634700
1400,641900
1401,632400
1402,634900
1403,804100
1404,860500
1405,739600
1406,660600
1407,669400
1408,656500
1409,644800
1410,643400
1411,649300
1412,638500
1413,644100
1414,640100
1415,639300
1416,638200
1417,633300
1418,629800
1419,638400
1420,635900
1421,645000
1422,634200
1423,634300
1424,630800
1425,632600
1426,699800
1427,764200
1428,741300
1429,775200
1430,684000
1431,642100
1432,628100
1433,623600
1434,622000
1435,615800
1436,632100
1437,632800
1438,607100
1439,611700
1440,606800
1441,608200
1442,612800
1443,608900
1444,610000
1445,607300
1446,614200
1447,607000
1448,602200
1449,625100
1450,605900
1451,671900
1452,746600
1453,625100
1454,851400
1455,618800
1456,620300
1457,610600
1458,617300
1459,699700
1460,613900
1461,608100
1462,605600
1463,608400
1464,605800
1465,605900
1466,604200
1467,604800
1468,605300
1469,609900
1470,605700
1471,607700
1472,601300
1473,624400
1474,608600
1475,757700
1476,792200
1477,767400
1478,730600
1479,628100
1480,760500
1481,778300
1482,777100
1483,674800
1484,750200
1485,660800
1486,652600
1487,645700
1488,648600
1489,638700
1490,636300
1491,629200
1492,631200
1493,631900
1494,630600
1495,643800
1496,631700
1497,633200
1498,629100
1499,669000
1500,785700
1501,644100
1502,645000
1503,644200
1504,640100
1505,635100
1506,636800
1507,638100
1508,643000
1509,636300
1510,632600
1511,634200
1512,640800
1513,634300
1514,642200
1515,632100
1516,629400
1517,633600
1518,640400
1519,644400
1520,631900
1521,631300
1522,633100
1523,820800
1524,850400
1525,714000
1526,655400
1527,648700
1528,638600
1529,643600
1530,827200
1531,638600
1532,639000
1533,637400
1534,643300
1535,639600
1536,635100
1537,725400
1538,633100
1539,634500
1540,637900
1541,633700
1542,631100
1543,647100
1544,654900
1545,632900
1546,793100
1547,858500
1548,689900
1549,661300
1550,667800
1551,672400
1552,643900
1553,645500
1554,637900
1555,637500
1556,640700
1557,637800
1558,634400
1559,637000
1560,631000
1561,633800
1562,683200
1563,652300
1564,675300
1565,644200
1566,632800
1567,636400
1568,631600
1569,813300
1570,763300
1571,666700
1572,638400
1573,636100
1574,649600
1575,640300
1576,635100
1577,636200
1578,635000
1579,647100
1580,634500
1581,629800
1582,632900
1583,631600
1584,630100
1585,629000
1586,658900
1587,632100
1588,632200
1589,630600
1590,636700
1591,631800
1592,636500
1593,719500
1594,855500
1595,792600
1596,649800
1597,651600
1598,648200
1599,634900
1600,635000
1601,632700
1602,634300
1603,636600
1604,640100
1605,642400
1606,841500
1607,671100
1608,664800
1609,639200
1610,645600
1611,633200
1612,634600
1613,632700
1614,722300
1615,631800
1616,691000
1617,651900
1618,656400
1619,640900
1620,639600
1621,638500
1622,632400
1623,634700
1624,632700
1625,648000
1626,638400
1627,636000
1628,664400
1629,645100
1630,641100
1631,631500
1632,652700
1633,630700
1634,632400
1635,632100
1636,637900
1637,631000
1638,628500
1639,635000
1640,708400
1641,1031800
1642,901500
1643,649100
1644,639000
1645,633800
1646,617600
1647,612900
1648,610200
1649,610500
1650,615000
1651,617200
1652,623200
1653,623700
1654,636600
1655,625000
1656,627400
1657,623300
1658,626800
1659,615600
1660,615100
1661,616300
1662,623900
1663,616200
1664,733100
1665,846000
1666,727400
1667,624900
1668,626600
1669,612800
1670,614000
1671,610700
1672,613700
1673,614000
1674,609900
1675,606200
1676,607900
1677,607000
1678,629700
1679,609500
1680,619300
1681,606800
1682,613000
1683,864200
1684,610000
1685,607400
1686,605300
1687,604500
1688,686000
1689,6151100
1690,780400
1691,671600
1692,620100
1693,625700
1694,613500
1695,611900
1696,619700
1697,613700
1698,616600
1699,614900
1700,617300
1701,613900
1702,613500
1703,613600
1704,615900
1705,830400
1706,881500
1707,847200
1708,813600
1709,699600
1710,650200
1711,658400
1712,658900
1713,664700
1714,644400
1715,655400
1716,638500
1717,640900
1718,638300
1719,640500
1720,638800
1721,636800
1722,639700
1723,637000
1724,653900
1725,636200
1726,637600
1727,634300
1728,668600
1729,742100
1730,649000
1731,640100
1732,636400
1733,639100
1734,637900
1735,636500
1736,633900
1737,634600
1738,638500
1739,649700
1740,631400
1741,633400
1742,631100
1743,632000
1744,633900
1745,632000
1746,633700
1747,633900
1748,663800
1749,634900
1750,690400
1751,1023000
1752,649000
1753,666100
1754,647500
1755,648500
1756,651400
1757,645300
1758,642900
1759,636900
1760,640700
1761,634700
1762,634500
1763,636600
1764,633000
1765,729700
1766,633700
1767,656300
1768,633600
1769,640400
1770,637300
1771,634000
1772,632100
1773,634600
1774,633500
1775,777900
1776,858000
1777,750900
1778,673800
1779,657900
1780,651100
1781,646800
1782,648000
1783,655200
1784,643400
1785,642800
1786,640000
1787,639900
1788,656800
1789,640700
1790,646100
1791,637300
1792,639400
1793,635500
1794,634900
1795,639400
1796,633300
1797,635500
1798,669900
1799,777300
1800,737800
1801,721800
1802,654700
1803,620700
1804,620200
1805,620900
1806,615900
1807,648400
1808,618500
1809,605600
1810,603400
1811,612400
1812,602700
1813,604000
1814,604700
1815,637400
1816,618200
1817,609500
1818,603400
1819,605800
1820,611600
1821,604000
1822,606600
1823,664200
1824,607000
1825,608000
1826,609300
1827,660400
1828,1104000
1829,805400
1830,697400
1831,653200
1832,650000
1833,645900
1834,637100
1835,641100
1836,632200
1837,634900
1838,634300
1839,634600
1840,653600
1841,637900
1842,643600
1843,722200
1844,632200
1845,637400
1846,806000
1847,856100
1848,733900
1849,713500
1850,860800
1851,674400
1852,648800
1853,638600
1854,639000
1855,632600
1856,639300
1857,633000
1858,633900
1859,634400
1860,638200
1861,636100
1862,634000
1863,633600
1864,632300
1865,633000
1866,629700
1867,634300
1868,632200
1869,678600
1870,640100
1871,651200
1872,645000
1873,638300
1874,632500
1875,641200
1876,635400
1877,632900
1878,634300
1879,631000
1880,630400
1881,631500
1882,631000
1883,632600
1884,632800
1885,632100
1886,629100
1887,639800
1888,630900
1889,633500
1890,629500
1891,633700
1892,634100
1893,631000
1894,677200
1895,769600
1896,662000
1897,657200
1898,668300
1899,655900
1900,652400
1901,638000
1902,636700
1903,913800
1904,638700
1905,640100
1906,638500
1907,640800
1908,636900
1909,638700
1910,630600
1911,638000
1912,633100
1913,636800
1914,637600
1915,633000
1916,631600
1917,633900
1918,671800
1919,676300
1920,763000
1921,728800
1922,626300
1923,609900
1924,604800
1925,609300
1926,603400
1927,612800
1928,604200
1929,605900
1930,601600
1931,604700
1932,601300
1933,601700
1934,610500
1935,602400
1936,603500
1937,604900
1938,599300
1939,614300
1940,606000
1941,604200
1942,601700
1943,798800
1944,971500
1945,776400
1946,739200
1947,628900
1948,621800
1949,624500
1950,621200
1951,621700
1952,604200
1953,608200
1954,608300
1955,607900
1956,605600
1957,607400
1958,603700
1959,605200
1960,607400
1961,605300
1962,606200
1963,603000
1964,605900
1965,612000
1966,658100
1967,646900
1968,612400
1969,613900
1970,607900
1971,613800
1972,606100
1973,609200
1974,606600
1975,605500
1976,614800
1977,610100
1978,604600
1979,605700
1980,606500
1981,613000
1982,846500
1983,612600
1984,607500
1985,650100
1986,608300
1987,609800
1988,611200
1989,606200
1990,603200
1991,668500
1992,642700
1993,624300
1994,820900
1995,761300
1996,722600
1997,5821400
1998,790500
1999,675400
2000,666700
2001,654400
2002,663200
2003,650200
2004,642500
2005,641600
2006,648800
2007,699800
2008,647800
2009,867400
2010,790900
2011,738300
2012,714500
2013,655500
2014,638200
2015,695300
2016,653600
2017,651400
2018,637600
2019,636200
2020,630400
2021,633600
2022,638500
2023,634600
2024,630100
2025,635700
2026,631500
2027,635900
2028,630800
2029,638700
2030,767300
2031,701000
2032,659800
2033,640800
2034,637500
2035,654000
2036,653200
2037,647600
2038,646500
2039,639900
2040,631100
2041,636100
2042,633700
2043,634600
2044,631300
2045,633300
2046,633600
2047,632400
2048,631200
2049,631300
2050,959500
2051,638400
2052,666600
2053,642400
2054,635100
2055,797200
2056,691500
2057,675000
2058,719300
2059,649300
2060,639000
2061,636100
2062,643800
2063,640300
2064,636100
2065,637300
2066,643200
2067,672200
2068,643800
2069,636700
2070,636300
2071,639900
2072,635800
2073,648000
2074,736400
2075,636400
2076,635400
2077,637500
2078,686300
2079,653200
2080,659800
2081,635900
2082,639600
2083,643700
2084,636300
2085,635800
2086,634000
2087,636200
2088,635200
2089,636900
2090,635100
2091,654100
2092,633300
2093,631000
2094,633200
2095,630500
2096,631500
2097,632000
2098,651900
2099,651000
2100,631900
2101,637300
2102,709600
2103,1039200
2104,933300
2105,635700
2106,658200
2107,631500
2108,610200
2109,609800
2110,608300
2111,606000
2112,608500
2113,605400
2114,606100
2115,605700
2116,606000
2117,606800
2118,606600
2119,603800
2120,605100
2121,619500
2122,608900
2123,602600
2124,605100
2125,607500
2126,1099900
2127,887300
2128,805100
2129,782100
2130,707300
2131,648900
2132,651800
2133,662400
2134,677200
2135,984400
2136,776000
2137,678400
2138,645900
2139,644400
2140,651400
2141,664400
2142,666600
2143,666100
2144,645500
2145,642700
2146,653400
2147,653000
2148,830100
2149,901200
2150,923100
2151,702300
2152,632600
2153,636200
2154,621300
2155,609900
2156,615800
2157,610500
2158,613400
2159,600100
2160,613000
2161,608000
2162,602500
2163,617800
2164,618100
2165,606000
2166,603600
2167,601800
2168,600400
2169,603600
2170,605600
2171,677800
2172,630300
2173,627200
2174,617900
2175,628700
2176,627800
2177,618500
2178,621100
2179,615500
2180,610400
2181,608600
2182,610700
2183,604200
2184,602900
2185,604900
2186,607400
2187,603800
2188,604500
2189,614600
2190,613500
2191,605300
2192,622700
2193,622500
2194,620800
2195,612800
2196,759400
2197,1308200
2198,677300
2199,638100
2200,757100
2201,1226700
2202,714700
2203,651200
2204,645500
2205,646100
2206,643200
2207,644200
2208,645100
2209,636400
2210,642900
2211,638800
2212,636700
2213,637400
2214,636700
2215,636600
2216,636000
2217,648500
2218,719900
2219,799500
2220,901400
2221,998700
2222,884100
2223,908100
2224,775100
2225,670200
2226,755400
2227,647200
2228,646800
2229,645700
2230,641500
2231,646100
2232,645900
2233,635900
2234,648100
2235,646800
2236,636500
2237,636700
2238,636500
2239,636700
2240,716000
2241,642000
2242,641700
2243,639400
2244,636900
2245,634200
2246,640800
2247,639000
2248,636000
2249,644200
2250,640500
2251,641400
2252,642800
2253,643500
2254,648500
2255,642600
2256,640800
2257,639400
2258,647900
2259,648000
2260,644800
2261,628000
2262,633000
2263,639400
2264,807900
2265,855900
2266,711200
2267,656100
2268,640500
2269,637100
2270,641900
2271,631500
2272,640300
2273,645500
2274,988800
2275,658500
2276,643800
2277,647300
2278,647900
2279,639400
2280,632600
2281,634600
2282,633600
2283,637000
2284,633500
2285,630300
2286,634300
2287,833600
2288,963600
2289,772900
2290,728500
2291,717400
2292,670400
2293,606600
2294,605800
2295,604100
2296,604400
2297,607800
2298,630800
2299,604300
2300,603000
2301,602700
2302,605100
2303,698300
2304,606300
2305,602300
2306,605500
2307,603800
2308,603900
2309,603600
2310,601400
2311,667300
2312,802600
2313,769200
2314,681800
2315,743100
2316,642000
2317,619800
2318,611900
2319,610900
2320,611300
2321,609400
2322,608400
2323,604900
2324,617900
2325,602000
2326,605100
2327,604800
2328,603400
2329,600000
2330,602100
2331,600700
2332,604100
2333,604400
2334,604800
2335,753900
2336,838300
2337,706200
2338,623000
2339,618200
2340,610800
2341,603400
2342,605100
2343,603400
2344,604800
2345,602800
2346,616100
2347,603600
2348,603600
2349,600100
2350,601900
2351,600100
2352,891300
2353,606200
2354,608900
2355,600800
2356,603600
2357,604800
2358,604500
2359,684400
2360,895000
2361,764300
2362,656700
2363,662400
2364,655800
2365,652100
2366,648700
2367,637200
2368,649600
2369,646000
2370,652300
2371,653300
2372,641600
2373,636100
2374,638600
2375,641800
2376,633900
2377,633800
2378,635700
2379,632300
2380,634000
2381,632700
2382,734900
2383,716700
2384,779000
2385,645400
2386,650000
2387,650100
2388,652900
2389,650100
2390,646500
2391,632400
2392,654900
2393,634100
2394,635100
2395,645600
2396,636800
2397,637200
2398,636300
2399,633400
2400,632700
2401,639200
2402,635000
2403,633500
2404,631900
2405,633400
2406,633800
2407,865100
2408,959900
2409,778000
2410,736800
2411,689300
2412,653600
2413,614600
2414,636400
2415,614600
2416,615800
2417,610500
2418,611100
2419,603400
2420,602900
2421,604800
2422,606900
2423,603800
2424,602600
2425,600900
2426,606400
2427,600000
2428,896600
2429,611700
2430,773900
2431,844000
2432,695900
2433,626000
2434,626900
2435,606600
2436,609400
2437,621400
2438,607300
2439,608100
2440,607900
2441,606800
2442,601300
2443,601500
2444,602600
2445,602700
2446,599900
2447,605400
2448,602600
2449,601800
2450,610200
2451,603300
2452,605400
2453,605600
2454,602600
2455,825500
2456,754000
2457,749800
2458,750300
2459,748300
2460,752200
2461,872600
2462,774600
2463,1028800
2464,729900
2465,628800
2466,614300
2467,609100
2468,611300
2469,611200
2470,603300
2471,603300
2472,603000
2473,602000
2474,603900
2475,605300
2476,601300
2477,726800
2478,840600
2479,764600
2480,626800
2481,625000
2482,612200
2483,623700
2484,605900
2485,604300
2486,597900
2487,602300
2488,602000
2489,602500
2490,601400
2491,603600
2492,600100
2493,607200
2494,600000
2495,602900
2496,601700
2497,602800
2498,600200
2499,604400
2500,603600
2501,601800
2502,786800
2503,847000
2504,917600
2505,632300
2506,624100
2507,610100
2508,604700
2509,601500
2510,600300
2511,613700
2512,599400
2513,604900
2514,599500
2515,601500
2516,600100
2517,603700
2518,600300
2519,602000
2520,600000
2521,603300
2522,610200
2523,604200
2524,601700
2525,600000
2526,599300
2527,724700
2528,924800
2529,733500
2530,651000
2531,654300
2532,650900
2533,655100
2534,655700
2535,650800
2536,638400
2537,650000
2538,638900
2539,742800
2540,641900
2541,641800
2542,646600
2543,634700
2544,632500
2545,631400
2546,634600
2547,632400
2548,631300
2549,634700
2550,678500
2551,782600
2552,731700
2553,737800
2554,713400
2555,643600
2556,616200
2557,615900
2558,622100
2559,617200
2560,623100
2561,603500
2562,608200
2563,607800
2564,604900
2565,672400
2566,609800
2567,608500
2568,608400
2569,605000
2570,607400
2571,605000
2572,605300
2573,604900
2574,603700
2575,632600
2576,616400
2577,619100
2578,614000
2579,613100
2580,609800
2581,606000
2582,609800
2583,886100
2584,618200
2585,611300
2586,615500
2587,608800
2588,609500
2589,605100
2590,608200
2591,607600
2592,607300
2593,605000
2594,608400
2595,611500
2596,603100
2597,606000
2598,604500
2599,610600
2600,5780600
2601,5604200
2602,688400
2603,662300
2604,747700
2605,659700
2606,645800
2607,649400
2608,640600
2609,670800
2610,640300
2611,637200
2612,643800
2613,639200
2614,648400
2615,638900
2616,632300
2617,794000
2618,802100
2619,648000
2620,650200
2621,647100
2622,633300
2623,633100
2624,633100
2625,634400
2626,633400
2627,632100
2628,631000
2629,630800
2630,632100
2631,631200
2632,646200
2633,649300
2634,813600
2635,685600
2636,631000
2637,612800
2638,606300
2639,608700
2640,606400
2641,608000
2642,614300
2643,604800
2644,605300
2645,892800
2646,606500
2647,607000
2648,605100
2649,607300
2650,605200
2651,602200
2652,614800
2653,602300
2654,602900
2655,610600
2656,688700
2657,876200
2658,834800
2659,635400
2660,636500
2661,623100
2662,629900
2663,614200
2664,606000
2665,603100
2666,602200
2667,607200
2668,604800
2669,599800
2670,600900
2671,600700
2672,602200
2673,600800
2674,605900
2675,601900
2676,602900
2677,602700
2678,600100
2679,616400
2680,602200
2681,769900
2682,854700
2683,789400
2684,631400
2685,618500
2686,609300
2687,606700
2688,604700
2689,598700
2690,608600
2691,602600
2692,604800
2693,603300
2694,601800
2695,607500
2696,601300
2697,598000
2698,603400
2699,607700
2700,598900
2701,602000
2702,607600
2703,601700
2704,601200
2705,599600
2706,868300
2707,788300
2708,757800
2709,678400
2710,644100
2711,650600
2712,646200
2713,644700
2714,661900
2715,642500
2716,633700
2717,641300
2718,634000
2719,635000
2720,637400
2721,637100
2722,636400
2723,848200
2724,640900
2725,644100
2726,647900
2727,634200
2728,633400
2729,632400
2730,681200
2731,749800
2732,671400
2733,661000
2734,664000
2735,647400
2736,639100
2737,642800
2738,637600
2739,640500
2740,638400
2741,641800
2742,641400
2743,638800
2744,635600
2745,641500
2746,633900
2747,633900
2748,653800
2749,645100
2750,689200
2751,638700
2752,635000
2753,723100
2754,895200
2755,902700
2756,670700
2757,652100
2758,638900
2759,636200
2760,636700
2761,771000
2762,649000
2763,643700
2764,637100
2765,633700
2766,633200
2767,637200
2768,631700
2769,635700
2770,659500
2771,643300
2772,634900
2773,634800
2774,631100
2775,641900
2776,635800
2777,876500
2778,971500
2779,752700
2780,727600
2781,643700
2782,616600
2783,612500
2784,615900
2785,611800
2786,611900
2787,632100
2788,610100
2789,604600
2790,609000
2791,604300
2792,603400
2793,620000
2794,605000
2795,612800
2796,604000
2797,605000
2798,839100
2799,605900
2800,748100
2801,885800
2802,791400
2803,758700
2804,678400
2805,661400
2806,648400
2807,654300
2808,651900
2809,634600
2810,643000
2811,640700
2812,643700
2813,642900
2814,638600
2815,679000
2816,647900
2817,636000
2818,635700
2819,639300
2820,631100
2821,633400
2822,631200
2823,790000
2824,639600
2825,644000
2826,633200
2827,641700
2828,650000
2829,632700
2830,646600
2831,632400
2832,643800
2833,669900
2834,633400
2835,634300
2836,661500
2837,635700
2838,632300
2839,735300
2840,632000
2841,632500
2842,631300
2843,632500
2844,630000
2845,632900
2846,631900
2847,689800
2848,642900
2849,662200
2850,635400
2851,631000
2852,632200
2853,631800
2854,629900
2855,632100
2856,631600
2857,630200
2858,649900
2859,632800
2860,629600
2861,640800
2862,634700
2863,636800
2864,631700
2865,630600
2866,629900
2867,646800
2868,628500
2869,628100
2870,630800
2871,632200
2872,658200
2873,755100
2874,758100
2875,998600
2876,667100
2877,623200
2878,619600
2879,621300
2880,620500
2881,612200
2882,609900
2883,607800
2884,610100
2885,612800
2886,605000
2887,605300
2888,606700
2889,605700
2890,601400
2891,608400
2892,611800
2893,605100
2894,602900
2895,606600
2896,627800
2897,651600
2898,720700
2899,669000
2900,660000
2901,641800
2902,640500
2903,639800
2904,637300
2905,637600
2906,638100
2907,637300
2908,645700
2909,642500
2910,636300
2911,640800
2912,636600
2913,634200
2914,646100
2915,632800
2916,636400
2917,723400
2918,634800
2919,638100
2920,679700
2921,791000
2922,647000
2923,647000
2924,637600
2925,647000
2926,636900
2927,911900
2928,918900
2929,871500
2930,898100
2931,767600
2932,653800
2933,640800
2934,639000
2935,643600
2936,633000
2937,635600
2938,641600
2939,641900
2940,635300
2941,632300
2942,631700
2943,846900
2944,978100
2945,645500
2946,660900
2947,656400
2948,655000
2949,638600
2950,853900
2951,650200
2952,641100
2953,640600
2954,638000
2955,631300
2956,635900
2957,644200
2958,633000
2959,631600
2960,633700
2961,634300
2962,634400
2963,635300
2964,633300
2965,635300
2966,681700
2967,786500
2968,651900
2969,641000
2970,639200
2971,636900
2972,649800
2973,637500
2974,635100
2975,634800
2976,642600
2977,636400
2978,635000
2979,634400
2980,716900
2981,636100
2982,636700
2983,633800
2984,641800
2985,630600
2986,638400
2987,631200
2988,644200
2989,631300
2990,663000
2991,744300
2992,651200
2993,731100
2994,639300
2995,641200
2996,636600
2997,635900
2998,649200
2999,655400
3000,634700
3001,631900
3002,633600
3003,645600
3004,632000
3005,632600
3006,631900
3007,632200
3008,631000
3009,629700
3010,632400
3011,635500
3012,634200
3013,633200
3014,740900
3015,4966700
3016,762300
3017,709100
3018,628200
3019,619500
3020,882500
3021,616200
3022,623500
3023,614400
3024,603900
3025,602200
3026,602000
3027,604400
3028,603800
3029,602100
3030,602100
3031,833400
3032,965100
3033,772800
3034,782700
3035,693100
3036,658700
3037,650400
3038,653900
3039,648500
3040,653900
3041,646700
3042,640900
3043,637200
3044,636400
3045,644100
3046,637800
3047,636300
3048,637300
3049,635600
3050,638300
3051,632200
3052,635100
3053,637300
3054,674300
3055,760700
3056,649200
3057,639200
3058,638500
3059,634100
3060,648200
3061,638300
3062,633400
3063,634500
3064,727800
3065,634100
3066,638000
3067,634800
3068,634600
3069,636100
3070,633000
3071,633000
3072,633200
3073,632000
3074,638500
3075,630400
3076,641800
3077,632200
3078,670500
3079,739900
3080,667300
3081,661100
3082,653500
3083,666300
3084,658100
3085,639000
3086,648100
3087,639700
3088,635300
3089,636900
3090,634800
3091,638800
3092,635600
3093,635100
3094,631600
3095,630700
3096,846700
3097,640400
3098,638100
3099,640600
3100,636200
3101,749900
3102,651200
3103,653900
3104,642600
3105,632600
3106,639200
3107,645000
3108,631700
3109,637500
3110,633100
3111,631300
3112,632300
3113,662900
3114,631800
3115,638100
3116,634000
3117,660100
3118,635600
3119,636000
3120,633500
3121,631700
3122,637300
3123,633000
3124,632500
3125,729800
3126,865300
3127,895000
3128,664200
3129,661400
3130,647400
3131,636400
3132,638400
3133,635800
3134,635800
3135,632700
3136,633800
3137,644200
3138,632000
3139,631600
3140,635600
3141,632200
3142,758000
3143,633700
3144,635500
3145,636600
3146,634900
3147,635600
3148,633400
3149,661400
3150,766900
3151,634700
3152,665800
3153,659600
3154,652400
3155,656800
3156,649100
3157,635000
3158,635300
3159,635700
3160,640900
3161,638500
3162,638900
3163,631800
3164,633500
3165,630500
3166,633200
3167,637300
3168,641400
3169,632300
3170,632800
3171,632700
3172,948900
3173,781600
3174,813100
3175,665400
3176,671400
3177,657100
3178,650900
3179,643500
3180,646600
3181,642400
3182,647300
3183,653800
3184,643100
3185,640500
3186,640300
3187,642800
3188,640800
3189,640700
3190,645300
3191,643900
3192,644200
3193,638000
3194,644300
3195,638600
3196,680600
3197,679300
3198,811000
3199,632800
3200,631700
3201,616700
3202,614800
3203,607500
3204,606000
3205,611700
3206,4224200
3207,628100
3208,627900
3209,620500
3210,611000
3211,609100
3212,612500
3213,609500
3214,611300
3215,1026600
3216,803900
3217,628400
3218,618200
3219,607500
3220,616000
3221,606500
3222,606800
3223,635400
3224,615100
3225,612300
3226,620300
3227,617000
3228,611400
3229,612200
3230,608000
3231,603400
3232,602000
3233,601200
3234,599400
3235,607000
3236,602200
3237,599400
3238,601800
3239,600400
3240,813300
3241,5474800
3242,1137300
3243,627100
3244,623000
3245,615000
3246,612400
3247,616300
3248,607300
3249,607600
3250,605900
3251,607400
3252,604700
3253,609900
3254,895000
3255,827200
3256,878900
3257,824000
3258,669800
3259,666600
3260,651100
3261,709900
3262,653600
3263,651200
3264,651400
3265,649100
3266,645100
3267,649900
3268,651200
3269,656600
3270,642400
3271,643100
3272,644200
3273,645200
3274,650000
3275,649200
3276,645000
3277,659000
3278,741400
3279,5566500
3280,677100
3281,664300
3282,666200
3283,651900
3284,654800
3285,659400
3286,651800
3287,648200
3288,638400
3289,633800
3290,637800
3291,651200
3292,674200
3293,653700
3294,645100
3295,882300
3296,927200
3297,5458800
3298,960000
3299,662300
3300,654500
3301,647200
3302,649800
3303,652700
3304,649500
3305,654700
3306,649900
3307,649100
3308,641900
3309,643400
3310,696800
3311,657300
3312,646700
3313,641800
3314,658600
3315,642900
3316,641700
3317,638600
3318,643200
3319,637400
3320,640300
3321,632700
3322,646200
3323,631700
3324,641400
3325,631700
3326,637000
3327,651500
3328,644200
3329,634400
3330,644700
3331,672700
3332,645300
3333,637100
3334,675100
3335,5276500
3336,653700
3337,624300
3338,665600
3339,623600
3340,619000
3341,720600
3342,618300
3343,609100
3344,603400
3345,623900
3346,602000
3347,603900
3348,604500
3349,599700
3350,605800
3351,716100
3352,770100
3353,712100
3354,667300
3355,653700
3356,656600
3357,655600
3358,653300
3359,640300
3360,635600
3361,643700
3362,643600
3363,635800
3364,632500
3365,943600
3366,644900
3367,646100
3368,635600
3369,654700
3370,638100
3371,640700
3372,636600
3373,635300
3374,639800
3375,671100
3376,738100
3377,659700
3378,648800
3379,643800
3380,636500
3381,641000
3382,671500
3383,637900
3384,669900
3385,640500
3386,636400
3387,635900
3388,633000
3389,635000
3390,632000
3391,647800
3392,633900
3393,632500
3394,637300
3395,635100
3396,632000
3397,640000
3398,632600
3399,880900
3400,980000
3401,759900
3402,744000
3403,643000
3404,624200
3405,612700
3406,612000
3407,622600
3408,609700
3409,601000
3410,604800
3411,606300
3412,609400
3413,618900
3414,619200
3415,612300
3416,605500
3417,601100
3418,603200
3419,690200
3420,606700
3421,603200
3422,739000
3423,625300
3424,776600
3425,633600
3426,640400
3427,615300
3428,610500
3429,602400
3430,646400
3431,608700
3432,606400
3433,603500
3434,604800
3435,606700
3436,611500
3437,618100
3438,606800
3439,601200
3440,600700
3441,599400
3442,604500
3443,890700
3444,615300
3445,601700
3446,638200
3447,841100
3448,1003200
3449,790000
3450,640300
3451,647400
3452,721400
3453,761600
3454,663500
3455,647300
3456,641600
3457,641500
3458,646700
3459,673200
3460,658200
3461,638800
3462,648900
3463,648900
3464,645900
3465,670100
3466,661800
3467,657900
3468,651300
3469,667400
3470,684200
3471,795300
3472,657600
3473,633300
3474,628200
3475,657800
3476,637500
3477,614500
3478,607800
3479,608200
3480,607300
3481,606500
3482,623800
3483,608100
3484,608000
3485,606400
3486,605000
3487,606400
3488,605200
3489,609200
3490,609300
3491,607500
3492,621600
3493,609600
3494,801900
3495,885300
3496,796400
3497,871100
3498,682500
3499,649200
3500,648900
3501,644400
3502,634500
3503,653300
3504,640600
3505,643700
3506,672800
3507,638900
3508,633600
3509,638400
3510,642100
3511,632500
3512,633800
3513,637400
3514,632200
3515,633800
3516,636400
3517,759300
3518,960200
3519,672900
3520,718100
3521,680100
3522,649700
3523,642000
3524,641900
3525,639900
3526,639200
3527,639700
3528,643200
3529,635200
3530,636100
3531,635600
3532,639100
3533,636800
3534,677900
3535,645400
3536,678700
3537,644200
3538,633300
3539,634600
3540,724700
3541,641400
3542,670200
3543,651600
3544,658900
3545,659300
3546,655400
3547,657200
3548,652700
3549,663700
3550,658400
3551,665000
3552,665100
3553,876100
3554,919100
3555,928500
3556,907800
3557,657900
3558,646300
3559,641900
3560,638700
3561,637100
3562,643000
3563,676700
3564,796200
3565,777000
3566,686600
3567,629900
3568,633900
3569,629000
3570,631300
3571,643400
3572,718000
3573,627000
3574,625000
3575,625700
3576,615300
3577,609900
3578,614100
3579,610900
3580,611500
3581,618900
3582,611700
3583,610800
3584,609900
3585,611400
3586,608300
3587,628300
3588,625000
3589,621900
3590,791100
3591,771400
3592,1014700
3593,650200
3594,655700
3595,654500
3596,656600
3597,646000
3598,644900
3599,633300
3600,635900
3601,631500
3602,635300
3603,633700
3604,633800
3605,634400
3606,632900
3607,632100
3608,633000
3609,633500
3610,670900
3611,675500
3612,664700
3613,649100
3614,662400
3615,652300
3616,650300
3617,652500
3618,638000
3619,633700
3620,638500
3621,635500
3622,636300
3623,634500
3624,643700
3625,632500
3626,641400
3627,648100
3628,635000
3629,632100
3630,631100
3631,633900
3632,634100
3633,631100
3634,717400
3635,759100
3636,734000
3637,657800
3638,621900
3639,615000
3640,644800
3641,619300
3642,649200
3643,618800
3644,618800
3645,610500
3646,608100
3647,606100
3648,606900
3649,604600
3650,605100
3651,695200
3652,608900
3653,610300
3654,646300
3655,605400
3656,619800
3657,604600
3658,631300
3659,664800
3660,616500
3661,603400
3662,605100
3663,606900
3664,622200
3665,602700
3666,606400
3667,602900
3668,605800
3669,611300
3670,869200
3671,606500
3672,615600
3673,604000
3674,634900
3675,602700
3676,603100
3677,610800
3678,602300
3679,602200
3680,603100
3681,600500
3682,602000
3683,602000
3684,5582300
3685,825900
3686,721900
3687,842000
3688,867500
3689,1026900
3690,666900
3691,674500
3692,659300
3693,657700
3694,661000
3695,649300
3696,670000
3697,650300
3698,720400
3699,746900
3700,737000
3701,728000
3702,646700
3703,624100
3704,617200
3705,628100
3706,623700
3707,608600
3708,613100
3709,614800
3710,609900
3711,650500
3712,614000
3713,617200
3714,619500
3715,612400
3716,608900
3717,608400
3718,607600
3719,612200
3720,607800
3721,606800
3722,694600
3723,663700
3724,824500
3725,749200
3726,744800
3727,652700
3728,629500
3729,627000
3730,624000
3731,627600
3732,615800
3733,616900
3734,611000
3735,613400
3736,610500
3737,611900
3738,610000
3739,855900
3740,617600
3741,616300
3742,646900
3743,616900
3744,615300
3745,610100
3746,620400
3747,689100
3748,800800
3749,685800
3750,658900
3751,649400
3752,653200
3753,646900
3754,635800
3755,638000
3756,639100
3757,652300
3758,653100
3759,648800
3760,647100
3761,643600
3762,641900
3763,650500
3764,649600
3765,650700
3766,644800
3767,644100
3768,636100
3769,636900
3770,634900
3771,836900
3772,865000
3773,718500
3774,651500
3775,645900
3776,637500
3777,645700
3778,635200
3779,633400
3780,630600
3781,661300
3782,647800
3783,642200
3784,637000
3785,645500
3786,665100
3787,632400
3788,670200
3789,638000
3790,634600
3791,640700
3792,632000
3793,631700
3794,715400
3795,1034700
3796,939500
3797,636600
3798,632400
3799,715100
3800,613100
3801,612000
3802,653700
3803,614000
3804,606300
3805,607700
3806,606000
3807,608400
3808,605400
3809,605300
3810,603000
3811,609600
3812,605700
3813,606900
3814,607500
3815,915100
3816,611400
3817,629400
3818,863600
3819,1007600
3820,757900
3821,765100
3822,674900
3823,652700
3824,659900
3825,650100
3826,651000
3827,643000
3828,649100
3829,650000
3830,668000
3831,642300
3832,682500
3833,643900
3834,638400
3835,636100
3836,639700
3837,640100
3838,632500
3839,654800
3840,714500
3841,648600
3842,657500
3843,645400
3844,651700
3845,649700
3846,639300
3847,649900
3848,640300
3849,645300
3850,636700
3851,636000
3852,636000
3853,633700
3854,635700
3855,634900
3856,635000
3857,639100
3858,630100
3859,634800
3860,638100
3861,639100
3862,650700
3863,663900
3864,701200
3865,768000
3866,734700
3867,728700
3868,639000
3869,623700
3870,621300
3871,620800
3872,626200
3873,610600
3874,611100
3875,608700
3876,604600
3877,695700
3878,609600
3879,613200
3880,611900
3881,605600
3882,608300
3883,607200
3884,601300
3885,624900
3886,606100
3887,607400
3888,602800
3889,658300
3890,615700
3891,874000
3892,633800
3893,633600
3894,670100
3895,621500
3896,609400
3897,607400
3898,616600
3899,610700
3900,611800
3901,609300
3902,611000
3903,609800
3904,608500
3905,608100
3906,607700
3907,609800
3908,607800
3909,627400
3910,618000
3911,618100
3912,610400
3913,644500
3914,653200
3915,734400
3916,801700
3917,773600
3918,716700
3919,643600
3920,641800
3921,641100
3922,642400
3923,646900
3924,647900
3925,645500
3926,639900
3927,642800
3928,632700
3929,635800
3930,632900
3931,632200
3932,665400
3933,633400
3934,631200
3935,634800
3936,632200
3937,827600
3938,869900
3939,701800
3940,697900
3941,651000
3942,639200
3943,638800
3944,636000
3945,639300
3946,636100
3947,639700
3948,632100
3949,632000
3950,631300
3951,634700
3952,630300
3953,631700
3954,636700
3955,649800
3956,734500
3957,635600
3958,636200
3959,633900
3960,773000
3961,659000
3962,678400
3963,640200
3964,656100
3965,647900
3966,648100
3967,859900
3968,636900
3969,641200
3970,635700
3971,672200
3972,639500
3973,634100
3974,632900
3975,630600
3976,634300
3977,633000
3978,641300
3979,630300
3980,631500
3981,632600
3982,633500
3983,632300
3984,669800
3985,720500
3986,799300
3987,665600
3988,649800
3989,636800
3990,637000
3991,641200
3992,639300
3993,640700
3994,638000
3995,635000
3996,637000
3997,638900
3998,635700
3999,635300
4000,640400
4001,662100
4002,638000
4003,642100
4004,644000
4005,636400
4006,635400
4007,639700
4008,666600
4009,676700
4010,725400
4011,774600
4012,640000
4013,706800
4014,678600
4015,614300
4016,607300
4017,632600
4018,610400
4019,605100
4020,605900
4021,604000
4022,606200
4023,613800
4024,600600
4025,603300
4026,604100
4027,617300
4028,616400
4029,607900
4030,621300
4031,605700
4032,603800
4033,810000
4034,1091300
4035,642100
4036,640600
4037,630000
4038,623400
4039,616400
4040,603600
4041,613900
4042,604100
4043,605900
4044,827900
4045,609200
4046,619600
4047,606000
4048,649000
4049,607300
4050,603600
4051,603100
4052,603100
4053,603400
4054,603100
4055,605400
4056,603100
4057,815100
4058,963300
4059,740800
4060,714700
4061,718300
4062,643300
4063,607000
4064,604100
4065,613700
4066,605900
4067,613200
4068,612100
4069,599400
4070,605900
4071,603400
4072,598900
4073,601900
4074,1400900
4075,751400
4076,726600
4077,735800
4078,673500
4079,858900
4080,846600
4081,772200
4082,765800
4083,768500
4084,758000
4085,755700
4086,761900
4087,928100
4088,760000
4089,773500
4090,699900
4091,653900
4092,662200
4093,656900
4094,654600
4095,648200
4096,636100
4097,635100
4098,634600
4099,634000
4100,720200
4101,649900
4102,647700
4103,651200
4104,650400
4105,668600
4106,653400
4107,638600
4108,729800
4109,832600
4110,648400
4111,647300
4112,636700
4113,637200
4114,634000
4115,634700
4116,633400
4117,936700
4118,637300
4119,635200
4120,669900
4121,645200
4122,634400
4123,718600
4124,669100
4125,679200
4126,658200
4127,664300
4128,653700
4129,652100
4130,646200
4131,653200
4132,648000
4133,726800
4134,657200
4135,695300
4136,650500
4137,652800
4138,647600
4139,647300
4140,646600
4141,648500
4142,647700
4143,648900
4144,647500
4145,648900
4146,646600
4147,708600
4148,779800
4149,662900
4150,710900
4151,657700
4152,655300
4153,651700
4154,649300
4155,650000
4156,651200
4157,646900
4158,647800
4159,647000
4160,646000
4161,647900
4162,646900
4163,643300
4164,649700
4165,676000
4166,650800
4167,648700
4168,645800
4169,648400
4170,726400
4171,891600
4172,770300
4173,672300
4174,658900
4175,662800
4176,653800
4177,653200
4178,663800
4179,666500
4180,699300
4181,667400
4182,658400
4183,646800
4184,738700
4185,647100
4186,645300
4187,646300
4188,644200
4189,643400
4190,645700
4191,645800
4192,921700
4193,703600
4194,5489700
4195,655500
4196,637700
4197,635200
4198,616000
4199,613000
4200,613000
4201,621900
4202,629100
4203,647400
4204,607700
4205,607600
4206,604600
4207,604500
4208,605100
4209,604300
4210,603600
4211,874700
4212,902500
4213,635400
4214,618700
4215,614800
4216,606300
4217,634200
4218,622800
4219,612600
4220,610100
4221,604300
4222,610000
4223,602500
4224,613000
4225,636900
4226,605100
4227,610200
4228,600200
4229,603100
4230,605100
4231,603600
4232,601500
4233,602900
4234,597300
4235,799000
4236,842200
4237,723100
4238,613500
4239,609300
4240,608100
4241,621800
4242,608400
4243,616600
4244,607700
4245,615200
4246,606100
4247,610700
4248,608300
4249,609800
4250,644500
4251,606600
4252,604900
4253,604100
4254,601300
4255,600800
4256,604100
4257,702200
4258,604500
4259,617300
4260,875100
4261,936700
4262,1146700
4263,703800
4264,694100
4265,674000
4266,664400
4267,663100
4268,651000
4269,650100
4270,648600
4271,648300
4272,650200
4273,648200
4274,645600
4275,647300
4276,645900
4277,757000
4278,649500
4279,679900
4280,651800
4281,851700
4282,672800
4283,673900
4284,658500
4285,656200
4286,659700
4287,649500
4288,646800
4289,647300
4290,646300
4291,646200
4292,650300
4293,651000
4294,680200
4295,656500
4296,649200
4297,648700
4298,645000
4299,647100
4300,644600
4301,646200
4302,648600
4303,645200
4304,647300
4305,726500
4306,823600
4307,621000
4308,668700
4309,697600
4310,672800
4311,654000
4312,653000
4313,649000
4314,646300
4315,649500
4316,644900
4317,648400
4318,644200
4319,646300
4320,641100
4321,645600
4322,646300
4323,644300
4324,646700
4325,670100
4326,647200
4327,651400
4328,751900
4329,781600
4330,760900
4331,756800
4332,729700
4333,630200
4334,629000
4335,632500
4336,897900
4337,622800
4338,624700
4339,658200
4340,618400
4341,621000
4342,621200
4343,617900
4344,619000
4345,610200
4346,619700
4347,619900
4348,622400
4349,611000
4350,781400
4351,939100
4352,738900
4353,690800
4354,720100
4355,670000
4356,661400
4357,657900
4358,650200
4359,649900
4360,681800
4361,649900
4362,649900
4363,649300
4364,654700
4365,648500
4366,644500
4367,648200
4368,647900
4369,684700
4370,665100
4371,649100
4372,646100
4373,646600
4374,696200
4375,678100
4376,732700
4377,666300
4378,660900
4379,655500
4380,660000
4381,655900
4382,654000
4383,648600
4384,687000
4385,649600
4386,661300
4387,714300
4388,654000
4389,649900
4390,649000
4391,647000
4392,650400
4393,647700
4394,692300
4395,687300
4396,658600
4397,653600
4398,702400
4399,690800
4400,649400
4401,647600
4402,645300
4403,646200
4404,646700
4405,642700
4406,644100
4407,645900
4408,643000
4409,738200
4410,643700
4411,916200
4412,654300
4413,647600
4414,689500
4415,649300
4416,649800
4417,653700
4418,647100
4419,647600
4420,646800
4421,698800
4422,697800
4423,745000
4424,632500
4425,619700
4426,616300
4427,605100
4428,604000
4429,621800
4430,617600
4431,605900
4432,607100
4433,604800
4434,604900
4435,604300
4436,603600
4437,602000
4438,601300
4439,708000
4440,604500
4441,612000
4442,604700
4443,603500
4444,604400
4445,612800
4446,849100
4447,969700
4448,788200
4449,757200
4450,754500
4451,649000
4452,638400
4453,638300
4454,638500
4455,631000
4456,618400
4457,620800
4458,609700
4459,610800
4460,653000
4461,621900
4462,611800
4463,613600
4464,617100
4465,617900
4466,640800
4467,612600
4468,619800
4469,671500
4470,625900
4471,639200
4472,638000
4473,625500
4474,629100
4475,620500
4476,661300
4477,627900
4478,615100
4479,619200
4480,622900
4481,623900
4482,628800
4483,620000
4484,626500
4485,617800
4486,628800
4487,717100
4488,865200
4489,612600
4490,634400
4491,634500
4492,619300
4493,610900
4494,670900
4495,639200
4496,5303000
4497,746500
4498,731300
4499,621500
4500,618100
4501,622100
4502,616700
4503,618100
4504,603800
4505,605800
4506,620100
4507,604900
4508,603100
4509,601900
4510,601400
4511,693500
4512,840600
4513,770800
4514,632700
4515,678700
4516,624400
4517,614200
4518,608100
4519,603100
4520,603100
4521,612200
4522,603500
4523,606800
4524,603100
4525,600000
4526,606900
4527,609200
4528,600700
4529,601100
4530,619800
4531,613900
4532,611400
4533,604400
4534,599600
4535,601100
4536,849300
4537,1031200
4538,753400
4539,780500
4540,702900
4541,660300
4542,661100
4543,658000
4544,646500
4545,648000
4546,693000
4547,649600
4548,650800
4549,647100
4550,646800
4551,644900
4552,663400
4553,648100
4554,648600
4555,648800
4556,645900
4557,982700
4558,701500
4559,825600
4560,651000
4561,656500
4562,652100
4563,653400
4564,650000
4565,648600
4566,646600
4567,647600
4568,648300
4569,647600
4570,645500
4571,648300
4572,644200
4573,812500
4574,614500
4575,672900
4576,652800
4577,648100
4578,673200
4579,651900
4580,654300
4581,823600
4582,802700
4583,806800
4584,821000
4585,825300
4586,818700
4587,801300
4588,813000
4589,1051200
4590,772000
4591,724500
4592,632800
4593,638300
4594,636300
4595,636900
4596,628300
4597,629000
4598,622600
4599,617100
4600,618500
4601,621200
4602,784100
4603,782100
4604,790100
4605,690500
4606,656000
4607,659700
4608,665000
4609,664000
4610,646100
4611,649800
4612,647800
4613,646900
4614,647300
4615,644700
4616,648600
4617,651100
4618,682500
4619,655300
4620,647700
4621,649200
4622,647300
4623,647800
4624,643700
4625,739100
4626,776200
4627,737400
4628,725500
4629,887700
4630,628800
4631,621800
4632,756500
4633,632600
4634,620100
4635,618200
4636,616100
4637,621100
4638,615300
4639,634000
4640,607300
4641,610200
4642,608600
4643,608300
4644,605600
4645,606500
4646,606800
4647,605900
4648,605800
4649,661600
4650,723200
4651,823600
4652,790900
4653,744700
4654,664400
4655,653500
4656,649600
4657,648900
4658,647600
4659,696300
4660,645500
4661,644800
4662,655400
4663,667200
4664,656200
4665,648000
4666,645200
4667,652700
4668,646400
4669,648200
4670,642600
4671,647700
4672,786300
4673,899700
4674,772900
4675,674200
4676,658200
4677,656900
4678,711100
4679,664800
4680,660200
4681,664500
4682,662900
4683,658000
4684,677200
4685,649800
4686,649700
4687,650700
4688,650900
4689,649100
4690,647800
4691,656200
4692,659400
4693,688200
4694,649200
4695,651400
4696,910900
4697,869700
4698,667300
4699,663400
4700,657100
4701,690400
4702,647100
4703,648700
4704,883600
4705,654000
4706,659500
4707,784700
4708,667200
4709,650600
4710,646500
4711,648800
4712,649400
4713,646300
4714,645800
4715,731000
4716,644000
4717,648500
4718,691800
4719,5202800
4720,4886500
4721,766600
4722,723700
4723,639500
4724,608200
4725,613400
4726,615300
4727,615200
4728,669900
4729,731700
4730,737900
4731,715600
4732,649500
4733,618000
4734,614000
4735,620400
4736,617700
4737,613600
4738,621400
4739,607200
4740,613600
4741,607900
4742,609300
4743,610600
4744,607200
4745,605200
4746,605000
4747,609900
4748,611200
4749,602500
4750,610600
4751,604000
4752,602900
4753,605700
4754,869700
4755,912100
4756,761700
4757,659800
4758,619300
4759,608900
4760,611600
4761,603700
4762,622900
4763,609300
4764,606000
4765,602600
4766,605800
4767,873600
4768,638200
4769,606600
4770,606300
4771,605600
4772,698900
4773,604400
4774,603600
4775,603300
4776,602700
4777,602800
4778,843400
4779,1030800
4780,839700
4781,732400
4782,676000
4783,666800
4784,662400
4785,680500
4786,647300
4787,648300
4788,646600
4789,648400
4790,684000
4791,662500
4792,649600
4793,645000
4794,645300
4795,650000
4796,645400
4797,649200
4798,644900
4799,647400
4800,698800
4801,651400
4802,672400
4803,650200
4804,653000
4805,645200
4806,654200
4807,652700
4808,642500
4809,645600
4810,645000
4811,644700
4812,648600
4813,654100
4814,642400
4815,660400
4816,642100
4817,642900
4818,642300
4819,644500
4820,644100
4821,642300
4822,642800
4823,643900
4824,692200
4825,650500
4826,655300
4827,757000
4828,646000
4829,652100
4830,659500
4831,643600
4832,646100
4833,644100
4834,643700
4835,646100
4836,647100
4837,645500
4838,641800
4839,645200
4840,641900
4841,643400
4842,870400
4843,650800
4844,649300
4845,646900
4846,650600
4847,775000
4848,908300
4849,731500
4850,628100
4851,655500
4852,630500
4853,623700
4854,609500
4855,603400
4856,606200
4857,607300
4858,604100
4859,606900
4860,602100
4861,612900
4862,602800
4863,604000
4864,603100
4865,601600
4866,602300
4867,605300
4868,603500
4869,601300
4870,602800
4871,603400
4872,812800
4873,881800
4874,819400
4875,787600
4876,775300
4877,680800
4878,660300
4879,664000
4880,655100
4881,658700
4882,646100
4883,647700
4884,645800
4885,644400
4886,646300
4887,649000
4888,644000
4889,646500
4890,654700
4891,655200
4892,644900
4893,645900
4894,716800
4895,1029100
4896,888800
4897,636300
4898,626800
4899,624400
4900,614200
4901,611000
4902,656200
4903,622100
4904,614700
4905,615600
4906,607800
4907,611800
4908,606800
4909,608900
4910,606400
4911,608100
4912,608200
4913,608300
4914,609700
4915,614400
4916,615700
4917,612700
4918,982200
4919,878000
4920,707800
4921,623900
4922,640500
4923,630200
4924,710100
4925,837600
4926,736200
4927,649500
4928,646100
4929,642900
4930,641500
4931,650800
4932,650800
4933,651000
4934,654100
4935,648000
4936,703000
4937,675200
4938,663500
4939,653600
4940,778200
4941,747300
4942,5519500
4943,657800
4944,614700
4945,621900
4946,610700
4947,610400
4948,612000
4949,610500
4950,609100
4951,603600
4952,605100
4953,600500
4954,602200
4955,602600
4956,605100
4957,604400
4958,719600
4959,856300
4960,728000
4961,621200
4962,617600
4963,613200
4964,611200
4965,603500
4966,602200
4967,606900
4968,605900
4969,606700
4970,610900
4971,602100
4972,608100
4973,601000
4974,605400
4975,602400
4976,604200
4977,603000
4978,600900
4979,602300
4980,601600
4981,602600
4982,622500
4983,934700
4984,795800
4985,761100
4986,649200
4987,1130600
4988,650300
4989,629600
4990,623400
4991,639000
4992,620500
4993,620900
4994,606000
4995,636800
4996,750800
4997,631400
4998,634900
4999,624000
5000,624800
5001,623500
5002,639100
5003,621900
5004,661700
5005,633300
5006,651100
5007,850800
5008,759400
5009,738400
5010,720500
5011,637100
5012,634800
5013,619100
5014,623700
5015,623600
5016,612600
5017,617000
5018,612600
5019,611300
5020,616100
5021,611500
5022,622000
5023,628200
5024,613700
5025,615500
5026,610000
5027,611400
5028,632800
5029,608700
5030,637700
5031,640400
5032,834600
5033,712100
5034,673000
5035,690400
5036,701200
5037,662700
5038,652800
5039,651800
5040,669300
5041,651600
5042,648800
5043,650800
5044,649500
5045,653300
5046,650100
5047,646500
5048,648800
5049,647400
5050,654800
5051,674600
5052,646400
5053,667300
5054,644600
5055,677400
5056,657600
5057,660600
5058,646900
5059,672600
5060,672000
5061,664500
5062,652400
5063,1024500
5064,656100
5065,646700
5066,659500
5067,651700
5068,643900
5069,643000
5070,643700
5071,646300
5072,649800
5073,735300
5074,643800
5075,643600
5076,689700
5077,672400
5078,5304300
5079,658100
5080,653700
5081,652500
5082,652800
5083,659300
5084,659300
5085,643500
5086,646000
5087,647900
5088,659200
5089,661900
5090,646700
5091,648500
5092,651300
5093,728100
5094,821000
5095,680500
5096,672200
5097,653400
5098,652800
5099,652000
5100,651400
5101,666500
5102,649500
5103,647500
5104,662900
5105,647000
5106,649900
5107,652200
5108,648300
5109,648700
5110,642700
5111,649800
5112,646200
5113,643200
5114,645300
5115,646700
5116,780700
5117,810400
5118,791200
5119,803400
5120,792000
5121,782000
5122,789000
5123,811400
5124,837500
5125,850900
5126,671300
5127,668900
5128,662000
5129,1038600
5130,688000
5131,652900
5132,699100
5133,656000
5134,648400
5135,648100
5136,708600
5137,894400
5138,913300
5139,730400
5140,850600
5141,695000
5142,679600
5143,756200
5144,658900
5145,689800
5146,665200
5147,662500
5148,661500
5149,651000
5150,650000
5151,683300
5152,686100
5153,657900
5154,649600
5155,647900
5156,659800
5157,661700
5158,730200
5159,1032700
5160,980700
5161,664800
5162,633600
5163,619600
5164,623900
5165,624400
5166,619700
5167,631500
5168,619700
5169,620700
5170,616300
5171,611400
5172,609800
5173,604300
5174,625900
5175,616800
5176,619600
5177,610700
5178,605600
5179,603100
5180,606100
5181,606700
5182,794400
5183,854500
5184,639400
5185,621900
5186,625100
5187,611700
5188,612700
5189,608500
5190,612100
5191,621300
5192,608300
5193,606900
5194,603100
5195,603200
5196,608900
5197,605100
5198,616300
5199,604300
5200,606100
5201,606700
5202,606100
5203,1007000
5204,612200
5205,611200
5206,666600
5207,661500
5208,787200
5209,807700
5210,769200
5211,660400
5212,636500
5213,633500
5214,637500
5215,636500
5216,615600
5217,727800
5218,627900
5219,617000
5220,639000
5221,630200
5222,626500
5223,624200
5224,624600
5225,637000
5226,620500
5227,618100
5228,626900
5229,618900
5230,693800
5231,667500
5232,797700
5233,724600
5234,722100
5235,684700
5236,615800
5237,661100
5238,621400
5239,621200
5240,613300
5241,610900
5242,607700
5243,617200
5244,609900
5245,600600
5246,605000
5247,604200
5248,600900
5249,602400
5250,603400
5251,602200
5252,606300
5253,629600
5254,706800
5255,841500
5256,759900
5257,623000
5258,622400
5259,613700
5260,609700
5261,601200
5262,603700
5263,606300
5264,604500
5265,602600
5266,604500
5267,612700
5268,608000
5269,639600
5270,605500
5271,602400
5272,602400
5273,605500
5274,607300
5275,617400
5276,613900
5277,599700
5278,602800
5279,809400
5280,875300
5281,1117000
5282,729100
5283,734600
5284,671900
5285,671100
5286,666600
5287,651100
5288,650300
5289,655300
5290,651100
5291,647100
5292,652100
5293,652400
5294,646400
5295,732700
5296,776900
5297,653000
5298,684700
5299,650700
5300,648700
5301,899500
5302,919200
5303,672100
5304,663700
5305,657500
5306,648900
5307,651600
5308,647000
5309,648900
5310,646900
5311,680900
5312,678000
5313,694100
5314,660400
5315,655300
5316,647700
5317,649800
5318,645600
5319,645800
5320,646400
5321,648100
5322,645600
5323,682700
5324,770500
5325,731100
5326,724100
5327,747600
5328,621000
5329,609900
5330,606400
5331,610000
5332,621900
5333,605700
5334,626400
5335,610500
5336,606000
5337,606400
5338,605100
5339,607600
5340,609200
5341,605000
5342,605600
5343,615100
5344,612800
5345,603300
5346,605400
5347,604900
5348,820300
5349,807500
5350,687300
5351,664800
5352,670100
5353,662400
5354,661500
5355,1039200
5356,679500
5357,659900
5358,711300
5359,659800
5360,658200
5361,654500
5362,649100
5363,647200
5364,646200
5365,645900
5366,642200
5367,645500
5368,643400
5369,643100
5370,644100
5371,774500
5372,694000
5373,783800
5374,633300
5375,615100
5376,608700
5377,608500
5378,607200
5379,613900
5380,607600
5381,604800
5382,613300
5383,608800
5384,604600
5385,610500
5386,603200
5387,603700
5388,604400
5389,632000
5390,611700
5391,602900
5392,603100
5393,603200
5394,602100
5395,600800
5396,839400
5397,1072000
5398,751300
5399,759000
5400,657300
5401,667200
5402,666700
5403,692800
5404,669700
5405,662400
5406,646700
5407,648300
5408,650000
5409,648900
5410,652400
5411,647900
5412,647900
5413,649300
5414,645200
5415,645400
5416,648600
5417,646500
5418,879600
5419,841900
5420,778800
5421,644300
5422,639600
5423,663700
5424,635200
5425,617600
5426,606400
5427,606400
5428,605900
5429,603100
5430,868200
5431,608500
5432,604300
5433,606600
5434,624200
5435,605400
5436,605000
5437,603900
5438,610600
5439,601900
5440,602200
5441,602600
5442,749100
5443,839000
5444,710600
5445,615500
5446,613100
5447,623500
5448,621500
5449,740400
5450,608900
5451,605800
5452,605500
5453,598600
5454,603200
5455,601000
5456,603600
5457,603200
5458,601600
5459,603200
5460,603200
5461,601000
5462,603900
5463,599200
5464,601700
5465,611300
5466,611400
5467,861700
5468,966500
5469,633700
5470,621500
5471,612400
5472,608700
5473,605900
5474,604600
5475,606800
5476,604200
5477,604300
5478,605100
5479,604200
5480,603800
5481,646900
5482,609000
5483,603900
5484,601100
5485,599400
5486,601900
5487,603300
5488,602200
5489,600700
5490,603900
5491,747000
5492,865900
5493,777200
5494,753000
5495,717400
5496,667400
5497,643100
5498,629500
5499,621700
5500,612600
5501,621200
5502,621600
5503,615200
5504,617800
5505,622700
5506,620300
5507,617000
5508,854800
5509,607300
5510,630900
5511,676400
5512,632300
5513,626300
5514,675700
5515,634800
5516,637200
5517,636800
5518,680800
5519,617500
5520,626600
5521,628400
5522,626500
5523,617700
5524,626000
5525,611300
5526,628000
5527,627900
5528,616800
5529,712600
5530,629700
5531,618900
5532,626000
5533,623900
5534,632700
5535,611200
5536,624900
5537,618000
5538,631800
5539,707600
5540,769100
5541,706200
5542,674700
5543,713800
5544,669700
5545,656300
5546,649700
5547,656200
5548,654500
5549,661300
5550,690300
5551,650900
5552,650900
5553,645300
5554,648600
5555,648900
5556,648600
5557,647400
5558,694800
5559,649100
5560,744400
5561,649500
5562,919000
5563,896100
5564,685100
5565,684100
5566,660400
5567,659700
5568,657400
5569,654000
5570,656300
5571,657700
5572,701900
5573,653700
5574,651700
5575,655500
5576,649700
5577,663200
5578,649600
5579,652800
5580,648000
5581,650500
5582,651400
5583,649800
5584,1206100
5585,750100
5586,711700
5587,665400
5588,654800
5589,654500
5590,645000
5591,649100
5592,648700
5593,647900
5594,649600
5595,652100
5596,648800
5597,645100
5598,645000
5599,720700
5600,644900
5601,676900
5602,655300
5603,650400
5604,738800
5605,651200
5606,646500
5607,687800
5608,779600
5609,758100
5610,730100
5611,652500
5612,619200
5613,619300
5614,621000
5615,621000
5616,626400
5617,625900
5618,609200
5619,610400
5620,608900
5621,605700
5622,605900
5623,604500
5624,602700
5625,607600
5626,604600
5627,609000
5628,605500
5629,604200
5630,605100
5631,750800
5632,795200
5633,764900
5634,721300
5635,626900
5636,620800
5637,623100
5638,616700
5639,615300
5640,604800
5641,602000
5642,606600
5643,603500
5644,604900
5645,602800
5646,600000
5647,616600
5648,643400
5649,605800
5650,639700
5651,607000
5652,604600
5653,604600
5654,600200
5655,612700
5656,834300
5657,982100
5658,754200
5659,1353000
5660,701400
5661,670600
5662,710000
5663,666700
5664,662100
5665,649500
5666,649500
5667,649200
5668,646400
5669,648900
5670,646300
5671,647600
5672,647700
5673,648100
5674,644200
5675,646000
5676,659200
5677,854700
5678,759400
5679,758800
5680,732500
5681,719900
5682,636700
5683,634000
5684,630400
5685,632100
5686,625700
5687,634400
5688,630200
5689,628500
5690,609100
5691,634100
5692,669800
5693,614200
5694,630500
5695,616000
5696,614700
5697,623900
5698,605100
5699,690100
5700,622700
5701,684000
5702,630000
5703,616100
5704,631700
5705,630500
5706,633700
5707,626700
5708,679000
5709,619800
5710,628000
5711,619700
5712,660200
5713,632000
5714,616000
5715,619200
5716,614000
5717,615200
5718,618300
5719,610000
5720,619100
5721,617600
5722,604500
5723,621900
5724,662500
5725,607900
5726,5659900
5727,748400
5728,1141100
5729,630500
5730,619000
5731,616100
5732,622100
5733,619600
5734,608200
5735,609400
5736,604600
5737,608600
5738,612600
5739,607700
5740,605900
5741,605800
5742,823100
5743,1049900
5744,761300
5745,815800
5746,760600
5747,662600
5748,661800
5749,658200
5750,657600
5751,749500
5752,660300
5753,649100
5754,649900
5755,647900
5756,646800
5757,649300
5758,645700
5759,651600
5760,671900
5761,655500
5762,650000
5763,722400
5764,1022800
5765,912600
5766,641700
5767,636100
5768,625100
5769,613900
5770,609100
5771,609800
5772,609200
5773,608400
5774,605900
5775,622600
5776,687100
5777,625100
5778,611000
5779,609400
5780,606400
5781,629300
5782,610000
5783,608400
5784,603900
5785,610400
5786,604900
5787,765400
5788,922800
5789,647200
5790,617100
5791,680300
5792,641500
5793,623000
5794,607700
5795,616600
5796,643000
5797,634500
5798,605100
5799,604600
5800,609100
5801,608700
5802,607600
5803,817600
5804,609800
5805,654700
5806,629200
5807,607700
5808,643700
5809,607900
5810,624400
5811,608400
5812,604600
5813,601200
5814,724600
5815,766000
5816,749400
5817,792700
5818,5204900
5819,609400
5820,610900
5821,623600
5822,701000
5823,607700
5824,612100
5825,609700
5826,603700
5827,606100
5828,603100
5829,864800
5830,1005200
5831,814000
5832,700700
5833,664000
5834,660500
5835,659000
5836,666800
5837,650000
5838,657800
5839,674800
5840,664800
5841,657900
5842,647500
5843,672200
5844,662700
5845,673500
5846,771400
5847,655500
5848,655300
5849,642300
5850,640400
5851,636200
5852,639300
5853,636600
5854,760700
5855,903900
5856,769400
5857,674300
5858,693800
5859,655700
5860,655900
5861,657600
5862,753700
5863,789300
5864,748700
5865,706200
5866,615500
5867,618900
5868,622500
5869,613100
5870,1025500
5871,613000
5872,618500
5873,717600
5874,858900
5875,753700
5876,629800
5877,618700
5878,606400
5879,610400
5880,614400
5881,608900
5882,605300
5883,610200
5884,601200
5885,624100
5886,604500
5887,623500
5888,601800
5889,616300
5890,603800
5891,621700
5892,606500
5893,607400
5894,610000
5895,604300
5896,601900
5897,604800
5898,990600
5899,760800
5900,753100
5901,749100
5902,766000
5903,761200
5904,764200
5905,752100
5906,814100
5907,759800
5908,615300
5909,636800
5910,623300
5911,608200
5912,608000
5913,607500
5914,604900
5915,605000
5916,602900
5917,606800
5918,602100
5919,604400
5920,736800
5921,844600
5922,722100
5923,627000
5924,619300
5925,613600
5926,621200
5927,605300
5928,609000
5929,635000
5930,606000
5931,603900
5932,618600
5933,606400
5934,602800
5935,602700
5936,603700
5937,611600
5938,617100
5939,604000
5940,604600
5941,601000
5942,604300
5943,601800
5944,602200
5945,817800
5946,1427400
5947,628400
5948,649200
5949,613500
5950,604000
5951,608800
5952,607800
5953,604300
5954,604100
5955,620200
5956,605800
5957,607300
5958,608400
5959,604600
5960,611000
5961,638900
5962,605900
5963,612400
5964,606100
5965,603400
5966,603800
5967,609800
5968,704400
5969,767400
5970,731100
5971,661900
5972,616300
5973,622800
5974,621800
5975,708600
5976,617100
5977,616400
5978,611500
5979,629700
5980,622300
5981,614400
5982,609900
5983,607800
5984,612700
5985,622400
5986,609100
5987,611200
5988,605800
5989,609200
5990,609800
5991,604800
5992,606300
5993,832900
5994,759700
5995,741300
5996,667400
5997,614300
5998,615100
5999,611500
6000,614400
6001,763000
6002,842300
6003,631200
6004,619600
6005,615800
6006,615600
6007,621000
6008,614500
6009,633400
6010,607500
6011,611200
6012,608500
6013,605400
6014,604900
6015,605700
6016,606400
6017,860200
6018,973100
6019,817600
6020,788300
6021,759200
6022,904900
6023,659000
6024,667900
6025,665300
6026,656300
6027,665000
6028,663800
6029,652500
6030,650700
6031,650700
6032,653000
6033,652700
6034,648000
6035,650900
6036,657900
6037,648000
6038,812200
6039,1022500
6040,876700
6041,634400
6042,670500
6043,634200
6044,631300
6045,614000
6046,635800
6047,617100
6048,615800
6049,613900
6050,614600
6051,614200
6052,728300
6053,613900
6054,615000
6055,614600
6056,615200
6057,610700
6058,606300
6059,610600
6060,610200
6061,607400
6062,728000
6063,848300
6064,715400
6065,625200
6066,620400
6067,612700
6068,647200
6069,623600
6070,631600
6071,616400
6072,646100
6073,619900
6074,608300
6075,612400
6076,622800
6077,653200
6078,620400
6079,613000
6080,604700
6081,603300
6082,605200
6083,606900
6084,605900
6085,602200
6086,652400
6087,779200
6088,732300
6089,625700
6090,626500
6091,623300
6092,622100
6093,641000
6094,621300
6095,625600
6096,621600
6097,608500
6098,613900
6099,1121200
6100,619800
6101,610500
6102,617400
6103,611500
6104,624000
6105,615000
6106,609500
6107,610200
6108,610500
6109,609800
6110,750000
6111,791600
6112,797000
6113,664200
6114,625800
6115,649900
6116,641100
6117,642900
6118,622900
6119,621800
6120,619100
6121,628500
6122,626200
6123,619900
6124,616500
6125,618100
6126,608700
6127,606100
6128,617900
6129,640800
6130,602800
6131,720400
6132,616700
6133,620200
6134,745500
6135,1018100
6136,832100
6137,637600
6138,630600
6139,635600
6140,613500
6141,613200
6142,616200
6143,611100
6144,614400
6145,611700
6146,611600
6147,647600
6148,613500
6149,610700
6150,613000
6151,605000
6152,605400
6153,620400
6154,608700
6155,611700
6156,611400
6157,646300
6158,606700
6159,811800
6160,898100
6161,736000
6162,692600
6163,682300
6164,672800
6165,668900
6166,665500
6167,663400
6168,662100
6169,656600
6170,666200
6171,650600
6172,702300
6173,652100
6174,1148100
6175,663100
6176,651200
6177,662600
6178,651000
6179,654600
6180,650300
6181,728900
6182,668300
6183,740500
6184,682000
6185,657400
6186,652500
6187,661400
6188,659500
6189,854900
6190,653400
6191,664500
6192,668400
6193,649500
6194,647600
6195,650100
6196,648800
6197,655700
6198,645100
6199,645300
6200,658200
6201,648700
6202,649400
6203,646100
6204,732100
6205,664600
6206,686800
6207,769100
6208,654000
6209,650600
6210,652400
6211,651800
6212,672200
6213,659600
6214,653300
6215,653000
6216,649600
6217,651600
6218,647900
6219,649600
6220,646100
6221,647500
6222,657800
6223,647900
6224,647100
6225,647900
6226,645000
6227,689600
6228,893800
6229,749300
6230,731600
6231,699100
6232,621600
6233,622100
6234,627700
6235,692600
6236,628600
6237,630000
6238,617500
6239,622000
6240,610100
6241,609400
6242,613000
6243,610100
6244,607900
6245,611700
6246,626300
6247,613000
6248,612000
6249,1105100
6250,621400
6251,725400
6252,832200
6253,654200
6254,657600
6255,629600
6256,613800
6257,611100
6258,609300
6259,612200
6260,616300
6261,611200
6262,614200
6263,609400
6264,607900
6265,608700
6266,607200
6267,604800
6268,610100
6269,608600
6270,604500
6271,604600
6272,604600
6273,602000
6274,603000
6275,703100
6276,612200
6277,10443100
6278,1010200
6279,687600
6280,692700
6281,696500
6282,673300
6283,820900
6284,639100
6285,686500
6286,667200
6287,677600
6288,664300
6289,662500
6290,661700
6291,663500
6292,656800
6293,652900
6294,653300
6295,652500
6296,650700
6297,654300
6298,668000
6299,654100
6300,654400
6301,654500
6302,660800
6303,657700
6304,687200
6305,659400
6306,664800
6307,713200
6308,654600
6309,775900
6310,1992100
6311,973400
6312,929200
6313,939700
6314,902100
6315,694300
6316,671600
6317,656000
6318,657100
6319,653100
6320,659800
6321,659500
6322,740600
6323,655300
6324,750800
6325,674400
6326,699400
6327,668800
6328,691100
6329,660000
6330,655000
6331,654600
6332,656700
6333,656700
6334,654200
6335,657500
6336,653000
6337,655900
6338,651300
6339,673800
6340,651800
6341,652200
6342,646200
6343,657100
6344,645600
6345,643500
6346,659100
6347,645300
6348,649100
6349,647200
6350,1042000
6351,831700
6352,687200
6353,666500
6354,675200
6355,652500
6356,652400
6357,656000
6358,651300
6359,651000
6360,650900
6361,649600
6362,652500
6363,647000
6364,651400
6365,645600
6366,645600
6367,647700
6368,651000
6369,665900
6370,652000
6371,646500
6372,646300
6373,740800
6374,769200
6375,677000
6376,685400
6377,755000
6378,763400
6379,620000
6380,1180600
6381,634800
6382,624400
6383,620200
6384,621000
6385,628700
6386,616000
6387,606200
6388,605800
6389,603900
6390,647400
6391,606100
6392,603800
6393,629600
6394,607000
6395,607300
6396,833800
6397,1031900
6398,779700
6399,718400
6400,664200
6401,664000
6402,665900
6403,670100
6404,664400
6405,681200
6406,658500
6407,651800
6408,655500
6409,652900
6410,656700
6411,647800
6412,657400
6413,658600
6414,660700
6415,647000
6416,657600
6417,655900
6418,719200
6419,889800
6420,773000
6421,668200
6422,670700
6423,655500
6424,651500
6425,741000
6426,651500
6427,693000
6428,651400
6429,644100
6430,650100
6431,657400
6432,651800
6433,649500
6434,654800
6435,648000
6436,683300
6437,659000
6438,656400
6439,647400
6440,647100
6441,646600
6442,808100
6443,866000
6444,689300
6445,735800
6446,671200
6447,665200
6448,653400
6449,647600
6450,649400
6451,655300
6452,665600
6453,645000
6454,862100
6455,640400
6456,652300
6457,645800
6458,665100
6459,640300
6460,636700
6461,636500
6462,643300
6463,635900
6464,633000
6465,864300
6466,1027700
6467,758500
6468,734800
6469,695400
6470,611600
6471,621200
6472,609000
6473,604300
6474,600100
6475,590600
6476,590800
6477,601600
6478,622000
6479,592500
6480,630200
6481,591000
6482,594100
6483,594400
6484,591600
6485,590800
6486,589300
6487,593100
6488,589100
6489,770800
6490,858600
6491,824000
6492,665800
6493,655300
6494,649100
6495,644300
6496,646900
6497,647200
6498,638400
6499,657600
6500,659600
6501,742800
6502,653100
6503,648700
6504,653000
6505,650500
6506,645000
6507,639900
6508,640900
6509,639200
6510,656500
6511,640100
6512,827100
6513,1000300
6514,765500
6515,743300
6516,707500
6517,621100
6518,614200
6519,611500
6520,603600
6521,605200
6522,623600
6523,624300
6524,610000
6525,604600
6526,605900
6527,596400
6528,598800
6529,839700
6530,599100
6531,612600
6532,598900
6533,592600
6534,596400
6535,676700
6536,612400
6537,822600
6538,732200
6539,617400
6540,609700
6541,605700
6542,600500
6543,595600
6544,596500
6545,591100
6546,594200
6547,621700
6548,599200
6549,592700
6550,592800
6551,590200
6552,591000
6553,592100
6554,590700
6555,592000
6556,592400
6557,590200
6558,589400
6559,591400
6560,593500
6561,831800
6562,980900
6563,799200
6564,702000
6565,658800
6566,680700
6567,664600
6568,653100
6569,656200
6570,646500
6571,637100
6572,646100
6573,635800
6574,635300
6575,634900
6576,631700
6577,638400
6578,635900
6579,741400
6580,645300
6581,636200
6582,636400
6583,688800
6584,763100
6585,737500
6586,715600
6587,626200
6588,626500
6589,619700
6590,623000
6591,650900
6592,617800
6593,619400
6594,615800
6595,596400
6596,617000
6597,602600
6598,594200
6599,615200
6600,604400
6601,607800
6602,612200
6603,614700
6604,603300
6605,598300
6606,608200
6607,828200
6608,769800
6609,975700
6610,809300
6611,906100
6612,698600
6613,735100
6614,660900
6615,666000
6616,654200
6617,651400
6618,651800
6619,639100
6620,642600
6621,642100
6622,735000
6623,643100
6624,652900
6625,652400
6626,647700
6627,640900
6628,635700
6629,635500
6630,670700
6631,646800
6632,650000
6633,641000
6634,636700
6635,641000
6636,637200
6637,637300
6638,645800
6639,640300
6640,646500
6641,645300
6642,638400
6643,639100
6644,635800
6645,634700
6646,651000
6647,640800
6648,635800
6649,636100
6650,634600
6651,644300
6652,631900
6653,634900
6654,763400
6655,756800
6656,830500
6657,625500
6658,621400
6659,634800
6660,606700
6661,606500
6662,620800
6663,607600
6664,612400
6665,605600
6666,606100
6667,606400
6668,608600
6669,600700
6670,615200
6671,622500
6672,611400
6673,628400
6674,634000
6675,595700
6676,613400
6677,745300
6678,738900
6679,740400
6680,740900
6681,742800
6682,1081600
6683,746000
6684,823500
6685,5500300
6686,644000
6687,628800
6688,621600
6689,601800
6690,606200
6691,620000
6692,617000
6693,627300
6694,744200
6695,632700
6696,618700
6697,612700
6698,615800
6699,616500
6700,629500
6701,597600
6702,598800
6703,627400
6704,596600
6705,601700
6706,595000
6707,593800
6708,596500
6709,592300
6710,597300
6711,600600
6712,596800
6713,592900
6714,631200
6715,597800
6716,595200
6717,595800
6718,609400
6719,607900
6720,5600300
6721,774000
6722,628100
6723,616400
6724,609000
6725,604000
6726,638700
6727,613100
6728,604300
6729,603600
6730,596600
6731,596200
6732,594600
6733,602200
6734,590900
6735,594500
6736,762000
6737,840300
6738,685800
6739,607600
6740,620800
6741,599900
6742,598000
6743,594800
6744,594500
6745,595200
6746,1267800
6747,601200
6748,596600
6749,595300
6750,601600
6751,598600
6752,597500
6753,596600
6754,599000
6755,597200
6756,589800
6757,622100
6758,607400
6759,605300
6760,838300
6761,753900
6762,789500
6763,834300
6764,719300
6765,653100
6766,653900
6767,653900
6768,669000
6769,657700
6770,642700
6771,637800
6772,637900
6773,646300
6774,639700
6775,636000
6776,635800
6777,650900
6778,635200
6779,644600
6780,631300
6781,645100
6782,635700
6783,673900
6784,686100
6785,767600
6786,638000
6787,620200
6788,609400
6789,619600
6790,613100
6791,593800
6792,594000
6793,591700
6794,590800
6795,593300
6796,592900
6797,593100
6798,591500
6799,590300
6800,591700
6801,681300
6802,597100
6803,599100
6804,596200
6805,594400
6806,590800
6807,590400
6808,699000
6809,824800
6810,744900
6811,609500
6812,606800
6813,611600
6814,603600
6815,610400
6816,611200
6817,629100
6818,602000
6819,600700
6820,638000
6821,645900
6822,696000
6823,1283700
6824,597900
6825,589800
6826,633500
6827,690700
6828,697800
6829,697100
6830,605700
6831,753300
6832,860000
6833,732200
6834,621600
6835,610900
6836,610300
6837,636300
6838,645600
6839,717300
6840,597900
6841,600200
6842,593700
6843,592700
6844,590700
6845,592000
6846,599900
6847,591300
6848,589700
6849,592600
6850,591200
6851,591700
6852,590300
6853,591300
6854,602500
6855,588700
6856,789800
6857,5126200
6858,650100
6859,614400
6860,629600
6861,618300
6862,607000
6863,600300
6864,592800
6865,593400
6866,606500
6867,598500
6868,591000
6869,591500
6870,590700
6871,589900
6872,589200
6873,591300
6874,758300
6875,763300
6876,640200
6877,620700
6878,611900
6879,607500
6880,601200
6881,602800
6882,600300
6883,601000
6884,604400
6885,592800
6886,602700
6887,600000
6888,667900
6889,772700
6890,609400
6891,602500
6892,606900
6893,607700
6894,613200
6895,1415700
6896,642900
6897,733800
6898,694600
6899,870400
6900,5755100
6901,770400
6902,836800
6903,629300
6904,618500
6905,614500
6906,611400
6907,613300
6908,603400
6909,609800
6910,600900
6911,614700
6912,605700
6913,812500
6914,1057700
6915,809300
6916,696200
6917,665900
6918,669900
6919,662500
6920,657700
6921,646700
6922,650000
6923,643200
6924,642500
6925,649800
6926,646800
6927,646400
6928,638700
6929,638600
6930,637300
6931,641800
6932,646100
6933,642100
6934,644100
6935,716000
6936,1024900
6937,988800
6938,642600
6939,611400
6940,713800
6941,600400
6942,599400
6943,600200
6944,595800
6945,595100
6946,593300
6947,596900
6948,594200
6949,592800
6950,591400
6951,595300
6952,591900
6953,596300
6954,592500
6955,605100
6956,597200
6957,596200
6958,591400
6959,589900
6960,825000
6961,1324300
6962,611100
6963,621300
6964,598700
6965,592200
6966,630100
6967,594200
6968,611900
6969,592700
6970,589800
6971,590400
6972,599400
6973,599300
6974,591300
6975,598300
6976,587000
6977,591200
6978,591900
6979,610500
6980,587800
6981,588800
6982,627300
6983,593300
6984,751200
6985,831400
6986,695600
6987,613400
6988,608800
6989,630600
6990,603300
6991,615300
6992,591600
6993,597200
6994,590700
6995,611100
6996,603700
6997,593100
6998,591400
6999,592400
7000,588700
7001,608000
7002,596600
7003,591700
7004,605700
7005,587800
7006,594400
7007,592000
7008,589100
7009,715500
7010,740500
7011,709100
7012,616200
7013,604500
7014,606000
7015,614100
7016,612100
7017,599100
7018,616700
7019,594800
7020,595900
7021,603000
7022,690400
7023,600200
7024,598100
7025,594200
7026,599600
7027,594400
7028,618100
7029,592500
7030,592400
7031,597300
7032,595300
7033,592000
7034,657600
7035,742100
7036,727800
7037,699700
7038,602900
7039,609200
7040,597200
7041,957900
7042,605700
7043,595300
7044,591900
7045,592500
7046,608000
7047,590500
7048,591700
7049,591600
7050,593800
7051,612800
7052,592500
7053,595500
7054,594000
7055,592300
7056,590700
7057,595400
7058,596400
7059,707400
7060,856600
7061,755600
7062,727200
7063,723000
7064,636500
7065,604500
7066,601800
7067,609300
7068,613000
7069,600000
7070,598300
7071,595200
7072,593100
7073,595000
7074,594700
7075,612700
7076,592700
7077,593000
7078,590700
7079,593900
7080,591200
7081,597900
7082,591800
7083,592000
7084,593200
7085,639400
7086,757100
7087,646800
7088,613600
7089,607800
7090,607100
7091,601700
7092,603600
7093,598800
7094,594200
7095,601100
7096,599000
7097,598100
7098,603400
7099,611000
7100,601100
7101,601500
7102,599100
7103,604200
7104,596100
7105,686900
7106,598500
7107,594800
7108,592300
7109,591900
7110,619200
7111,596800
7112,595100
7113,720900
7114,617000
7115,691000
7116,681200
7117,604800
7118,600500
7119,602700
7120,591800
7121,796700
7122,598300
7123,608000
7124,632900
7125,635000
7126,638300
7127,599500
7128,589000
7129,591400
7130,605700
7131,592600
7132,592500
7133,599100
7134,592700
7135,770700
7136,819900
7137,700200
7138,625300
7139,621700
7140,614300
7141,609200
7142,596700
7143,591500
7144,592700
7145,590500
7146,591500
7147,600000
7148,593200
7149,597200
7150,600300
7151,593200
7152,591400
7153,588800
7154,588600
7155,590400
7156,592000
7157,591100
7158,587600
7159,590700
7160,732000
7161,811900
7162,608400
7163,595600
7164,594000
7165,650300
7166,594000
7167,601200
7168,589200
7169,594400
7170,588200
7171,591400
7172,618900
7173,592000
7174,592000
7175,592900
7176,592300
7177,590900
7178,591500
7179,620600
7180,592200
7181,589800
7182,601300
7183,591500
7184,588900
7185,594300
7186,862400
7187,935400
7188,886500
7189,773700
7190,664600
7191,655000
7192,650500
7193,649200
7194,644700
7195,652500
7196,636200
7197,643500
7198,635400
7199,635400
7200,854800
7201,637100
7202,637800
7203,638400
7204,654000
7205,634200
7206,635300
7207,639600
7208,679900
7209,642300
7210,646500
7211,646200
7212,657800
7213,652600
7214,654000
7215,646900
7216,721900
7217,635600
7218,639000
7219,663000
7220,635000
7221,629300
7222,635500
7223,633200
7224,631900
7225,633100
7226,635600
7227,640200
7228,634900
7229,632700
7230,672600
7231,634800
7232,671000
7233,631300
7234,635500
7235,5340600
7236,649400
7237,638500
7238,667200
7239,708700
7240,646700
7241,640200
7242,635500
7243,657500
7244,636100
7245,662500
7246,633900
7247,672500
7248,637000
7249,686200
7250,762700
7251,671900
7252,648600
7253,647600
7254,639100
7255,648100
7256,638400
7257,651800
7258,732200
7259,637700
7260,639600
7261,638000
7262,641500
7263,637300
7264,640700
7265,632800
7266,632400
7267,632400
7268,649700
7269,631900
7270,839400
7271,647100
7272,718500
7273,656700
7274,654500
7275,635800
7276,664700
7277,645800
7278,646900
7279,641200
7280,637000
7281,639200
7282,634200
7283,629900
7284,637500
7285,638300
7286,633600
7287,632200
7288,637300
7289,644100
7290,633200
7291,634500
7292,640600
7293,646500
7294,634700
7295,644900
7296,632500
7297,662600
7298,679800
7299,669300
7300,644000
7301,638300
7302,639300
7303,641700
7304,646800
7305,633600
7306,632900
7307,631900
7308,633900
7309,630900
7310,634300
7311,630900
7312,633200
7313,638100
7314,630800
7315,631900
7316,638700
7317,634500
7318,633100
7319,635300
7320,640800
7321,772400
7322,954000
7323,990100
7324,777300
7325,764400
7326,735500
7327,690700
7328,608900
7329,611900
7330,607600
7331,610800
7332,608600
7333,604500
7334,602200
7335,598100
7336,686700
7337,600700
7338,598900
7339,599200
7340,598000
7341,596100
7342,602000
7343,605700
7344,603700
7345,637600
7346,836800
7347,604500
7348,718800
7349,754000
7350,721700
7351,635800
7352,606500
7353,605000
7354,603300
7355,602000
7356,598900
7357,601500
7358,608300
7359,589900
7360,592500
7361,592300
7362,597400
7363,591500
7364,596200
7365,594700
7366,587600
7367,592200
7368,593900
7369,665900
7370,616100
7371,625200
7372,597700
7373,606500
7374,592500
7375,596300
7376,695800
7377,592100
7378,604400
7379,589900
7380,590000
7381,587700
7382,592000
7383,590200
7384,591300
7385,589100
7386,592800
7387,589600
7388,592500
7389,588600
7390,591800
7391,597500
7392,594600
7393,589500
7394,590700
7395,721000
7396,831600
7397,738100
7398,617500
7399,594600
7400,592900
7401,592100
7402,599200
7403,587300
7404,624900
7405,594500
7406,589300
7407,590100
7408,599300
7409,592500
7410,590100
7411,589100
7412,593300
7413,591700
7414,593500
7415,591600
7416,591200
7417,591400
7418,675400
7419,591700
7420,707200
7421,833500
7422,621900
7423,615300
7424,613400
7425,605400
7426,623800
7427,832000
7428,614200
7429,603700
7430,592300
7431,600600
7432,596600
7433,591600
7434,593500
7435,592600
7436,591900
7437,606200
7438,593000
7439,589600
7440,595000
7441,588400
7442,590800
7443,593300
7444,590800
7445,589600
7446,776400
7447,832900
7448,685700
7449,600800
7450,612800
7451,594600
7452,593500
7453,593200
7454,591900
7455,598100
7456,593200
7457,592000
7458,591900
7459,588600
7460,592400
7461,590300
7462,591700
7463,629600
7464,595500
7465,590700
7466,587000
7467,590100
7468,590600
7469,590000
7470,605000
7471,685400
7472,826400
7473,613300
7474,597800
7475,598600
7476,593900
7477,593200
7478,590700
7479,590300
7480,596900
7481,596100
7482,616200
7483,594900
7484,603500
7485,601800
7486,589400
7487,590200
7488,631100
7489,597800
7490,590100
7491,594300
7492,591200
7493,589500
7494,588500
7495,608600
7496,589000
7497,621500
7498,587100
7499,588400
7500,599800
7501,701300
7502,607000
7503,614300
7504,586300
7505,587500
7506,592700
7507,588000
7508,585700
7509,805400
7510,593800
7511,592000
7512,590500
7513,595000
7514,587500
7515,590600
7516,589200
7517,591300
7518,588200
7519,592600
7520,609000
7521,589100
7522,716600
7523,742000
7524,727400
7525,717100
7526,609700
7527,614100
7528,606000
7529,611100
7530,607900
7531,628000
7532,602700
7533,598000
7534,599000
7535,608300
7536,593200
7537,596700
7538,600400
7539,597300
7540,594600
7541,590800
7542,597400
7543,595200
7544,613800
7545,592900
7546,592700
7547,716700
7548,751100
7549,771000
7550,629400
7551,613000
7552,596300
7553,591900
7554,601000
7555,592300
7556,589100
7557,590200
7558,588700
7559,589500
7560,592100
7561,590200
7562,589900
7563,589800
7564,589700
7565,588600
7566,587700
7567,588600
7568,603600
7569,591100
7570,591100
7571,598900
7572,590300
7573,861500
7574,5454100
7575,619200
7576,694900
7577,600400
7578,605100
7579,602600
7580,597800
7581,596100
7582,1014600
7583,608800
7584,611400
7585,600200
7586,599500
7587,597000
7588,596700
7589,698600
7590,779600
7591,743600
7592,748700
7593,761600
7594,761200
7595,748000
7596,743200
7597,742800
7598,801700
7599,747000
7600,603600
7601,600600
7602,599400
7603,596800
7604,599100
7605,599500
7606,606800
7607,595100
7608,601400
7609,594400
7610,604700
7611,598900
7612,593500
7613,858700
7614,916200
7615,745900
7616,717000
7617,707500
7618,634400
7619,594800
7620,595800
7621,592600
7622,594000
7623,600700
7624,594200
7625,595000
7626,597600
7627,592500
7628,591900
7629,595000
7630,598900
7631,590100
7632,591700
7633,591600
7634,591200
7635,589300
7636,589600
7637,647700
7638,681000
7639,764200
7640,834500
7641,804100
7642,695400
7643,658800
7644,654700
7645,663000
7646,682700
7647,670500
7648,653500
7649,646600
7650,635200
7651,637700
7652,664600
7653,737800
7654,641100
7655,678200
7656,637400
7657,636200
7658,943700
7659,637100
7660,670800
7661,792600
7662,645800
7663,639600
7664,635600
7665,640900
7666,635400
7667,640800
7668,639500
7669,643300
7670,649300
7671,645500
7672,638200
7673,721900
7674,710100
7675,655900
7676,648000
7677,644000
7678,644400
7679,656200
7680,638500
7681,631100
7682,640300
7683,780500
7684,746800
7685,852000
7686,667700
7687,664200
7688,647800
7689,646800
7690,647000
7691,660200
7692,650200
7693,640400
7694,646300
7695,634900
7696,635400
7697,646700
7698,635500
7699,685800
7700,637300
7701,635000
7702,639900
7703,634800
7704,633100
7705,635500
7706,643000
7707,674000
7708,770400
7709,748800
7710,721800
7711,713200
7712,676500
7713,612700
7714,612400
7715,631400
7716,636700
7717,605400
7718,604400
7719,653800
7720,622200
7721,597600
7722,595100
7723,595400
7724,593900
7725,592900
7726,595100
7727,598700
7728,594000
7729,592200
7730,598200
7731,588700
7732,731100
7733,595200
7734,961800
7735,623600
7736,613700
7737,603000
7738,602600
7739,606000
7740,592200
7741,591700
7742,594100
7743,594200
7744,607700
7745,611500
7746,592800
7747,593200
7748,599100
7749,597300
7750,591500
7751,590700
7752,593700
7753,588400
7754,591700
7755,588600
7756,590200
7757,670500
7758,764200
7759,724100
7760,716600
7761,626700
7762,621300
7763,653000
7764,623900
7765,620300
7766,594800
7767,614200
7768,613100
7769,614900
7770,632200
7771,608500
7772,609200
7773,599700
7774,607400
7775,596600
7776,604100
7777,609000
7778,604900
7779,598500
7780,614900
7781,607000
7782,627800
7783,9991000
7784,631300
7785,630400
7786,610900
7787,596400
7788,597600
7789,598600
7790,591200
7791,592700
7792,735400
7793,613500
7794,613300
7795,596000
7796,599400
7797,601500
7798,693100
7799,864500
7800,596500
7801,615500
7802,596100
7803,593900
7804,592200
7805,590900
7806,592900
7807,643700
7808,591600
7809,590700
7810,589700
7811,590700
7812,594000
7813,591700
7814,597200
7815,592100
7816,589500
7817,714600
7818,5390800
7819,752200
7820,774400
7821,708900
7822,618200
7823,616000
7824,609800
7825,609100
7826,632100
7827,613600
7828,615300
7829,593500
7830,663100
7831,601100
7832,609300
7833,607600
7834,659800
7835,615300
7836,634900
7837,623500
7838,635100
7839,614000
7840,621400
7841,598700
7842,619500
7843,613800
7844,607800
7845,593900
7846,610300
7847,604200
7848,608000
7849,601500
7850,607900
7851,605900
7852,615000
7853,598600
7854,611800
7855,603600
7856,603300
7857,603300
7858,594100
7859,752100
7860,840000
7861,939000
7862,675500
7863,669500
7864,655600
7865,675100
7866,643900
7867,635200
7868,707200
7869,620600
7870,975600
7871,601300
7872,627400
7873,618600
7874,605000
7875,610900
7876,605900
7877,594300
7878,597000
7879,589400
7880,590800
7881,602300
7882,688900
7883,770500
7884,683300
7885,611800
7886,618900
7887,609400
7888,638400
7889,617200
7890,622900
7891,605700
7892,604700
7893,598600
7894,601900
7895,597100
7896,596400
7897,600200
7898,599100
7899,602700
7900,596100
7901,596400
7902,596600
7903,592900
7904,594900
7905,606100
7906,597900
7907,634500
7908,630200
7909,817200
7910,753800
7911,763400
7912,654200
7913,650400
7914,646300
7915,644800
7916,648900
7917,647300
7918,700400
7919,649600
7920,643400
7921,700300
7922,651800
7923,647400
7924,659800
7925,652200
7926,643100
7927,651100
7928,651300
7929,690700
7930,659900
7931,814500
7932,670300
7933,647600
7934,650000
7935,664200
7936,700900
7937,651900
7938,680400
7939,651000
7940,645300
7941,639200
7942,653700
7943,651700
7944,663200
7945,757400
7946,758600
7947,1200200
7948,786800
7949,915500
7950,807900
7951,788400
7952,787200
7953,2047600
7954,660900
7955,639800
7956,618800
7957,625400
7958,655600
7959,676200
7960,668700
7961,659700
7962,646500
7963,647800
7964,624600
7965,672800
7966,708100
7967,647600
7968,629200
7969,613800
7970,603700
7971,603100
7972,622000
7973,632900
7974,689500
7975,685000
7976,796000
7977,759600
7978,743600
7979,902900
7980,674900
7981,705000
7982,701400
7983,681400
7984,658900
7985,655000
7986,650800
7987,663900
7988,661200
7989,664600
7990,662400
7991,658700
7992,661700
7993,922000
7994,778300
7995,991000
7996,774500
7997,762100
7998,623900
7999,617700
8000,616900
8001,615800
8002,614400
8003,612400
8004,612400
8005,612800
8006,615600
8007,616300
8008,612400
8009,620600
8010,619600
8011,771900
8012,667900
8013,678500
8014,634700
8015,629100
8016,637300
8017,670700
8018,1143300
8019,668900
8020,776200
8021,660300
8022,637000
8023,648700
8024,703000
8025,648700
8026,800700
8027,812000
8028,670300
8029,768600
8030,666700
8031,631900
8032,660800
8033,625800
8034,642100
8035,653000
8036,703400
8037,671800
8038,678800
8039,665000
8040,674200
8041,705900
8042,670600
8043,661200
8044,866900
8045,790000
8046,846900
8047,1035500
8048,675300
8049,907000
8050,700700
8051,699100
8052,624800
8053,614900
8054,628800
8055,816200
8056,663100
8057,677800
8058,618300
8059,666600
8060,883300
8061,842200
8062,668900
8063,632100
8064,629600
8065,859900
8066,787200
8067,698400
8068,670400
8069,671400
8070,677200
8071,688100
8072,678700
8073,658600
8074,680700
8075,823000
8076,1091700
8077,678500
8078,633400
8079,668300
8080,735300
8081,634600
8082,621900
8083,620500
8084,637800
8085,608100
8086,606200
8087,606800
8088,1090700
8089,628200
8090,621600
8091,616500
8092,793900
8093,737800
8094,622700
8095,815000
8096,791800
8097,754800
8098,648900
8099,630400
8100,625100
8101,642000
8102,637300
8103,638600
8104,697500
8105,633800
8106,744800
8107,762000
8108,869900
8109,658100
8110,635100
8111,629500
8112,951200
8113,892600
8114,937300
8115,833300
8116,1129900
8117,1023500
8118,759000
8119,858400
8120,903700
8121,751100
8122,692800
8123,724600
8124,641400
8125,642000
8126,947900
8127,683400
8128,698200
8129,743200
8130,1151500
8131,730000
8132,763500
8133,876900
8134,1064600
8135,878600
8136,950700
8137,1064500
8138,700500
8139,766200
8140,622300
8141,634300
8142,617600
8143,621400
8144,626600
8145,649000
8146,814700
8147,915800
8148,678800
8149,687700
8150,766400
8151,982800
8152,687100
8153,1050800
8154,666500
8155,658200
8156,660400
8157,646100
8158,641400
8159,755400
8160,649000
8161,641400
8162,641000
8163,647600
8164,642700
8165,635000
8166,661000
8167,675500
8168,641700
8169,658100
8170,649600
8171,689000
8172,636700
8173,634200
8174,640500
8175,644500
8176,681200
8177,664300
8178,645200
8179,645000
8180,643600
8181,645500
8182,648400
8183,639700
8184,637700
8185,658100
8186,643700
8187,656100
8188,636900
8189,633100
8190,630700
8191,822100
8192,900500
8193,709300
8194,658500
8195,659300
8196,638600
8197,640000
8198,642200
8199,637800
8200,634400
8201,639700
8202,655300
8203,635500
8204,635000
8205,635800
8206,631200
8207,632500
8208,642800
8209,640100
8210,634300
8211,631900
8212,635000
8213,633400
8214,698700
8215,755400
8216,749800
8217,732200
8218,685400
8219,619300
8220,606300
8221,631700
8222,619400
8223,626600
8224,616600
8225,604500
8226,601900
8227,601700
8228,603300
8229,1005100
8230,598300
8231,667200
8232,609600
8233,602600
8234,606700
8235,607300
8236,591900
8237,717500
8238,712600
8239,607500
8240,782900
8241,636300
8242,625800
8243,614900
8244,603800
8245,608100
8246,607400
8247,618700
8248,599800
8249,593300
8250,599900
8251,591600
8252,591800
8253,596500
8254,593500
8255,593800
8256,613600
8257,590800
8258,590600
8259,591500
8260,590600
8261,592300
8262,590900
8263,610900
8264,868600
8265,858500
8266,758500
8267,719900
8268,700200
8269,620300
8270,608600
8271,637200
8272,623800
8273,644700
8274,619200
8275,618300
8276,610200
8277,609400
8278,611300
8279,612100
8280,608500
8281,606000
8282,608500
8283,599500
8284,612300
8285,606600
8286,605800
8287,641000
8288,1023800
8289,851200
8290,627400
8291,618700
8292,611600
8293,603200
8294,601100
8295,612200
8296,599900
8297,607100
8298,603600
8299,597800
8300,597400
8301,598600
8302,597300
8303,618100
8304,599900
8305,602900
8306,597800
8307,983800
8308,602900
8309,600900
8310,598100
8311,737900
8312,843700
8313,729100
8314,710400
8315,643800
8316,715300
8317,616000
8318,616100
8319,619300
8320,610700
8321,609900
8322,609200
8323,619800
8324,611700
8325,621100
8326,600000
8327,614600
8328,600600
8329,602100
8330,598500
8331,599300
8332,599000
8333,602800
8334,598800
8335,608600
8336,627000
8337,897300
8338,758100
8339,722100
8340,657400
8341,619600
8342,615800
8343,610800
8344,610800
8345,616500
8346,611900
8347,601200
8348,615800
8349,595600
8350,598400
8351,603600
8352,596800
8353,595700
8354,596800
8355,597200
8356,599800
8357,599300
8358,598300
8359,598100
8360,698800
8361,811700
8362,785400
8363,667600
8364,648500
8365,678400
8366,678000
8367,650800
8368,650500
8369,636000
8370,635500
8371,646400
8372,632600
8373,652500
8374,634000
8375,633600
8376,633600
8377,632800
8378,632800
8379,635100
8380,633700
8381,631700
8382,637700
8383,632400
8384,724100
8385,988500
8386,638700
8387,643900
8388,654400
8389,650400
8390,648100
8391,644900
8392,642800
8393,632800
8394,641200
8395,633800
8396,909200
8397,642800
8398,634200
8399,742700
8400,690300
8401,660900
8402,637900
8403,652300
8404,632600
8405,632800
8406,632500
8407,643100
8408,7028300
8409,938400
8410,788800
8411,667400
8412,646500
8413,642400
8414,663800
8415,644400
8416,649500
8417,647000
8418,639000
8419,643200
8420,635700
8421,636700
8422,689200
8423,803300
8424,798200
8425,643500
8426,615000
8427,610000
8428,604400
8429,598300
8430,593900
8431,598700
8432,596800
8433,612000
8434,590200
8435,591900
8436,591200
8437,595100
8438,598100
8439,593000
8440,592100
8441,593400
8442,591500
8443,591800
8444,588600
8445,598100
8446,620200
8447,6000200
8448,5622500
8449,724800
8450,622100
8451,604000
8452,651900
8453,597100
8454,606300
8455,844700
8456,756000
8457,749100
8458,741400
8459,743700
8460,739400
8461,732400
8462,735800
8463,813400
8464,752200
8465,609200
8466,604300
8467,593900
8468,596300
8469,599900
8470,595000
8471,593400
8472,592900
8473,592100
8474,594200
8475,592200
8476,595800
8477,594000
8478,766600
8479,864700
8480,819600
8481,769700
8482,773800
8483,671700
8484,655200
8485,643300
8486,647700
8487,647200
8488,656000
8489,653000
8490,638600
8491,637600
8492,636300
8493,637500
8494,634200
8495,635600
8496,632500
8497,638800
8498,635700
8499,644800
8500,634900
8501,675000
8502,782300
8503,5747000
8504,986200
8505,624600
8506,601500
8507,608800
8508,611200
8509,990000
8510,632300
8511,610900
8512,607000
8513,606800
8514,594700
8515,592100
8516,725100
8517,1080300
8518,736200
8519,659300
8520,666400
8521,662000
8522,647100
8523,646300
8524,646000
8525,635200
8526,635500
8527,639300
8528,634400
8529,634300
8530,632400
8531,636000
8532,634900
8533,634600
8534,632500
8535,631400
8536,640200
8537,630800
8538,636100
8539,658900
8540,916800
8541,836100
8542,664700
8543,645900
8544,642700
8545,634200
8546,636400
8547,636100
8548,636500
8549,639700
8550,635000
8551,646800
8552,635900
8553,634500
8554,636900
8555,631500
8556,632700
8557,634800
8558,635000
8559,632200
8560,631900
8561,629900
8562,631600
8563,763100
8564,806200
8565,791300
8566,799300
8567,782800
8568,784700
8569,782700
8570,819700
8571,857800
8572,751400
8573,652500
8574,646800
8575,644200
8576,870300
8577,645400
8578,645600
8579,639000
8580,643800
8581,634900
8582,636000
8583,635100
8584,680100
8585,1043800
8586,886000
8587,630900
8588,618900
8589,611100
8590,600200
8591,692200
8592,604800
8593,599600
8594,603600
8595,599600
8596,599800
8597,601200
8598,596400
8599,607600
8600,600200
8601,594300
8602,598300
8603,595700
8604,603600
8605,593900
8606,594700
8607,596200
8608,596700
8609,786100
8610,857900
8611,773000
8612,761600
8613,725500
8614,658200
8615,635400
8616,619100
8617,616500
8618,657600
8619,635300
8620,617500
8621,612900
8622,613700
8623,599900
8624,622900
8625,607400
8626,618100
8627,648400
8628,613000
8629,603600
8630,613200
8631,609700
8632,612100
8633,644700
8634,5424900
8635,826400
8636,788200
8637,788800
8638,668200
8639,668100
8640,646600
8641,657200
8642,658200
8643,651200
8644,649500
8645,941400
8646,652000
8647,660200
8648,698500
8649,650900
8650,879000
8651,5464900
8652,881900
8653,750700
8654,761600
8655,666700
8656,656300
8657,657400
8658,655900
8659,657500
8660,647600
8661,648400
8662,655100
8663,680000
8664,654500
8665,824200
8666,620200
8667,654900
8668,657700
8669,653400
8670,666600
8671,650700
8672,646400
8673,655900
8674,645500
8675,643800
8676,646500
8677,648600
8678,643300
8679,643100
8680,643000
8681,642400
8682,643600
8683,645900
8684,688200
8685,663300
8686,726700
8687,652600
8688,779800
8689,757500
8690,738100
8691,635100
8692,614400
8693,610100
8694,608000
8695,608700
8696,606100
8697,605700
8698,598400
8699,597100
8700,600900
8701,610100
8702,600800
8703,597800
8704,599500
8705,597000
8706,597900
8707,598000
8708,606600
8709,598900
8710,593900
8711,626300
8712,599400
8713,838400
8714,1056700
8715,770000
8716,698400
8717,649400
8718,653600
8719,646400
8720,650300
8721,640200
8722,644800
8723,639900
8724,642400
8725,637800
8726,640200
8727,641000
8728,652800
8729,639600
8730,639200
8731,646300
8732,754200
8733,644700
8734,758400
8735,761800
8736,758800
8737,743500
8738,683300
8739,606400
8740,630700
8741,616600
8742,617300
8743,634500
8744,606200
8745,618000
8746,617800
8747,676900
8748,622700
8749,622900
8750,619700
8751,617800
8752,616500
8753,615500
8754,626900
8755,612600
8756,610500
8757,608100
8758,668000
8759,636600
8760,881600
8761,762200
8762,734600
8763,737900
8764,871800
8765,827100
8766,623600
8767,621600
8768,619500
8769,608500
8770,613400
8771,608100
8772,644400
8773,672300
8774,612700
8775,620700
8776,610300
8777,642100
8778,610900
8779,606700
8780,608400
8781,796800
8782,1040800
8783,630100
8784,621000
8785,617300
8786,607700
8787,606300
8788,920700
8789,607300
8790,608100
8791,604600
8792,607700
8793,610700
8794,604800
8795,604700
8796,612800
8797,606500
8798,624300
8799,615700
8800,609000
8801,610000
8802,617200
8803,607400
8804,611600
8805,813500
8806,992400
8807,769300
8808,867400
8809,699900
8810,620100
8811,609800
8812,621800
8813,615100
8814,619100
8815,607700
8816,620200
8817,614000
8818,613000
8819,604600
8820,602900
8821,641300
8822,608500
8823,621200
8824,611100
8825,617200
8826,609300
8827,605900
8828,673700
8829,763100
8830,649000
8831,619200
8832,629000
8833,625800
8834,617000
8835,616600
8836,623100
8837,791400
8838,786100
8839,625700
8840,620400
8841,619100
8842,627500
8843,621000
8844,618000
8845,629200
8846,616400
8847,616800
8848,616400
8849,661600
8850,717100
8851,729900
8852,777500
8853,611400
8854,651500
8855,615000
8856,635700
8857,616700
8858,621500
8859,609400
8860,626400
8861,629500
8862,625400
8863,614400
8864,622800
8865,970400
8866,729800
8867,628100
8868,614100
8869,616300
8870,616000
8871,621200
8872,630700
8873,621000
8874,619900
8875,614500
8876,667400
8877,758400
8878,726700
8879,717000
8880,720700
8881,607500
8882,609800
8883,611100
8884,609300
8885,609700
8886,607100
8887,704600
8888,608100
8889,600100
8890,606100
8891,599000
8892,599200
8893,604000
8894,608300
8895,594300
8896,597400
8897,599500
8898,599800
8899,598700
8900,602100
8901,645500
8902,613200
8903,606100
8904,608500
8905,613700
8906,611100
8907,610100
8908,608400
8909,600000
8910,601600
8911,599800
8912,605400
8913,602000
8914,597300
8915,603900
8916,594300
8917,603000
8918,603200
8919,594700
8920,597200
8921,596600
8922,601200
8923,598100
8924,596900
8925,598800
8926,606600
8927,665300
8928,819100
8929,779500
8930,668200
8931,662900
8932,708500
8933,668000
8934,659100
8935,660800
8936,653000
8937,651300
8938,663500
8939,648100
8940,653900
8941,654900
8942,649800
8943,646400
8944,901500
8945,653000
8946,663100
8947,676300
8948,656200
8949,682300
8950,680400
8951,656900
8952,660900
8953,656500
8954,652600
8955,650200
8956,649000
8957,650300
8958,649000
8959,749000
8960,642000
8961,662300
8962,677800
8963,652600
8964,675300
8965,647600
8966,772900
8967,645700
8968,645100
8969,646200
8970,648300
8971,643300
8972,647500
8973,796200
8974,767300
8975,656100
8976,656100
8977,703800
8978,660300
8979,648400
8980,652100
8981,655200
8982,662800
8983,661700
8984,652700
8985,646700
8986,648900
8987,647000
8988,650300
8989,647200
8990,657000
8991,650900
8992,669300
8993,652400
8994,659200
8995,647000
8996,782500
8997,893100
8998,729700
8999,661900
9000,651100
9001,653900
9002,648500
9003,646000
9004,732500
9005,655800
9006,644000
9007,690300
9008,646100
9009,638400
9010,641700
9011,642400
9012,641700
9013,645000
9014,642000
9015,640300
9016,637600
9017,634600
9018,642200
9019,1061100
9020,779300
9021,786600
9022,697200
9023,665100
9024,660900
9025,649500
9026,660200
9027,660300
9028,644600
9029,641100
9030,642500
9031,637900
9032,641200
9033,645900
9034,639600
9035,640400
9036,636400
9037,678900
9038,646700
9039,637800
9040,645500
9041,634400
9042,734300
9043,744200
9044,666700
9045,658300
9046,665600
9047,759000
9048,681300
9049,655600
9050,668300
9051,682800
9052,653800
9053,651100
9054,654500
9055,644500
9056,642600
9057,642400
9058,642900
9059,641800
9060,639200
9061,642200
9062,643700
9063,643000
9064,643500
9065,640200
9066,688700
9067,687600
9068,669500
9069,655900
9070,653800
9071,655700
9072,655800
9073,670500
9074,666200
9075,647500
9076,653700
9077,656000
9078,652700
9079,650800
9080,649800
9081,651900
9082,680800
9083,642500
9084,642600
9085,643100
9086,640300
9087,647200
9088,640300
9089,641400
9090,727500
9091,775900
9092,640600
9093,872900
9094,621100
9095,633600
9096,615300
9097,610500
9098,610800
9099,612100
9100,612500
9101,608800
9102,611600
9103,603900
9104,600700
9105,604500
9106,603800
9107,606100
9108,603400
9109,602500
9110,607700
9111,607100
9112,608200
9113,603300
9114,673600
9115,816700
9116,714200
9117,625700
9118,613500
9119,628700
9120,621200
9121,730700
9122,619100
9123,605800
9124,602500
9125,599100
9126,600600
9127,598800
9128,600200
9129,598900
9130,602500
9131,597200
9132,601300
9133,599400
9134,600100
9135,597000
9136,600800
9137,596100
9138,599500
9139,729300
9140,892400
9141,750200
9142,779300
9143,720100
9144,719900
9145,656400
9146,662900
9147,653700
9148,648400
9149,648700
9150,655000
9151,649900
9152,656500
9153,641700
9154,641600
9155,641700
9156,651700
9157,648200
9158,639800
9159,674000
9160,649700
9161,643800
9162,692300
9163,646000
9164,779600
9165,672100
9166,651700
9167,647800
9168,646400
9169,642900
9170,645600
9171,866700
9172,650100
9173,646700
9174,691600
9175,648200
9176,647500
9177,643900
9178,644300
9179,638500
9180,640300
9181,646600
9182,647800
9183,638600
9184,637800
9185,793100
9186,744000
9187,722800
9188,663500
9189,644900
9190,617300
9191,614000
9192,611000
9193,608900
9194,609300
9195,599000
9196,595200
9197,598000
9198,599000
9199,684300
9200,599000
9201,599800
9202,599400
9203,593000
9204,609400
9205,598200
9206,603700
9207,597300
9208,599900
9209,593300
9210,617000
9211,743100
9212,798700
9213,775600
9214,765100
9215,687000
9216,653400
9217,649000
9218,651600
9219,651900
9220,669700
9221,651300
9222,647000
9223,669200
9224,700600
9225,652400
9226,646400
9227,646000
9228,647100
9229,641200
9230,638000
9231,636300
9232,638400
9233,638900
9234,826500
9235,1018100
9236,773400
9237,732000
9238,710500
9239,701500
9240,623600
9241,607800
9242,608200
9243,605700
9244,606600
9245,608600
9246,939000
9247,603000
9248,597700
9249,596700
9250,648400
9251,608400
9252,603600
9253,595600
9254,593400
9255,595200
9256,594700
9257,737800
9258,775800
9259,838000
9260,763900
9261,734800
9262,699200
9263,612200
9264,609700
9265,649400
9266,608300
9267,609700
9268,597600
9269,595400
9270,593300
9271,593100
9272,601400
9273,592400
9274,604600
9275,596400
9276,596600
9277,687300
9278,591800
9279,597700
9280,609200
9281,727100
9282,860700
9283,738400
9284,621300
9285,731200
9286,852400
9287,815600
9288,618900
9289,604500
9290,602200
9291,601400
9292,601500
9293,593000
9294,591500
9295,594700
9296,612700
9297,600700
9298,593500
9299,602400
9300,591100
9301,591000
9302,596300
9303,605600
9304,591600
9305,709000
9306,761700
9307,5920500
9308,695400
9309,608000
9310,612100
9311,602000
9312,597100
9313,596100
9314,595600
9315,598000
9316,973500
9317,605400
9318,613600
9319,617300
9320,627200
9321,820300
9322,1032600
9323,771100
9324,736000
9325,686000
9326,633900
9327,614800
9328,626800
9329,642200
9330,634400
9331,620000
9332,613200
9333,623800
9334,672600
9335,741300
9336,717300
9337,692100
9338,594700
9339,592500
9340,600000
9341,593400
9342,590700
9343,599300
9344,770700
9345,838800
9346,804600
9347,612400
9348,611700
9349,606700
9350,599200
9351,614900
9352,630600
9353,608600
9354,605000
9355,602800
9356,606300
9357,600300
9358,676600
9359,892700
9360,872700
9361,922600
9362,1078300
9363,636600
9364,622900
9365,618400
9366,5105900
9367,706700
9368,716400
9369,679600
9370,681500
9371,693800
9372,674600
9373,659600
9374,679400
9375,651700
9376,657400
9377,661900
9378,653900
9379,645200
9380,645200
9381,649700
9382,1026200
9383,1332000
9384,712800
9385,626700
9386,622500
9387,623400
9388,619800
9389,620700
9390,620900
9391,616300
9392,613000
9393,614500
9394,611100
9395,651300
9396,610800
9397,605100
9398,607600
9399,600900
9400,613400
9401,601600
9402,605200
9403,608300
9404,612700
9405,614200
9406,639800
9407,859000
9408,645800
9409,686000
9410,662700
9411,660600
9412,650400
9413,655200
9414,650900
9415,772300
9416,656500
9417,650200
9418,642700
9419,663500
9420,666900
9421,713600
9422,673900
9423,642300
9424,648100
9425,649000
9426,644500
9427,645500
9428,642900
9429,673300
9430,721700
9431,680200
9432,654400
9433,649100
9434,644000
9435,657300
9436,643900
9437,644000
9438,657100
9439,650600
9440,652700
9441,649100
9442,647700
9443,646500
9444,638900
9445,650900
9446,646000
9447,657400
9448,636800
9449,638900
9450,636700
9451,638500
9452,643200
9453,695000
9454,868300
9455,789100
9456,829900
9457,1361800
9458,803500
9459,802600
9460,806800
9461,874000
9462,915000
9463,898800
9464,875700
9465,946000
9466,935900
9467,851300
9468,663400
9469,653900
9470,645800
9471,703700
9472,656000
9473,655200
9474,647200
9475,638900
9476,637700
9477,638400
9478,634900
9479,636300
9480,636700
9481,634200
9482,636600
9483,635500
9484,641700
9485,634800
9486,644000
9487,636400
9488,645400
9489,729200
9490,640100
9491,658000
9492,654900
9493,640900
9494,644700
9495,696800
9496,648600
9497,668400
9498,644800
9499,650100
9500,644300
9501,644000
9502,5344000
9503,644300
9504,640000
9505,650900
9506,642700
9507,656700
9508,638900
9509,639500
9510,637800
9511,650200
9512,674700
9513,695100
9514,686900
9515,628300
9516,615900
9517,641100
9518,614400
9519,613300
9520,613400
9521,604300
9522,604400
9523,1013800
9524,609000
9525,620700
9526,608700
9527,610200
9528,602400
9529,609900
9530,598600
9531,603200
9532,603100
9533,603000
9534,601200
9535,600000
9536,695500
9537,799800
9538,856100
9539,779300
9540,761100
9541,743100
9542,706900
9543,654700
9544,651200
9545,652400
9546,641400
9547,654500
9548,659900
9549,639400
9550,641700
9551,643900
9552,645100
9553,640400
9554,642200
9555,637600
9556,651700
9557,634300
9558,637500
9559,783000
9560,638000
9561,652100
9562,651300
9563,642600
9564,643300
9565,642500
9566,641600
9567,642500
9568,639800
9569,637400
9570,641400
9571,642200
9572,651100
9573,636300
9574,636400
9575,638000
9576,638000
9577,637600
9578,636400
9579,639900
9580,638600
9581,665900
9582,646900
9583,735700
9584,657100
9585,670400
9586,652600
9587,659300
9588,640200
9589,640700
9590,639800
9591,640800
9592,637500
9593,640200
9594,644000
9595,639600
9596,642300
9597,640800
9598,640600
9599,1142600
9600,651100
9601,651000
9602,657900
9603,645800
9604,636100
9605,636300
9606,731900
9607,750200
9608,756400
9609,653400
9610,613500
9611,602700
9612,614800
9613,619000
9614,601300
9615,602800
9616,616400
9617,595500
9618,596200
9619,596500
9620,594500
9621,595400
9622,591800
9623,593500
9624,600800
9625,597900
9626,592700
9627,591200
9628,592000
9629,594600
9630,593700
9631,719100
9632,607100
9633,787800
9634,654300
9635,669200
9636,650500
9637,649100
9638,747800
9639,649200
9640,655400
9641,644700
9642,642000
9643,644100
9644,641600
9645,645000
9646,636900
9647,642600
9648,639600
9649,646700
9650,642000
9651,638400
9652,643300
9653,636300
9654,645400
9655,707100
9656,641700
9657,654100
9658,646100
9659,634000
9660,641600
9661,644200
9662,639600
9663,646600
9664,655800
9665,632800
9666,631900
9667,637000
9668,631700
9669,641000
9670,632800
9671,635400
9672,638700
9673,633100
9674,631400
9675,635000
9676,971900
9677,640300
9678,637700
9679,790500
9680,654000
9681,649600
9682,653200
9683,638200
9684,648000
9685,638600
9686,646400
9687,635100
9688,634300
9689,636600
9690,635400
9691,714500
9692,636900
9693,635600
9694,638000
9695,644600
9696,634000
9697,639300
9698,635400
9699,639200
9700,636700
9701,633000
9702,637900
9703,675800
9704,730200
9705,734000
9706,619500
9707,612600
9708,602600
9709,620400
9710,602200
9711,605500
9712,606000
9713,635500
9714,718300
9715,699400
9716,667900
9717,748700
9718,596400
9719,596000
9720,590900
9721,593800
9722,594200
9723,594000
9724,592000
9725,594400
9726,589900
9727,593700
9728,783700
9729,838600
9730,694100
9731,621700
9732,638200
9733,607400
9734,605900
9735,605600
9736,593100
9737,591300
9738,595300
9739,593900
9740,592900
9741,589700
9742,594100
9743,591800
9744,591100
9745,591300
9746,590900
9747,592900
9748,590500
9749,595300
9750,590000
9751,590800
9752,591200
9753,737900
9754,846900
9755,1273000
9756,678500
9757,664100
9758,650000
9759,654800
9760,647500
9761,638600
9762,644500
9763,636400
9764,636400
9765,635200
9766,633300
9767,634700
9768,633300
9769,634100
9770,633900
9771,633900
9772,638300
9773,648500
9774,634900
9775,635500
9776,858900
9777,1005900
9778,639900
9779,647800
9780,645800
9781,638200
9782,636800
9783,635500
9784,638100
9785,634600
9786,638000
9787,650700
9788,639800
9789,643500
9790,635200
9791,631800
9792,643200
9793,632800
9794,636900
9795,729600
9796,640600
9797,636300
9798,633800
9799,777700
9800,873100
9801,734200
9802,693300
9803,661900
9804,655300
9805,653600
9806,637000
9807,641700
9808,633500
9809,634400
9810,634300
9811,633500
9812,635100
9813,632600
9814,642700
9815,635400
9816,635500
9817,635500
9818,641100
9819,635200
9820,634500
9821,633200
9822,692100
9823,863100
9824,865900
9825,656800
9826,652300
9827,650400
9828,644500
9829,991800
9830,647500
9831,640300
9832,644000
9833,636000
9834,638600
9835,635600
9836,635800
9837,638200
9838,632200
9839,633000
9840,637100
9841,634400
9842,632200
9843,742000
9844,626900
9845,682100
9846,795000
9847,899300
9848,694000
9849,665900
9850,662300
9851,648300
9852,643100
9853,663000
9854,643300
9855,642100
9856,641300
9857,639800
9858,640400
9859,643200
9860,637900
9861,636900
9862,650400
9863,635600
9864,641100
9865,636600
9866,637600
9867,641000
9868,633500
9869,741600
9870,894200
9871,944200
9872,676100
9873,671400
9874,706000
9875,646500
9876,654000
9877,644800
9878,639400
9879,635500
9880,637100
9881,641900
9882,635500
9883,634600
9884,639500
9885,634200
9886,631700
9887,634100
9888,633300
9889,633700
9890,635900
9891,643000
9892,753100
9893,860900
9894,732000
9895,652700
9896,607000
9897,618100
9898,608300
9899,606100
9900,599300
9901,596100
9902,627500
9903,602900
9904,931400
9905,600300
9906,600500
9907,603100
9908,597700
9909,596200
9910,595400
9911,599800
9912,596900
9913,597200
9914,721500
9915,597300
9916,595800
9917,640200
9918,861000
9919,775600
9920,673600
9921,605200
9922,609500
9923,607200
9924,597700
9925,613200
9926,600700
9927,598700
9928,594300
9929,591300
9930,588500
9931,592600
9932,592400
9933,593900
9934,589500
9935,593200
9936,594100
9937,601400
9938,604700
9939,597400
9940,591200
9941,591900
9942,849200
9943,935900
9944,802700
9945,792800
9946,775100
9947,642600
9948,637400
9949,728600
9950,642300
9951,643300
9952,637200
9953,636300
9954,663700
9955,636700
9956,638100
9957,637200
9958,636000
9959,643800
9960,641900
9961,635800
9962,632300
9963,638000
9964,772700
9965,821500
9966,661900
9967,653800
9968,656700
9969,658400
9970,639800
9971,639400
9972,636300
9973,658500
9974,648700
9975,637900
9976,632600
9977,636500
9978,691000
9979,641200
9980,950500
9981,646400
9982,638800
9983,650700
9984,651300
9985,637000
9986,634000
9987,720200
9988,657900
9989,659800
9990,640100
9991,638000
9992,637900
9993,639800
9994,637200
9995,714900
9996,633900
9997,636600
9998,636100
9999,651900
10000,633700
10001,639800
10002,634900
10003,634800
10004,631100
10005,633900
10006,636100
10007,643600
10008,631700
10009,636000
10010,632300
10011,681800
10012,659200
10013,781600
10014,640600
10015,621700
10016,619900
10017,621600
10018,612400
10019,596400
10020,595600
10021,593100
10022,592400
10023,600700
10024,589700
10025,593700
10026,593300
10027,683800
10028,593400
10029,603800
10030,593400
10031,593900
10032,592000
10033,594000
10034,596000
10035,592100
10036,592300
10037,782900
10038,828100
10039,655400
10040,603500
10041,600200
10042,596500
10043,593000
10044,591700
10045,594900
10046,591500
10047,592200
10048,587800
10049,589900
10050,591100
10051,592400
10052,592700
10053,590000
10054,607900
10055,590100
10056,593700
10057,591100
10058,588600
10059,588400
10060,907100
10061,600500
10062,809000
10063,946100
10064,738600
10065,718600
10066,646900
10067,606700
10068,618600
10069,607600
10070,594700
10071,597900
10072,594900
10073,605100
10074,595800
10075,617200
10076,593800
10077,603000
10078,594300
10079,595000
10080,594500
10081,590500
10082,597000
10083,593800
10084,591000
10085,594500
10086,741800
10087,771200
10088,748900
10089,621900
10090,619300
10091,636700
10092,614000
10093,625500
10094,609200
10095,612400
10096,599000
10097,631600
10098,606700
10099,601800
10100,608800
10101,624800
10102,609100
10103,599500
10104,643000
10105,611200
10106,606900
10107,608400
10108,607800
10109,599900
10110,695700
10111,804600
10112,958100
10113,763400
10114,718300
10115,715100
10116,679300
10117,606100
10118,610600
10119,605300
10120,604700
10121,605500
10122,596300
10123,597200
10124,620800
10125,593100
10126,596100
10127,596400
10128,595900
10129,594500
10130,598600
10131,606000
10132,607400
10133,593100
10134,593000
10135,626700
10136,603900
10137,598800
10138,886700
10139,674500
10140,701300
10141,602000
10142,614600
10143,588800
10144,590900
10145,583600
10146,586500
10147,588100
10148,639300
10149,593400
10150,584600
10151,586500
10152,585400
10153,582000
10154,581700
10155,582500
10156,582800
10157,584100
10158,582200
10159,591100
10160,582100
10161,633400
10162,729000
10163,789800
10164,598700
10165,589700
10166,585800
10167,591100
10168,582900
10169,582400
10170,581700
10171,583300
10172,585200
10173,586600
10174,585300
10175,4089800
10176,604300
10177,586200
10178,590900
10179,590100
10180,685500
10181,6904600
10182,784700
10183,624700
10184,593000
10185,592000
10186,584900
10187,588800
10188,593300
10189,582100
10190,590200
10191,581500
10192,581600
10193,583000
10194,590500
10195,624900
10196,768100
10197,740100
10198,691800
10199,598300
10200,631900
10201,613000
10202,604500
10203,912800
10204,601400
10205,641000
10206,596200
10207,601100
10208,636400
10209,603500
10210,601200
10211,597900
10212,592200
10213,591200
10214,599900
10215,584500
10216,616700
10217,596800
10218,593300
10219,588800
10220,774600
10221,5927100
10222,672200
10223,619900
10224,613700
10225,603300
10226,594400
10227,592200
10228,591300
10229,596500
10230,589200
10231,589900
10232,587200
10233,588800
10234,586200
10235,580300
10236,580300
10237,765200
10238,812200
10239,659800
10240,597400
10241,594900
10242,585300
10243,585300
10244,583300
10245,590200
10246,600600
10247,587700
10248,583000
10249,690700
10250,894600
10251,845700
10252,843000
10253,967600
10254,838000
10255,834000
10256,816500
10257,716000
10258,598800
10259,789500
10260,936300
10261,737000
10262,714200
10263,672100
10264,598100
10265,596600
10266,613000
10267,598800
10268,595700
10269,590200
10270,586900
10271,884500
10272,593000
10273,590400
10274,598200
10275,587500
10276,587500
10277,583400
10278,587300
10279,585500
10280,583600
10281,586300
10282,586200
10283,642500
10284,594400
10285,595400
10286,657700
10287,5585500
10288,697000
10289,696000
10290,642000
10291,597600
10292,596900
10293,599700
10294,587600
10295,585800
10296,583900
10297,582200
10298,581500
10299,595400
10300,677300
10301,5615000
10302,786500
10303,615100
10304,604700
10305,605100
10306,595400
10307,601200
10308,594200
10309,598900
10310,592800
10311,590800
10312,583300
10313,583800
10314,581000
10315,581900
10316,585000
10317,615100
10318,969200
10319,771500
10320,604500
10321,606100
10322,602200
10323,584700
10324,584700
10325,583600
10326,582300
10327,585000
10328,587400
10329,582900
10330,581700
10331,583400
10332,589300
10333,582200
10334,581100
10335,583000
10336,879500
10337,590000
10338,582200
10339,595700
10340,585400
10341,583500
10342,678100
10343,1058900
10344,6039800
10345,637400
10346,602400
10347,605800
10348,603500
10349,598900
10350,597500
10351,597900
10352,606100
10353,615100
10354,593900
10355,601900
10356,600200
10357,590700
10358,819400
10359,880700
10360,784300
10361,619300
10362,631700
10363,597300
10364,600200
10365,594900
10366,584500
10367,587000
10368,588000
10369,590100
10370,585300
10371,584500
10372,590300
10373,588100
10374,585700
10375,584600
10376,585400
10377,589600
10378,583600
10379,591100
10380,596200
10381,587300
10382,585200
10383,679900
10384,869600
10385,744700
10386,703300
10387,696000
10388,625700
10389,587600
10390,689000
10391,594600
10392,598300
10393,589700
10394,589700
10395,631400
10396,590400
10397,584200
10398,586600
10399,595600
10400,583500
10401,583200
10402,585200
10403,585100
10404,585500
10405,583600
10406,586000
10407,1061700
10408,699700
10409,761700
10410,719000
10411,616000
10412,607200
10413,601300
10414,601900
10415,593800
10416,587000
10417,593300
10418,585600
10419,592400
10420,585000
10421,585200
10422,583500
10423,581600
10424,581400
10425,584700
10426,581800
10427,615800
10428,590900
10429,610500
10430,586400
10431,581400
10432,585800
10433,586300
10434,839300
10435,952400
10436,737700
10437,727600
10438,640300
10439,641800
10440,650500
10441,627700
10442,690100
10443,639500
10444,628600
10445,626700
10446,626400
10447,625700
10448,628300
10449,622900
10450,624300
10451,624500
10452,626100
10453,625100
10454,625200
10455,623500
10456,633300
10457,684800
10458,683300
10459,652000
10460,642100
10461,638000
10462,639000
10463,629200
10464,629900
10465,636800
10466,628700
10467,628900
10468,629400
10469,627800
10470,627800
10471,765500
10472,631100
10473,662500
10474,707500
10475,633600
10476,631200
10477,627900
10478,625000
10479,630000
10480,622700
10481,756000
10482,868400
10483,717100
10484,1066300
10485,652700
10486,643500
10487,646200
10488,653800
10489,639400
10490,626900
10491,628000
10492,643000
10493,627300
10494,628600
10495,626200
10496,624000
10497,628600
10498,629200
10499,626100
10500,626400
10501,629400
10502,628900
10503,653700
10504,696800
10505,5237200
10506,632100
10507,636400
10508,685000
10509,642700
10510,628200
10511,627200
10512,688300
10513,629400
10514,646800
10515,641100
10516,623800
10517,626700
10518,636700
10519,624400
10520,627400
10521,739900
10522,874500
10523,743700
10524,665400
10525,647800
10526,629900
10527,684000
10528,634800
10529,630700
10530,631700
10531,632000
10532,634000
10533,625400
10534,622900
10535,629600
10536,627400
10537,627600
10538,624800
10539,623900
10540,713400
10541,631200
10542,647400
10543,638700
10544,625300
10545,863100
10546,1025400
10547,647000
10548,657500
10549,641400
10550,634500
10551,636300
10552,620900
10553,929700
10554,643400
10555,616100
10556,616600
10557,646100
10558,625300
10559,618100
10560,614800
10561,612100
10562,614400
10563,645000
10564,614200
10565,610900
10566,616900
10567,612100
10568,717200
10569,626300
10570,647900
10571,630100
10572,642100
10573,625000
10574,616600
10575,611500
10576,616200
10577,613200
10578,613200
10579,611800
10580,617500
10581,627600
10582,615200
10583,616000
10584,618000
10585,614900
10586,611600
10587,647400
10588,613100
10589,628700
10590,623300
10591,610800
10592,780500
10593,739500
10594,645800
10595,640100
10596,642000
10597,634500
10598,627700
10599,629200
10600,624000
10601,614900
10602,624300
10603,614600
10604,661300
10605,622600
10606,620700
10607,612200
10608,612800
10609,610300
10610,613200
10611,619300
10612,647400
10613,612100
10614,617500
10615,611500
10616,616400
10617,654500
10618,809000
10619,633100
10620,745600
10621,618000
10622,607000
10623,603100
10624,598700
10625,591300
10626,585300
10627,584900
10628,586200
10629,584100
10630,585500
10631,584200
10632,858300
10633,587400
10634,584100
10635,603800
10636,610800
10637,585300
10638,583200
10639,584400
10640,584200
10641,578700
10642,841100
10643,962000
10644,753500
10645,683600
10646,635800
10647,695100
10648,636800
10649,641000
10650,640700
10651,657100
10652,626200
10653,619200
10654,623100
10655,616500
10656,619500
10657,614600
10658,633100
10659,613400
10660,614200
10661,614700
10662,613200
10663,612100
10664,622500
10665,665900
10666,620100
10667,630700
10668,620900
10669,618900
10670,621800
10671,617500
10672,615600
10673,610400
10674,613300
10675,613900
10676,614200
10677,610700
10678,611500
10679,610500
10680,612000
10681,623100
10682,620400
10683,644200
10684,618200
10685,619900
10686,628500
10687,613500
10688,613900
10689,611200
10690,734000
10691,729800
10692,703800
10693,620900
10694,605300
10695,612200
10696,601000
10697,601300
10698,603400
10699,624900
10700,592900
10701,671300
10702,628000
10703,591500
10704,585400
10705,583900
10706,608700
10707,584700
10708,585800
10709,585400
10710,585900
10711,820300
10712,591700
10713,592800
10714,595000
10715,665200
10716,919000
10717,635400
10718,612600
10719,599300
10720,664400
10721,607200
10722,600300
10723,590200
10724,592700
10725,593100
10726,591300
10727,588500
10728,592600
10729,591200
10730,609800
10731,630500
10732,598800
10733,600800
10734,598900
10735,593800
10736,588200
10737,591700
10738,587600
10739,592500
10740,586700
10741,635800
10742,599000
10743,598700
10744,599700
10745,596000
10746,598800
10747,591000
10748,618300
10749,610600
10750,592700
10751,587300
10752,589800
10753,587700
10754,605400
10755,593000
10756,589900
10757,589600
10758,591500
10759,590000
10760,589800
10761,587900
10762,593600
10763,588700
10764,589100
10765,611600
10766,592500
10767,688700
10768,5803300
10769,951800
10770,1086500
10771,676300
10772,647000
10773,630100
10774,707600
10775,612900
10776,619300
10777,619200
10778,618400
10779,626900
10780,644100
10781,630100
10782,802100
10783,1309200
10784,653000
10785,674200
10786,690000
10787,701800
10788,829400
10789,678800
10790,759200
10791,706400
10792,632700
10793,672700
10794,691400
10795,598500
10796,602500
10797,604600
10798,602500
10799,620000
10800,605800
10801,613600
10802,596600
10803,599700
10804,624000
10805,841800
10806,905800
10807,724500
10808,705000
10809,702900
10810,601800
10811,607200
10812,619200
10813,606500
10814,616900
10815,594600
10816,598300
10817,609700
10818,596500
10819,607000
10820,594300
10821,597400
10822,593200
10823,593800
10824,597300
10825,591600
10826,593000
10827,597300
10828,594300
10829,685600
10830,945900
10831,667700
10832,614000
10833,601400
10834,609800
10835,609700
10836,606600
10837,602500
10838,604300
10839,598300
10840,594900
10841,589600
10842,590000
10843,581700
10844,584800
10845,592000
10846,582800
10847,583600
10848,612200
10849,585100
10850,592000
10851,581100
10852,585500
10853,696400
10854,769000
10855,826600
10856,717200
10857,675400
10858,597300
10859,583100
10860,961000
10861,613000
10862,592600
10863,635200
10864,587800
10865,587800
10866,583400
10867,582100
10868,582700
10869,581000
10870,581100
10871,581300
10872,593100
10873,583000
10874,582900
10875,583200
10876,583000
10877,580500
10878,582800
10879,839700
10880,987600
10881,782900
10882,743000
10883,648900
10884,630300
10885,632700
10886,631600
10887,628100
10888,613800
10889,617300
10890,613700
10891,617200
10892,624700
10893,625800
10894,620700
10895,646200
10896,628800
10897,619300
10898,614100
10899,621500
10900,615700
10901,612600
10902,776400
10903,831900
10904,721200
10905,641900
10906,642400
10907,629700
10908,637200
10909,626600
10910,665500
10911,623700
10912,622300
10913,613400
10914,618300
10915,635700
10916,624100
10917,616400
10918,611800
10919,616700
10920,616700
10921,612000
10922,619000
10923,623400
10924,615600
10925,620000
10926,814000
10927,829300
10928,717900
10929,643000
10930,646500
10931,709100
10932,632500
10933,615600
10934,617300
10935,613200
10936,614200
10937,837700
10938,618500
10939,615700
10940,617800
10941,624600
10942,619200
10943,615400
10944,611600
10945,614000
10946,612500
10947,616200
10948,614000
10949,611100
10950,656700
10951,615400
10952,621300
10953,622900
10954,626300
10955,623000
10956,623900
10957,652400
10958,620800
10959,624200
10960,614000
10961,623200
10962,615000
10963,620900
10964,618300
10965,612300
10966,613300
10967,615500
10968,614700
10969,611400
10970,614400
10971,610400
10972,618200
10973,633200
10974,612200
10975,672800
10976,620600
10977,645600
10978,625200
10979,643300
10980,635400
10981,627100
10982,619700
10983,629200
10984,612500
10985,615500
10986,612300
10987,614900
10988,618100
10989,654200
10990,613000
10991,623800
10992,615600
10993,611600
10994,611500
10995,612200
10996,610500
10997,613100
10998,613700
10999,610700
11000,675900
11001,738300
11002,622500
11003,630100
11004,635400
11005,649800
11006,616200
11007,622600
11008,613500
11009,615000
11010,612800
11011,615700
11012,614800
11013,704100
11014,616000
11015,614400
11016,611900
11017,819500
11018,616300
11019,621500
11020,617800
11021,631800
11022,620700
11023,616100
11024,751800
11025,840700
11026,953000
11027,743100
11028,766300
11029,649900
11030,622500
11031,596400
11032,594100
11033,587200
11034,586400
11035,604000
11036,602400
11037,595000
11038,585300
11039,585200
11040,584900
11041,585500
11042,585900
11043,587700
11044,586000
11045,588400
11046,585700
11047,589300
11048,679500
11049,629200
11050,619900
11051,670900
11052,637600
11053,605900
11054,625100
11055,599800
11056,599000
11057,600900
11058,594200
11059,589200
11060,594000
11061,591900
11062,589000
11063,588800
11064,585500
11065,585400
11066,586900
11067,587400
11068,588000
11069,588600
11070,587900
11071,591000
11072,585400
11073,595500
11074,715500
11075,769500
11076,737200
11077,735700
11078,731700
11079,732300
11080,724600
11081,727400
11082,788100
11083,795400
11084,597800
11085,598600
11086,589200
11087,585900
11088,583700
11089,581900
11090,581900
11091,584400
11092,584700
11093,690200
11094,584600
11095,855800
11096,587200
11097,588000
11098,6227600
11099,725700
11100,613900
11101,602000
11102,593500
11103,597200
11104,596500
11105,596600
11106,591600
11107,589600
11108,585200
11109,587400
11110,587600
11111,584500
11112,585800
11113,583100
11114,583200
11115,870400
11116,982900
11117,751300
11118,694400
11119,629200
11120,627200
11121,629200
11122,630300
11123,634000
11124,625900
11125,631000
11126,615400
11127,613800
11128,650200
11129,622700
11130,613200
11131,612700
11132,614700
11133,612600
11134,611200
11135,610300
11136,610700
11137,620400
11138,774000
11139,764900
11140,747200
11141,614100
11142,607600
11143,602000
11144,591000
11145,595400
11146,591900
11147,593100
11148,584900
11149,597500
11150,590200
11151,588200
11152,592900
11153,589800
11154,588400
11155,590100
11156,580400
11157,582600
11158,580700
11159,581600
11160,595900
11161,582500
11162,582700
11163,581400
11164,690300
11165,596400
11166,994500
11167,599500
11168,589300
11169,580600
11170,583300
11171,584600
11172,585100
11173,583700
11174,583200
11175,581800
11176,581300
11177,581800
11178,583700
11179,581200
11180,580300
11181,577700
11182,597900
11183,584300
11184,581200
11185,605400
11186,581300
11187,581200
11188,583300
11189,648800
11190,744300
11191,704000
11192,693100
11193,619500
11194,598800
11195,597200
11196,604200
11197,602900
11198,590800
11199,584100
11200,586500
11201,589600
11202,591400
11203,590000
11204,586600
11205,587400
11206,587000
11207,586500
11208,590100
11209,585300
11210,605300
11211,584500
11212,586400
11213,583400
11214,585800
11215,616700
11216,596300
11217,588300
11218,586700
11219,584900
11220,585500
11221,590400
11222,587300
11223,585800
11224,607100
11225,655500
11226,609800
11227,588200
11228,597800
11229,590000
11230,597000
11231,595300
11232,595300
11233,593500
11234,588200
11235,602700
11236,592700
11237,597700
11238,621100
11239,594000
11240,690100
11241,6340900
11242,1341100
11243,653700
11244,644600
11245,650700
11246,636700
11247,642600
11248,636700
11249,633900
11250,631300
11251,637800
11252,627600
11253,623400
11254,626400
11255,623900
11256,623200
11257,652500
11258,785400
11259,778100
11260,713000
11261,624400
11262,603400
11263,602400
11264,604500
11265,601200
11266,603100
11267,602200
11268,599900
11269,599300
11270,589600
11271,591200
11272,595700
11273,600800
11274,606300
11275,611900
11276,593400
11277,591400
11278,589000
11279,589000
11280,587200
11281,589800
11282,590700
11283,611300
11284,5325500
11285,733700
11286,639800
11287,597700
11288,597400
11289,603200
11290,592300
11291,592900
11292,592900
11293,591500
11294,581800
11295,581500
11296,583800
11297,579800
11298,582900
11299,584100
11300,579800
11301,849000
11302,886500
11303,598700
11304,596000
11305,593600
11306,587100
11307,587500
11308,593300
11309,586000
11310,585000
11311,903900
11312,587100
11313,586500
11314,599300
11315,584000
11316,683100
11317,589300
11318,584100
11319,583900
11320,581600
11321,584600
11322,584600
11323,593000
11324,581400
11325,674800
11326,828800
11327,793900
11328,608700
11329,608200
11330,596500
11331,584300
11332,585700
11333,585900
11334,580000
11335,581500
11336,581000
11337,581100
11338,603200
11339,582800
11340,584100
11341,580400
11342,585300
11343,584800
11344,581700
11345,580300
11346,582700
11347,584200
11348,581700
11349,580500
11350,582600
11351,751000
11352,817200
11353,683800
11354,602100
11355,601100
11356,592000
11357,595200
11358,590900
11359,594800
11360,582300
11361,581400
11362,591200
11363,602400
11364,581200
11365,581700
11366,580000
11367,582600
11368,582300
11369,582700
11370,579400
11371,591300
11372,583100
11373,582500
11374,579600
11375,591100
11376,584600
11377,838700
11378,835600
11379,740500
11380,713900
11381,630400
11382,625900
11383,628800
11384,615800
11385,615500
11386,612600
11387,632000
11388,614600
11389,610700
11390,610000
11391,612700
11392,819000
11393,618700
11394,616100
11395,611900
11396,621700
11397,610900
11398,612700
11399,697200
11400,613100
11401,646500
11402,619400
11403,635600
11404,624800
11405,622300
11406,619200
11407,618100
11408,621600
11409,614800
11410,614100
11411,622500
11412,623700
11413,616000
11414,614100
11415,615400
11416,615500
11417,612900
11418,613900
11419,614500
11420,615300
11421,613800
11422,618700
11423,622700
11424,613800
11425,612800
11426,624200
11427,675600
11428,636400
11429,647000
11430,637300
11431,623600
11432,613400
11433,621200
11434,633100
11435,630400
11436,614400
11437,613700
11438,610400
11439,620300
11440,611800
11441,613500
11442,613400
11443,611700
11444,615800
11445,612700
11446,610600
11447,615700
11448,612300
11449,611200
11450,610800
11451,613500
11452,611600
11453,843800
11454,952900
11455,757800
11456,715300
11457,694800
11458,622500
11459,598900
11460,596100
11461,596900
11462,599100
11463,598000
11464,607600
11465,593900
11466,589300
11467,586300
11468,583700
11469,635200
11470,586200
11471,800800
11472,588500
11473,587400
11474,585600
11475,584800
11476,583300
11477,624300
11478,633700
11479,779200
11480,680500
11481,706300
11482,595600
11483,585500
11484,586100
11485,584600
11486,584600
11487,599300
11488,581900
11489,587200
11490,587000
11491,586100
11492,585400
11493,584300
11494,581200
11495,582800
11496,578300
11497,582500
11498,587200
11499,583200
11500,583000
11501,581400
11502,617900
11503,732000
11504,701900
11505,650900
11506,609400
11507,622000
11508,610800
11509,588200
11510,590700
11511,595400
11512,593700
11513,583700
11514,596000
11515,587200
11516,585800
11517,583800
11518,585900
11519,587000
11520,586800
11521,603800
11522,587900
11523,582500
11524,584900
11525,584400
11526,587100
11527,587000
11528,640400
11529,751600
11530,760900
11531,730400
11532,633400
11533,631700
11534,631700
11535,628700
11536,622000
11537,617900
11538,617600
11539,614300
11540,619000
11541,614700
11542,613400
11543,615100
11544,613300
11545,611100
11546,610300
11547,611800
11548,616800
11549,615200
11550,612800
11551,614900
11552,614800
11553,876700
11554,658700
11555,624800
11556,628600
11557,615500
11558,613300
11559,612300
11560,614200
11561,611800
11562,704100
11563,614900
11564,616400
11565,649800
11566,612700
11567,615800
11568,612200
11569,609300
11570,622800
11571,613900
11572,625300
11573,611900
11574,611600
11575,610700
11576,609400
11577,612900
11578,678500
11579,631000
11580,622400
11581,622200
11582,642600
11583,624300
11584,627200
11585,623200
11586,617300
11587,613900
11588,630300
11589,609600
11590,608100
11591,610300
11592,627900
11593,609400
11594,615700
11595,608300
11596,612100
11597,612500
11598,670700
11599,618900
11600,616800
11601,611600
11602,615100
11603,675100
11604,625500
11605,626700
11606,613100
11607,613100
11608,612800
11609,609500
11610,612200
11611,611300
11612,613000
11613,609100
11614,612500
11615,613000
11616,612200
11617,615300
11618,617200
11619,610700
11620,613800
11621,615900
11622,615500
11623,610200
11624,619200
11625,612000
11626,612800
11627,627200
11628,648100
11629,619800
11630,634000
11631,623400
11632,625700
11633,827100
11634,626000
11635,617800
11636,623700
11637,617200
11638,617700
11639,613200
11640,619900
11641,617100
11642,621800
11643,612900
11644,702200
11645,618600
11646,614100
11647,637000
11648,629600
11649,614600
11650,614200
11651,624100
11652,623800
11653,843100
11654,933600
11655,749200
11656,723400
11657,622500
11658,601300
11659,592000
11660,593900
11661,590500
11662,592400
11663,595800
11664,582000
11665,580200
11666,584800
11667,581600
11668,585700
11669,581500
11670,580000
11671,585600
11672,582400
11673,583600
11674,592700
11675,588900
11676,582500
11677,738900
11678,842200
11679,804500
11680,610800
11681,598700
11682,588000
11683,585500
11684,584900
11685,589000
11686,582900
11687,586300
11688,594900
11689,581300
11690,585700
11691,584200
11692,585000
11693,583400
11694,582000
11695,581400
11696,581400
11697,580700
11698,581600
11699,594600
11700,585100
11701,589600
11702,582900
11703,781000
11704,927500
11705,736100
11706,702500
11707,642000
11708,594300
11709,594400
11710,597500
11711,597800
11712,796800
11713,593100
11714,587400
11715,588900
11716,588600
11717,640100
11718,605000
11719,585000
11720,584700
11721,589500
11722,588200
11723,605600
11724,593100
11725,585400
11726,669500
11727,624100
11728,599000
11729,634000
11730,640200
11731,601200
11732,605200
11733,615200
11734,594300
11735,591100
11736,594600
11737,591600
11738,589900
11739,595000
11740,586300
11741,581200
11742,589800
11743,588000
11744,582100
11745,586800
11746,593700
11747,580400
11748,589500
11749,581100
11750,581600
11751,580700
11752,581300
11753,685600
11754,814700
11755,742000
11756,603800
11757,601500
11758,593100
11759,586400
11760,583500
11761,582600
11762,581400
11763,580400
11764,582600
11765,580100
11766,584500
11767,712500
11768,888200
11769,845800
11770,840400
11771,629000
11772,601000
11773,596400
11774,590300
11775,590400
11776,585900
11777,726400
11778,820700
11779,702200
11780,605200
11781,591700
11782,592800
11783,589900
11784,590500
11785,585800
11786,586800
11787,586100
11788,581800
11789,581900
11790,583700
11791,582600
11792,589500
11793,817700
11794,588700
11795,589100
11796,585600
11797,599900
11798,584700
11799,581100
11800,581400
11801,582000
11802,584500
11803,691000
11804,806100
11805,725900
11806,610500
11807,601000
11808,694400
11809,600100
11810,603800
11811,583300
11812,580300
11813,581400
11814,580400
11815,579400
11816,585900
11817,583700
11818,582800
11819,582600
11820,597900
11821,583000
11822,583000
11823,583200
11824,580300
11825,584900
11826,583500
11827,583100
11828,583100
11829,833500
11830,927600
11831,742500
11832,744200
11833,650400
11834,621600
11835,623400
11836,629500
11837,631800
11838,623000
11839,623200
11840,613100
11841,622100
11842,611600
11843,618800
11844,619000
11845,615000
11846,616000
11847,620400
11848,611500
11849,610300
11850,611300
11851,613200
11852,697500
11853,820200
11854,713100
11855,632400
11856,604700
11857,604500
11858,605900
11859,606900
11860,595700
11861,589400
11862,594900
11863,590100
11864,588900
11865,596500
11866,593400
11867,597500
11868,588500
11869,587600
11870,588000
11871,587300
11872,595900
11873,796800
11874,594600
11875,589300
11876,591200
11877,691200
11878,641000
11879,783100
11880,737900
11881,727200
11882,642700
11883,601900
11884,593000
11885,590400
11886,598500
11887,593700
11888,587400
11889,675500
11890,598800
11891,584600
11892,585800
11893,601100
11894,584400
11895,592200
11896,581500
11897,581000
11898,582600
11899,580400
11900,589600
11901,586800
11902,612000
11903,1002500
11904,937300
11905,623600
11906,606300
11907,607500
11908,601200
11909,602100
11910,596000
11911,597900
11912,595800
11913,596200
11914,601500
11915,598200
11916,595200
11917,598200
11918,594800
11919,588400
11920,588800
11921,588700
11922,590500
11923,587600
11924,585500
11925,593500
11926,584600
11927,695600
11928,840400
11929,608600
11930,597100
11931,599500
11932,594800
11933,586900
11934,590200
11935,589600
11936,588600
11937,593400
11938,583800
11939,592100
11940,586600
11941,582100
11942,585300
11943,593400
11944,582700
11945,581700
11946,580200
11947,582800
11948,582400
11949,584100
11950,587300
11951,584300
11952,582300
11953,790800
11954,1063000
11955,728600
11956,611200
11957,601700
11958,614000
11959,592400
11960,591800
11961,588500
11962,589200
11963,595500
11964,587700
11965,595300
11966,585900
11967,585600
11968,583300
11969,580800
11970,583900
11971,585300
11972,667200
11973,584100
11974,1590600
11975,601400
11976,582700
11977,590400
11978,585500
11979,597600
11980,2712300
11981,851700
11982,698600
11983,599200
11984,594100
11985,594600
11986,593400
11987,604100
11988,587400
11989,584300
11990,591600
11991,584200
11992,584200
11993,581100
11994,584300
11995,593100
11996,581300
11997,584400
11998,798500
11999,738700
12000,731000
12001,724900
12002,732800
12003,729200
12004,734300
12005,733500
12006,864300
12007,795300
12008,738700
12009,630300
12010,641200
12011,634400
12012,632200
12013,669100
12014,625800
12015,620000
12016,626100
12017,623900
12018,621200
12019,616300
12020,720700
12021,716900
12022,11217600
12023,1207500
12024,642100
12025,614900
12026,622600
12027,600600
12028,629800
12029,974700
12030,5695600
12031,636500
12032,627300
12033,612600
12034,600000
12035,591900
12036,591700
12037,592400
12038,597700
12039,597300
12040,584800
12041,583100
12042,583100
12043,583100
12044,661100
12045,823400
12046,842200
12047,615200
12048,603700
12049,591500
12050,584600
12051,593200
12052,586900
12053,581400
12054,581700
12055,582700
12056,583100
12057,585500
12058,584200
12059,582900
12060,579900
12061,593400
12062,583600
12063,581500
12064,584300
12065,581600
12066,583700
12067,583000
12068,580000
12069,583800
12070,766600
12071,813600
12072,677300
12073,602400
12074,594300
12075,611200
12076,586000
12077,589500
12078,596800
12079,584200
12080,582700
12081,875400
12082,589900
12083,586500
12084,584700
12085,582300
12086,582100
12087,583300
12088,582600
12089,584100
12090,583100
12091,583000
12092,582700
12093,589800
12094,583200
12095,748200
12096,811700
12097,710400
12098,608900
12099,613500
12100,597100
12101,592200
12102,585000
12103,677600
12104,586500
12105,582900
12106,581400
12107,583000
12108,586900
12109,590800
12110,582100
12111,581500
12112,584300
12113,581500
12114,585400
12115,583100
12116,581900
12117,582900
12118,580900
12119,580200
12120,664300
12121,832800
12122,802300
12123,594500
12124,625100
12125,590300
12126,589300
12127,585900
12128,583300
12129,583700
12130,581600
12131,583700
12132,594000
12133,581600
12134,581300
12135,583100
12136,582100
12137,582800
12138,580000
12139,591500
12140,581700
12141,579900
12142,582500
12143,592400
12144,581700
12145,580600
12146,742100
12147,810400
12148,698800
12149,611000
12150,597700
12151,587900
12152,592100
12153,586300
12154,587700
12155,582500
12156,582700
12157,584400
12158,583500
12159,587000
12160,582800
12161,587800
12162,585200
12163,834100
12164,587300
12165,586000
12166,581700
12167,583200
12168,579900
12169,589300
12170,580800
12171,579500
12172,733100
12173,822500
12174,711500
12175,611900
12176,600400
12177,586400
12178,592400
12179,583400
12180,582700
12181,585500
12182,590000
12183,584300
12184,584000
12185,599100
12186,678400
12187,600300
12188,666800
12189,628100
12190,587900
12191,592400
12192,584900
12193,595800
12194,594700
12195,603800
12196,604000
12197,601800
12198,770000
12199,838100
12200,700300
12201,5561000
12202,598400
12203,588300
12204,592000
12205,632000
12206,597600
12207,595800
12208,593100
12209,581300
12210,585000
12211,581100
12212,584900
12213,581300
12214,600000
12215,583700
12216,799000
12217,976200
12218,749500
12219,723500
12220,608300
12221,605700
12222,598000
12223,612100
12224,600500
12225,582400
12226,583700
12227,585400
12228,590400
12229,582700
12230,583300
12231,588900
12232,605100
12233,582900
12234,584400
12235,861800
12236,591700
12237,599500
12238,590800
12239,583200
12240,625000
12241,588900
12242,591900
12243,594800
12244,593000
12245,644500
12246,591400
12247,584600
12248,587300
12249,586700
12250,584100
12251,587600
12252,586400
12253,583400
12254,582200
12255,581100
12256,586000
12257,583500
12258,586300
12259,583200
12260,584500
12261,582100
12262,672100
12263,600700
12264,584100
12265,584800
12266,719000
12267,732300
12268,711200
12269,639800
12270,602800
12271,596000
12272,602600
12273,597700
12274,594200
12275,593600
12276,588100
12277,586300
12278,589000
12279,625300
12280,592100
12281,593900
12282,601300
12283,593100
12284,585600
12285,582100
12286,595800
12287,600100
12288,586300
12289,587600
12290,586800
12291,586100
12292,637600
12293,768500
12294,751600
12295,723500
12296,718900
12297,610300
12298,604100
12299,600700
12300,601200
12301,636600
12302,593300
12303,590000
12304,590600
12305,587700
12306,587800
12307,588000
12308,591900
12309,586700
12310,589900
12311,584700
12312,611100
12313,601000
12314,594300
12315,590100
12316,586300
12317,867000
12318,752800
12319,5663100
12320,709600
12321,677300
12322,674700
12323,734500
12324,624000
12325,622900
12326,606500
12327,637200
12328,681200
12329,718700
12330,632700
12331,633800
12332,621400
12333,703300
12334,645400
12335,675900
12336,773700
12337,660400
12338,637200
12339,624400
12340,627300
12341,614400
12342,688800
12343,644900
12344,623300
12345,628600
12346,617100
12347,622600
12348,621400
12349,638000
12350,625000
12351,613400
12352,625100
12353,625000
12354,621100
12355,613100
12356,620500
12357,613300
12358,674100
12359,627000
12360,631700
12361,653700
12362,635600
12363,643100
12364,648600
12365,751800
12366,734900
12367,713600
12368,656200
12369,628400
12370,647800
12371,623500
12372,643700
12373,640700
12374,648200
12375,634600
12376,665800
12377,643500
12378,631900
12379,621500
12380,621900
12381,632800
12382,633600
12383,783100
12384,886300
12385,957000
12386,688500
12387,595200
12388,593200
12389,587000
12390,586600
12391,583400
12392,586100
12393,584100
12394,583600
12395,583300
12396,604000
12397,583800
12398,582600
12399,583100
12400,582400
12401,592400
12402,585300
12403,581100
12404,633000
12405,587100
12406,589400
12407,605600
12408,850700
12409,876200
12410,765000
12411,754900
12412,652000
12413,633500
12414,729400
12415,630700
12416,635300
12417,614500
12418,622900
12419,634000
12420,629400
12421,667600
12422,622300
12423,617500
12424,632400
12425,611600
12426,626300
12427,617000
12428,618800
12429,622400
12430,623700
12431,763700
12432,853900
12433,735600
12434,655300
12435,646500
12436,641500
12437,627200
12438,633300
12439,629800
12440,649600
12441,643000
12442,642100
12443,617600
12444,617800
12445,625000
12446,619100
12447,617600
12448,623000
12449,615700
12450,624100
12451,827100
12452,880700
12453,883000
12454,901900
12455,702600
12456,641800
12457,634300
12458,645700
12459,661600
12460,620300
12461,631300
12462,843400
12463,639600
12464,654700
12465,655000
12466,674500
12467,687500
12468,652800
12469,693400
12470,653900
12471,637200
12472,640000
12473,631600
12474,682200
12475,695500
12476,848200
12477,864200
12478,864700
12479,913400
12480,730000
12481,705000
12482,703100
12483,603300
12484,649200
12485,625800
12486,603200
12487,608100
12488,599000
12489,601800
12490,696700
12491,602200
12492,606700
12493,615300
12494,614500
12495,608600
12496,606600
12497,609400
12498,596800
12499,599100
12500,607800
12501,607500
12502,609500
12503,601600
12504,601700
12505,633400
12506,607100
12507,605400
12508,594100
12509,595900
12510,604700
12511,647600
12512,612400
12513,606800
12514,611200
12515,620300
12516,670500
12517,868200
12518,659400
12519,649400
12520,706400
12521,795800
12522,639700
12523,631800
12524,605700
12525,637100
12526,606200
12527,604600
12528,615800
12529,599300
12530,594800
12531,597600
12532,594400
12533,602800
12534,633700
12535,598200
12536,593400
12537,600100
12538,591200
12539,1004700
12540,601300
12541,596500
12542,597000
12543,598200
12544,599900
12545,600500
12546,601400
12547,599100
12548,600700
12549,712400
12550,843200
12551,970800
12552,720400
12553,646500
12554,671800
12555,638800
12556,624100
12557,607200
12558,593700
12559,596600
12560,591200
12561,593100
12562,593200
12563,592000
12564,591900
12565,605200
12566,600100
12567,592700
12568,597600
12569,591700
12570,715200
12571,600000
12572,603500
12573,672700
12574,828200
12575,740000
12576,629400
12577,628300
12578,613100
12579,602600
12580,676700
12581,608000
12582,887100
12583,817200
12584,619100
12585,600300
12586,603500
12587,682200
12588,961300
12589,768600
12590,616100
12591,611800
12592,608000
12593,607300
12594,604500
12595,616100
12596,711300
12597,825500
12598,732100
12599,601700
12600,596200
12601,597000
12602,615800
12603,604400
12604,608000
12605,594300
12606,604100
12607,602100
12608,610600
12609,599700
12610,596500
12611,596600
12612,595400
12613,601000
12614,607200
12615,603300
12616,997400
12617,607500
12618,599000
12619,663000
12620,669600
12621,868300
12622,815200
12623,627000
12624,609300
12625,636100
12626,609700
12627,614000
12628,603300
12629,602800
12630,605200
12631,610400
12632,604300
12633,605200
12634,606900
12635,601700
12636,605400
12637,608500
12638,612900
12639,600500
12640,608000
12641,597900
12642,606900
12643,601900
12644,601100
12645,712500
12646,830700
12647,735400
12648,609500
12649,618200
12650,727500
12651,612500
12652,604600
12653,603800
12654,600500
12655,600000
12656,592900
12657,595900
12658,607200
12659,593800
12660,596500
12661,595600
12662,595900
12663,594600
12664,594100
12665,595900
12666,591700
12667,593900
12668,1170200
12669,772900
12670,834200
12671,688500
12672,616600
12673,605900
12674,595500
12675,597200
12676,595800
12677,590300
12678,590200
12679,588700
12680,585800
12681,588000
12682,588300
12683,587100
12684,587800
12685,586600
12686,592300
12687,587400
12688,590300
12689,588800
12690,605400
12691,583200
12692,596400
12693,585200
12694,1236700
12695,767900
12696,743700
12697,716900
12698,692500
12699,659100
12700,611000
12701,601900
12702,600100
12703,605100
12704,598500
12705,597100
12706,601100
12707,604100
12708,603900
12709,601200
12710,596900
12711,592300
12712,592600
12713,592100
12714,597500
12715,592300
12716,592000
12717,625000
12718,709200
12719,885900
12720,657200
12721,610100
12722,611400
12723,612700
12724,615600
12725,610700
12726,607500
12727,609800
12728,606900
12729,605900
12730,713100
12731,608700
12732,611400
12733,607900
12734,608400
12735,603200
12736,603900
12737,796900
12738,722400
12739,612600
12740,609400
12741,599800
12742,603500
12743,729500
12744,762300
12745,832500
12746,635000
12747,617000
12748,611700
12749,607800
12750,871500
12751,646700
12752,635000
12753,613500
12754,611300
12755,603900
12756,607600
12757,606000
12758,605400
12759,604300
12760,605300
12761,606800
12762,601100
12763,601800
12764,603200
12765,608100
12766,608400
12767,653800
12768,878200
12769,831600
12770,626900
12771,1185700
12772,628700
12773,615300
12774,612700
12775,604800
12776,603600
12777,596700
12778,603800
12779,595700
12780,598300
12781,594600
12782,599300
12783,602700
12784,600400
12785,596600
12786,597100
12787,596300
12788,597800
12789,612200
12790,605900
12791,726600
12792,783800
12793,677600
12794,637100
12795,606300
12796,606000
12797,607800
12798,608600
12799,601600
12800,613300
12801,590900
12802,599100
12803,592900
12804,588300
12805,587400
12806,590000
12807,590400
12808,591500
12809,588200
12810,709400
12811,589000
12812,593400
12813,588600
12814,593700
12815,608300
12816,615200
12817,848400
12818,915000
12819,741400
12820,710300
12821,726800
12822,637100
12823,603400
12824,599000
12825,596900
12826,597400
12827,603400
12828,597200
12829,592300
12830,597200
12831,589200
12832,597500
12833,605000
12834,591700
12835,594000
12836,589900
12837,597400
12838,592600
12839,595000
12840,593200
12841,698200
12842,615400
12843,740000
12844,757000
12845,718300
12846,665500
12847,620700
12848,604300
12849,607900
12850,946100
12851,595400
12852,600500
12853,596800
12854,596600
12855,590100
12856,636900
12857,583700
12858,592500
12859,3566400
12860,6340300
12861,5346500
12862,796100
12863,763400
12864,720300
12865,643300
12866,696800
12867,667200
12868,805700
12869,633400
12870,610900
12871,606900
12872,604900
12873,605300
12874,599500
12875,607000
12876,606200
12877,593800
12878,598500
12879,594700
12880,596800
12881,592400
12882,598200
12883,599100
12884,593000
12885,593500
12886,591300
12887,600300
12888,593600
12889,594200
12890,589300
12891,650600
12892,847600
12893,907100
12894,744300
12895,737100
12896,710200
12897,620400
12898,609600
12899,600900
12900,613000
12901,629400
12902,599200
12903,600500
12904,594900
12905,598400
12906,594600
12907,1028500
12908,603300
12909,623000
12910,600600
12911,635500
12912,604800
12913,599000
12914,629200
12915,809300
12916,772600
12917,780600
12918,770900
12919,771400
12920,761200
12921,758200
12922,759800
12923,812500
12924,781300
12925,623600
12926,614100
12927,609700
12928,639500
12929,635700
12930,5672600
12931,736500
12932,702000
12933,605000
12934,655600
12935,619700
12936,617200
12937,606300
12938,723300
12939,599800
12940,597400
12941,594100
12942,604900
12943,596100
12944,599300
12945,600900
12946,598600
12947,609100
12948,628500
12949,750900
12950,740000
12951,669900
12952,607800
12953,612700
12954,634100
12955,606600
12956,608600
12957,601900
12958,603500
12959,600400
12960,603100
12961,598300
12962,600100
12963,601600
12964,597600
12965,586200
12966,597700
12967,595900
12968,601900
12969,604700
12970,597000
12971,607000
12972,591600
12973,594600
12974,620200
12975,593600
12976,618200
12977,1036300
12978,618300
12979,874400
12980,694500
12981,644700
12982,632600
12983,608400
12984,622200
12985,607900
12986,610300
12987,602400
12988,599900
12989,601800
12990,610600
12991,595600
12992,592400
12993,629900
12994,792400
12995,795400
12996,733900
12997,612800
12998,602700
12999,601000
13000,607900
13001,604000
13002,603200
13003,767300
13004,836700
13005,750400
13006,622700
13007,636700
13008,602600
13009,605400
13010,613700
13011,609300
13012,605900
13013,602900
13014,604100
13015,599700
13016,597300
13017,602800
13018,601200
13019,715600
13020,595500
13021,596700
13022,602900
13023,594100
13024,603900
13025,592200
13026,595200
13027,678100
13028,749800
13029,4942300
13030,768500
13031,726500
13032,700500
13033,612800
13034,627100
13035,616800
13036,606900
13037,617400
13038,611800
13039,613200
13040,604200
13041,607600
13042,605500
13043,607600
13044,602400
13045,633300
13046,611900
13047,1045500
13048,608400
13049,595100
13050,596500
13051,606700
13052,609200
13053,605300
13054,607600
13055,596200
13056,599700
13057,608300
13058,599000
13059,602800
13060,594400
13061,594700
13062,601500
13063,591400
13064,602900
13065,598400
13066,594800
13067,607600
13068,660800
13069,674100
13070,846900
13071,640200
13072,775400
13073,638700
13074,613200
13075,611900
13076,603700
13077,603800
13078,603600
13079,597600
13080,601100
13081,611900
13082,611300
13083,597500
13084,597200
13085,610100
13086,595700
13087,595200
13088,596800
13089,595700
13090,602600
13091,595600
13092,604500
13093,596900
13094,768200
13095,712600
13096,751100
13097,708900
13098,625700
13099,629200
13100,711500
13101,621600
13102,599300
13103,598600
13104,601500
13105,635500
13106,745300
13107,610100
13108,648600
13109,605300
13110,598900
13111,598600
13112,759700
13113,605900
13114,601900
13115,624500
13116,769800
13117,617200
13118,609300
13119,620900
13120,606000
13121,5166700
13122,1099900
13123,806800
13124,643300
13125,615500
13126,605900
13127,601600
13128,599000
13129,601100
13130,599500
13131,597200
13132,600200
13133,810800
13134,611400
13135,614400
13136,832600
13137,979200
13138,851500
13139,753800
13140,714800
13141,942800
13142,633000
13143,606600
13144,597200
13145,788700
13146,608200
13147,617300
13148,601200
13149,602600
13150,606900
13151,597600
13152,597400
13153,594900
13154,595600
13155,595900
13156,604300
13157,602200
13158,605700
13159,629400
13160,754000
13161,680400
13162,683400
13163,825700
13164,939000
13165,679200
13166,846800
13167,858100
13168,852200
13169,733600
13170,791800
13171,781300
13172,776800
13173,821000
13174,796700
13175,641300
13176,852800
13177,654000
13178,924700
13179,954700
13180,871800
13181,749200
13182,672800
13183,611600
13184,620200
13185,618400
13186,609600
13187,608300
13188,607200
13189,605200
13190,1010700
13191,600400
13192,610500
13193,607000
13194,608300
13195,599900
13196,638500
13197,597800
13198,600000
13199,600000
13200,597900
13201,599200
13202,597200
13203,642400
13204,600600
13205,600700
13206,610200
13207,611700
13208,610400
13209,837200
13210,736800
13211,713200
13212,657200
13213,608600
13214,603500
13215,602200
13216,615300
13217,601800
13218,599700
13219,598500
13220,603000
13221,621900
13222,604900
13223,613600
13224,616400
13225,605900
13226,616200
13227,698400
13228,681800
13229,679900
13230,631900
13231,607600
13232,613000
13233,608500
13234,598500
13235,595700
13236,602200
13237,597700
13238,602400
13239,593500
13240,595800
13241,706700
13242,600900
13243,618300
13244,676200
13245,627600
13246,651800
13247,625700
13248,632300
13249,602400
13250,613900
13251,593400
13252,602000
13253,638900
13254,602400
13255,729200
13256,798700
13257,765800
13258,697400
13259,646700
13260,634900
13261,638400
13262,640700
13263,644900
13264,638500
13265,634500
13266,635600
13267,643900
13268,632200
13269,1067300
13270,632700
13271,645200
13272,634300
13273,632300
13274,645500
13275,655900
13276,711800
13277,924100
13278,648500
13279,681900
13280,692100
13281,649500
13282,665400
13283,617700
13284,602500
13285,625700
13286,606300
13287,607200
13288,606700
13289,599300
13290,605000
13291,604300
13292,599400
13293,602100
13294,593500
13295,598500
13296,597700
13297,591200
13298,697500
13299,587400
13300,690800
13301,866600
13302,779100
13303,712800
13304,717800
13305,638100
13306,599000
13307,596400
13308,595700
13309,600200
13310,592900
13311,592500
13312,593700
13313,597700
13314,598200
13315,615400
13316,603200
13317,611400
13318,609500
13319,599600
13320,714500
13321,611400
13322,604700
13323,612900
13324,606100
13325,642000
13326,766800
13327,650700
13328,627900
13329,624300
13330,614800
13331,605100
13332,609600
13333,610700
13334,612500
13335,599400
13336,599900
13337,598800
13338,601700
13339,596300
13340,592700
13341,592500
13342,595600
13343,595200
13344,592000
13345,589800
13346,592500
13347,991700
13348,601400
13349,595500
13350,632900
13351,692700
13352,1211900
13353,635800
13354,621500
13355,604600
13356,615300
13357,632600
13358,677100
13359,623400
13360,603400
13361,603600
13362,614600
13363,600900
13364,608000
13365,601600
13366,598800
13367,599100
13368,601700
13369,627600
13370,607800
13371,619300
13372,620000
13373,615200
13374,728200
13375,800800
13376,682700
13377,670400
13378,705400
13379,624900
13380,618300
13381,605900
13382,602500
13383,607400
13384,601200
13385,600600
13386,600700
13387,597800
13388,601700
13389,599100
13390,601100
13391,597000
13392,601900
13393,596700
13394,598500
13395,595100
13396,597900
13397,655300
13398,615600
13399,909900
13400,937200
13401,649400
13402,665300
13403,607200
13404,607700
13405,605000
13406,603400
13407,606500
13408,602100
13409,605800
13410,602700
13411,602500
13412,603700
13413,601900
13414,603200
13415,601600
13416,604600
13417,621400
13418,605500
13419,612400
13420,617400
13421,609200
13422,611900
13423,666600
13424,684500
13425,1061500
13426,671600
13427,672000
13428,654100
13429,652300
13430,649800
13431,652900
13432,646400
13433,644900
13434,646500
13435,637200
13436,642700
13437,640700
13438,887300
13439,667200
13440,661600
13441,641800
13442,646200
13443,645600
13444,663300
13445,644400
13446,727800
13447,643000
13448,786000
13449,662000
13450,654100
13451,644800
13452,650600
13453,643800
13454,644200
13455,649400
13456,643500
13457,642400
13458,646400
13459,642200
13460,644900
13461,645100
13462,635500
13463,648000
13464,653800
13465,645800
13466,642300
13467,639100
13468,644800
13469,647300
13470,827600
13471,892100
13472,669100
13473,659100
13474,637900
13475,654500
13476,807500
13477,648000
13478,632900
13479,641200
13480,635000
13481,635600
13482,644000
13483,633400
13484,630300
13485,633000
13486,642300
13487,631100
13488,660400
13489,630000
13490,650600
13491,626200
13492,636100
13493,786400
13494,756000
13495,765900
13496,755200
13497,710600
13498,637200
13499,644000
13500,997700
13501,632600
13502,643900
13503,639500
13504,632400
13505,642300
13506,640600
13507,642400
13508,639100
13509,654800
13510,635500
13511,641300
13512,651300
13513,636200
13514,638600
13515,636900
13516,707300
13517,647800
13518,672100
13519,641500
13520,644400
13521,654300
13522,635000
13523,645800
13524,641100
13525,631400
13526,640000
13527,630400
13528,640300
13529,630700
13530,666600
13531,626400
13532,632000
13533,646400
13534,641300
13535,624400
13536,647300
13537,679800
13538,772200
13539,773400
13540,948500
13541,1042200
13542,746700
13543,725500
13544,707000
13545,610400
13546,608200
13547,598200
13548,596300
13549,605700
13550,601400
13551,602400
13552,597700
13553,693000
13554,598200
13555,594000
13556,592200
13557,593600
13558,593800
13559,590100
13560,588900
13561,588000
13562,591000
13563,598900
13564,661100
13565,602200
13566,738000
13567,624700
13568,613500
13569,612900
13570,599300
13571,603800
13572,606600
13573,611800
13574,600600
13575,604800
13576,1003500
13577,609000
13578,609800
13579,600000
13580,601800
13581,604700
13582,599700
13583,599800
13584,593000
13585,590200
13586,591100
13587,598300
13588,593800
13589,844200
13590,1106500
13591,736700
13592,717900
13593,665300
13594,601300
13595,598000
13596,602800
13597,601900
13598,606900
13599,598100
13600,597400
13601,591400
13602,602800
13603,591700
13604,593500
13605,588900
13606,588300
13607,594500
13608,594700
13609,590900
13610,605700
13611,594000
13612,597700
13613,599500
13614,834800
13615,1007400
13616,622600
13617,613800
13618,616100
13619,607700
13620,606800
13621,594500
13622,594700
13623,591700
13624,592200
13625,595600
13626,601000
13627,590500
13628,592800
13629,596900
13630,591400
13631,590500
13632,595600
13633,592500
13634,699200
13635,599900
13636,591800
13637,590900
13638,642100
13639,765000
13640,714600
13641,698000
13642,625800
13643,608300
13644,605500
13645,607900
13646,606800
13647,594800
13648,599800
13649,604600
13650,614600
13651,596500
13652,597500
13653,608200
13654,590300
13655,895800
13656,599600
13657,599000
13658,598500
13659,603900
13660,594200
13661,595200
13662,591500
13663,629200
13664,592600
13665,592400
13666,605000
13667,602000
13668,600300
13669,598800
13670,597600
13671,601300
13672,597700
13673,600600
13674,597100
13675,611900
13676,604100
13677,593200
13678,593100
13679,595800
13680,592600
13681,635900
13682,607800
13683,595000
13684,593300
13685,597700
13686,595000
13687,596600
13688,593000
13689,619700
13690,781500
13691,845800
13692,661800
13693,622900
13694,612700
13695,607200
13696,602500
13697,606000
13698,622100
13699,596800
13700,599100
13701,609700
13702,597600
13703,602700
13704,591700
13705,601800
13706,635300
13707,606000
13708,601700
13709,598200
13710,593300
13711,593400
13712,596600
13713,594000
13714,624400
13715,601600
13716,833300
13717,717300
13718,787500
13719,764200
13720,729800
13721,632300
13722,650600
13723,680100
13724,645200
13725,630800
13726,637300
13727,637600
13728,625000
13729,720500
13730,738800
13731,742400
13732,741300
13733,735500
13734,1031000
13735,2127100
13736,736500
13737,713700
13738,667400
13739,603900
13740,602600
13741,600300
13742,608900
13743,599800
13744,597900
13745,640900
13746,615400
13747,611300
13748,603600
13749,594900
13750,597500
13751,597900
13752,598000
13753,601500
13754,595100
13755,598500
13756,595200
13757,598300
13758,735300
13759,5567900
13760,788300
13761,765700
13762,728500
13763,666300
13764,662000
13765,652200
13766,638700
13767,649700
13768,639600
13769,645800
13770,646000
13771,646800
13772,633100
13773,713400
13774,742300
13775,857100
13776,617500
13777,613000
13778,604600
13779,608600
13780,622500
13781,600400
13782,592400
13783,592700
13784,706300
13785,600800
13786,592800
13787,594500
13788,594400
13789,592300
13790,601500
13791,592600
13792,592700
13793,594100
13794,593100
13795,592200
13796,588100
13797,593500
13798,691800
13799,773300
13800,767400
13801,710800
13802,1029200
13803,651400
13804,642500
13805,635700
13806,645000
13807,668500
13808,644500
13809,626000
13810,626500
13811,640400
13812,629700
13813,623700
13814,630900
13815,641900
13816,637300
13817,631900
13818,623500
13819,639200
13820,623200
13821,640500
13822,671900
13823,774600
13824,761400
13825,726500
13826,737800
13827,617400
13828,612100
13829,609400
13830,604700
13831,608500
13832,606600
13833,607400
13834,607000
13835,604200
13836,608300
13837,595600
13838,597700
13839,593900
13840,605100
13841,602200
13842,596500
13843,600800
13844,596100
13845,595400
13846,675700
13847,753700
13848,731500
13849,661800
13850,618900
13851,611800
13852,603900
13853,605500
13854,604200
13855,600600
13856,601800
13857,606300
13858,594500
13859,595700
13860,592600
13861,595300
13862,593700
13863,687100
13864,596500
13865,599600
13866,601600
13867,596900
13868,592600
13869,593700
13870,591900
13871,595900
13872,937200
13873,5852200
13874,1194800
13875,804600
13876,639600
13877,633900
13878,644800
13879,637000
13880,631500
13881,644100
13882,633100
13883,639500
13884,629700
13885,651600
13886,626500
13887,708600
13888,753900
13889,890600
13890,691100
13891,750200
13892,634500
13893,640000
13894,639400
13895,635200
13896,652100
13897,627700
13898,643600
13899,645600
13900,633400
13901,637400
13902,623300
13903,623000
13904,629900
13905,640500
13906,624400
13907,627700
13908,619300
13909,637900
13910,621900
13911,616900
13912,669900
13913,622800
13914,803700
13915,734400
13916,717900
13917,701100
13918,614500
13919,606700
13920,596900
13921,598900
13922,600200
13923,594500
13924,589200
13925,588400
13926,588300
13927,589800
13928,588400
13929,586500
13930,591800
13931,588900
13932,589900
13933,587500
13934,683600
13935,595300
13936,610600
13937,629200
13938,591700
13939,734600
13940,625000
13941,596900
13942,597700
13943,590200
13944,591400
13945,590200
13946,597000
13947,647600
13948,600100
13949,932300
13950,598600
13951,592900
13952,604900
13953,588700
13954,595800
13955,593600
13956,589300
13957,588500
13958,588600
13959,588700
13960,601500
13961,590100
13962,619800
13963,587800
13964,5112700
13965,5020900
13966,642500
13967,615000
13968,605900
13969,598300
13970,632200
13971,614900
13972,677400
13973,749800
13974,825100
13975,678300
13976,670500
13977,651100
13978,652700
13979,656200
13980,671500
13981,658400
13982,652200
13983,648700
13984,683500
13985,651700
13986,650000
13987,632500
13988,643200
13989,659200
13990,636500
13991,641400
13992,642900
13993,643600
13994,648500
13995,631400
13996,699600
13997,854200
13998,1002600
13999,877800
14000,723800
14001,638900
14002,615000
14003,614200
14004,625900
14005,605000
14006,608500
14007,610500
14008,605500
14009,607700
14010,601400
14011,608700
14012,1119300
14013,605400
14014,639200
14015,609600
14016,620300
14017,600100
14018,601300
14019,714400
14020,649700
14021,1237400
14022,713900
14023,654300
14024,803500
14025,802500
14026,673100
14027,661300
14028,637100
14029,649200
14030,651500
14031,638900
14032,644300
14033,645100
14034,643800
14035,641500
14036,652800
14037,636700
14038,645700
14039,642000
14040,649000
14041,680800
14042,770300
14043,751400
14044,636400
14045,610600
14046,605400
14047,616100
14048,605400
14049,606800
14050,596800
14051,597900
14052,598800
14053,598700
14054,598100
14055,602700
14056,595800
14057,601900
14058,598300
14059,598200
14060,606000
14061,610100
14062,597200
14063,599400
14064,598900
14065,603500
14066,596300
14067,657100
14068,750900
14069,760400
14070,748800
14071,677700
14072,601500
14073,604300
14074,613300
14075,603000
14076,606300
14077,730900
14078,601200
14079,593200
14080,594400
14081,596200
14082,596500
14083,593900
14084,613300
14085,593600
14086,638700
14087,596600
14088,592800
14089,1001700
14090,600500
14091,663000
14092,782000
14093,761800
14094,715000
14095,715300
14096,633600
14097,607000
14098,602100
14099,604800
14100,600100
14101,604800
14102,601500
14103,592600
14104,592400
14105,592600
14106,595500
14107,608400
14108,591500
14109,596300
14110,587900
14111,592000
14112,590600
14113,595800
14114,597700
14115,620800
14116,825400
14117,752300
14118,743800
14119,745600
14120,740500
14121,738600
14122,736000
14123,746000
14124,647500
14125,783000
14126,736300
14127,716400
14128,653400
14129,600700
14130,607500
14131,604700
14132,604100
14133,602800
14134,588000
14135,597900
14136,594200
14137,591600
14138,621100
14139,743400
14140,707100
14141,646800
14142,608400
14143,613700
14144,604000
14145,605700
14146,604700
14147,610500
14148,592200
14149,599500
14150,592500
14151,597400
14152,592700
14153,605400
14154,591200
14155,592500
14156,591300
14157,702900
14158,593900
14159,596500
14160,588800
14161,594600
14162,592400
14163,596400
14164,643100
14165,771300
14166,734800
14167,1186800
14168,666500
14169,707500
14170,614800
14171,612800
14172,607500
14173,595300
14174,594800
14175,606900
14176,615000
14177,608700
14178,600000
14179,601700
14180,594700
14181,595900
14182,600400
14183,601300
14184,597500
14185,593000
14186,592700
14187,591200
14188,826800
14189,908500
14190,616000
14191,608500
14192,594900
14193,596800
14194,595200
14195,596100
14196,594800
14197,596500
14198,593400
14199,595400
14200,598500
14201,594000
14202,593300
14203,594500
14204,593000
14205,593400
14206,593300
14207,595500
14208,589300
14209,592100
14210,592700
14211,591800
14212,594700
14213,600500
14214,846700
14215,969000
14216,774600
14217,771600
14218,709700
14219,637400
14220,643000
14221,639000
14222,639500
14223,644000
14224,635800
14225,627600
14226,629800
14227,628800
14228,633900
14229,630300
14230,626700
14231,647300
14232,635000
14233,633400
14234,623000
14235,733000
14236,625500
14237,674500
14238,716000
14239,661600
14240,648100
14241,653700
14242,645200
14243,644700
14244,1023100
14245,640200
14246,649500
14247,651300
14248,650900
14249,636100
14250,627800
14251,632600
14252,643400
14253,635500
14254,638100
14255,634600
14256,643600
14257,634100
14258,630300
14259,637800
14260,655600
14261,629700
14262,809300
14263,643700
14264,662400
14265,644400
14266,636400
14267,631600
14268,633100
14269,644300
14270,627700
14271,639700
14272,624200
14273,647500
14274,626500
14275,634900
14276,625900
14277,636300
14278,642500
14279,630400
14280,633100
14281,631400
14282,632600
14283,633500
14284,669500
14285,632400
14286,765000
14287,753600
14288,717800
14289,714600
14290,656300
14291,599500
14292,614600
14293,596800
14294,595100
14295,601300
14296,597000
14297,596100
14298,590500
14299,593200
14300,595400
14301,595400
14302,594600
14303,592500
14304,590500
14305,593600
14306,595200
14307,592200
14308,590000
14309,631900
14310,598400
14311,633700
14312,802700
14313,703200
14314,761900
14315,641500
14316,649600
14317,648700
14318,638600
14319,644700
14320,626900
14321,634800
14322,963900
14323,628100
14324,645300
14325,634100
14326,631800
14327,625700
14328,631800
14329,626600
14330,630300
14331,624200
14332,686800
14333,641300
14334,628700
14335,661200
14336,637900
14337,640200
14338,626100
14339,632000
14340,631900
14341,640700
14342,623400
14343,658600
14344,641600
14345,627500
14346,628600
14347,626000
14348,633100
14349,628300
14350,631200
14351,627800
14352,641600
14353,623500
14354,624800
14355,623800
14356,638000
14357,676200
14358,638200
14359,769900
14360,749000
14361,718700
14362,662600
14363,621000
14364,603200
14365,605800
14366,604300
14367,607700
14368,611800
14369,598200
14370,593700
14371,592800
14372,596700
14373,593100
14374,592900
14375,591700
14376,594400
14377,592300
14378,596100
14379,594000
14380,594800
14381,607100
14382,627600
14383,596700
14384,654200
14385,609600
14386,617300
14387,616500
14388,608200
14389,604500
14390,606900
14391,593300
14392,602800
14393,590800
14394,591600
14395,687300
14396,594800
14397,592600
14398,597600
14399,592500
14400,593700
14401,886700
14402,599200
14403,593900
14404,596700
14405,603900
14406,595800
14407,618300
14408,601700
14409,738500
14410,765000
14411,744400
14412,685100
14413,606700
14414,614300
14415,609300
14416,606900
14417,605100
14418,603700
14419,602600
14420,613300
14421,594000
14422,598200
14423,593700
14424,595400
14425,594000
14426,595000
14427,601000
14428,595800
14429,595000
14430,594100
14431,591700
14432,660600
14433,618700
14434,599200
14435,746500
14436,803200
14437,770500
14438,676400
14439,636800
14440,634900
14441,633000
14442,642200
14443,632600
14444,634700
14445,632900
14446,638300
14447,620400
14448,645500
14449,624900
14450,622900
14451,630300
14452,640700
14453,623000
14454,631000
14455,619700
14456,651100
14457,637000
14458,642600
14459,631700
14460,650600
14461,649300
14462,698600
14463,633800
14464,629600
14465,618900
14466,630700
14467,621100
14468,629200
14469,643700
14470,618000
14471,625200
14472,623100
14473,633100
14474,632500
14475,615700
14476,617700
14477,707400
14478,624900
14479,926000
14480,627900
14481,654100
14482,642400
14483,641900
14484,626400
14485,642000
14486,648600
14487,640400
14488,647100
14489,632500
14490,646400
14491,633700
14492,637800
14493,665600
14494,637200
14495,636700
14496,627100
14497,645400
14498,631500
14499,632000
14500,632700
14501,669500
14502,634200
14503,690700
14504,658700
14505,644500
14506,643100
14507,643800
14508,641900
14509,630000
14510,647400
14511,638200
14512,627100
14513,636800
14514,636200
14515,638100
14516,630100
14517,633300
14518,633600
14519,630600
14520,627800
14521,627900
14522,649900
14523,629600
14524,626300
14525,659300
14526,645200
14527,631000
14528,659300
14529,664600
14530,740100
14531,746400
14532,719500
14533,623100
14534,607700
14535,601400
14536,607200
14537,602700
14538,602000
14539,597300
14540,602400
14541,594900
14542,601700
14543,590500
14544,600700
14545,589500
14546,592500
14547,591300
14548,593800
14549,589900
14550,590400
14551,590400
14552,592200
14553,617000
14554,619100
14555,760100
14556,769700
14557,873100
14558,991100
14559,642300
14560,645500
14561,642100
14562,646700
14563,624900
14564,634100
14565,623400
14566,631600
14567,628700
14568,624600
14569,623000
14570,634200
14571,631600
14572,625200
14573,628100
14574,629400
14575,630200
14576,633700
14577,670300
14578,631300
14579,735900
14580,659900
14581,641600
14582,645100
14583,631000
14584,637800
14585,630400
14586,637300
14587,623600
14588,639600
14589,633400
14590,623600
14591,627600
14592,639400
14593,633200
14594,640900
14595,633300
14596,626900
14597,637900
14598,626400
14599,633600
14600,624900
14601,670900
14602,626600
14603,867700
14604,642700
14605,641600
14606,641800
14607,652100
14608,630800
14609,629500
14610,637000
14611,630900
14612,625600
14613,623600
14614,629500
14615,625300
14616,623400
14617,627100
14618,640500
14619,620700
14620,713100
14621,731400
14622,731100
14623,739800
14624,727900
14625,748800
14626,2039100
14627,674000
14628,642300
14629,631400
14630,638300
14631,621600
14632,1006600
14633,624800
14634,633300
14635,641500
14636,785200
14637,642400
14638,638500
14639,631500
14640,622100
14641,634500
14642,636900
14643,627900
14644,624800
14645,678800
14646,627600
14647,776000
14648,656300
14649,656700
14650,639600
14651,640400
14652,631200
14653,645100
14654,627900
14655,636100
14656,645100
14657,633100
14658,626400
14659,632100
14660,634700
14661,631500
14662,625600
14663,632400
14664,624300
14665,645400
14666,639900
14667,629700
14668,629000
14669,785300
14670,829800
14671,5349100
14672,639100
14673,617900
14674,610700
14675,607200
14676,604900
14677,604700
14678,599300
14679,600000
14680,669000
14681,747500
14682,733400
14683,644900
14684,632400
14685,726000
14686,754700
14687,747200
14688,730300
14689,740900
14690,645800
14691,645700
14692,651600
14693,645100
14694,627900
14695,643300
14696,631700
14697,637900
14698,627600
14699,634300
14700,1002900
14701,641900
14702,631800
14703,751300
14704,639100
14705,625300
14706,629800
14707,639300
14708,649800
14709,633300
14710,743200
14711,653200
14712,651900
14713,654600
14714,644700
14715,648400
14716,658200
14717,643700
14718,840900
14719,725200
14720,709200
14721,610100
14722,606300
14723,607600
14724,608900
14725,612600
14726,613400
14727,611900
14728,623200
14729,603000
14730,596300
14731,596300
14732,665100
14733,603200
14734,825600
14735,633500
14736,619500
14737,614200
14738,611200
14739,606500
14740,627400
14741,619400
14742,607900
14743,606000
14744,621500
14745,601300
14746,599500
14747,598700
14748,623800
14749,637700
14750,611600
14751,608200
14752,620600
14753,616500
14754,601100
14755,598900
14756,608000
14757,598700
14758,597900
14759,2033700
14760,883000
14761,733400
14762,627500
14763,632300
14764,611200
14765,612300
14766,613100
14767,602400
14768,601400
14769,599000
14770,600000
14771,608200
14772,603500
14773,602300
14774,598600
14775,599200
14776,1088800
14777,612300
14778,638300
14779,717800
14780,786300
14781,754900
14782,665800
14783,654600
14784,646800
14785,635400
14786,647600
14787,636400
14788,636200
14789,673800
14790,635100
14791,646000
14792,633200
14793,654100
14794,635000
14795,641300
14796,645800
14797,638400
14798,642600
14799,632100
14800,642100
14801,626700
14802,1237400
14803,744500
14804,731700
14805,655600
14806,600400
14807,615600
14808,611600
14809,604600
14810,611300
14811,599900
14812,601200
14813,598700
14814,599800
14815,605000
14816,601600
14817,626100
14818,612200
14819,598400
14820,595000
14821,599100
14822,597200
14823,599000
14824,594300
14825,646300
14826,755300
14827,751500
14828,746400
14829,714300
14830,697500
14831,602800
14832,604200
14833,603100
14834,611500
14835,598200
14836,597300
14837,599300
14838,595400
14839,608400
14840,611600
14841,598100
14842,593600
14843,592300
14844,593700
14845,590200
14846,588000
14847,595100
14848,592700
14849,594200
14850,703300
14851,1010000
14852,920200
14853,1011200
14854,612500
14855,612200
14856,609200
14857,606700
14858,707800
14859,605600
14860,605700
14861,600500
14862,613900
14863,600600
14864,598400
14865,600700
14866,599300
14867,597800
14868,599600
14869,599900
14870,597400
14871,597800
14872,600200
14873,598000
14874,787300
14875,931900
14876,749600
14877,672800
14878,622700
14879,610500
14880,606800
14881,601900
14882,603700
14883,606800
14884,598600
14885,596500
14886,616400
14887,601600
14888,603400
14889,591900
14890,593300
14891,593600
14892,595700
14893,607200
14894,595600
14895,589400
14896,594100
14897,591600
14898,590900
14899,612300
14900,628900
14901,771700
14902,764800
14903,714600
14904,691700
14905,607600
14906,605000
14907,602300
14908,602900
14909,599800
14910,612000
14911,594400
14912,596600
14913,591300
14914,594500
14915,588200
14916,590800
14917,591300
14918,590200
14919,592200
14920,588300
14921,591400
14922,593500
14923,593000
14924,592600
14925,687800
14926,5753200
14927,1131600
14928,673400
14929,599900
14930,695600
14931,596500
14932,598200
14933,623600
14934,598000
14935,596900
14936,596900
14937,589700
14938,588600
14939,587000
14940,588200
14941,612200
14942,642500
14943,707000
14944,621900
14945,614200
14946,645900
14947,615500
14948,599700
14949,594000
14950,603100
14951,596800
14952,595100
14953,593100
14954,595000
14955,593900
14956,596100
14957,599300
14958,597400
14959,602700
14960,600400
14961,596600
14962,593100
14963,591400
14964,592200
14965,589200
14966,734400
14967,847700
14968,717300
14969,625800
14970,607900
14971,603700
14972,608100
14973,605900
14974,600000
14975,609000
14976,604700
14977,626500
14978,592600
14979,590400
14980,592700
14981,590600
14982,590600
14983,589800
14984,589500
14985,588100
14986,589800
14987,590100
14988,588800
14989,591500
14990,588200
14991,592200
14992,611900
14993,601900
14994,820300
14995,744100
14996,729400
14997,722000
14998,641400
14999,627000
15000,610500
15001,607100
15002,607200
15003,604000
15004,884400
15005,610600
15006,601200
15007,602100
15008,598800
15009,599900
15010,603700
15011,599000
15012,606600
15013,724100
15014,606000
15015,612800
15016,703300
15017,621500
15018,639700
15019,635000
15020,623200
15021,616300
15022,632200
15023,609400
15024,598600
15025,598500
15026,601000
15027,594100
15028,595700
15029,594800
15030,597500
15031,597700
15032,592700
15033,589500
15034,595400
15035,595200
15036,595600
15037,598000
15038,627000
15039,588400
15040,593400
15041,588900
15042,775800
15043,829600
15044,664900
15045,598900
15046,623500
15047,605200
15048,607500
15049,600800
15050,597800
15051,594100
15052,595600
15053,590600
15054,597100
15055,591400
15056,594400
15057,591400
15058,593600
15059,587900
15060,590600
15061,589300
15062,592400
15063,587300
15064,590200
15065,585900
15066,592000
15067,720800
15068,877700
15069,727000
15070,724600
15071,691900
15072,605400
15073,601300
15074,596600
15075,599000
15076,602300
15077,586700
15078,594000
15079,591500
15080,594600
15081,597600
15082,595900
15083,590900
15084,834100
15085,593200
15086,591300
15087,591100
15088,593000
15089,587300
15090,590000
15091,590500
15092,609400
15093,590000
15094,853900
15095,645400
15096,632000
15097,611100
15098,597100
15099,595000
15100,593700
15101,590600
15102,591800
15103,587100
15104,587900
15105,589200
15106,591500
15107,588000
15108,599300
15109,592500
15110,586700
15111,584500
15112,588400
15113,587600
15114,590200
15115,587100
15116,591900
15117,683900
15118,764100
15119,657100
15120,609700
15121,607000
15122,609900
15123,605800
15124,606800
15125,603900
15126,589300
15127,588000
15128,592300
15129,592500
15130,602100
15131,593700
15132,596600
15133,599600
15134,597400
15135,589500
15136,592900
15137,589800
15138,593500
15139,587700
15140,591700
15141,586200
15142,589100
15143,623000
15144,593300
15145,607700
15146,598800
15147,600600
15148,606700
15149,601100
15150,595800
15151,588300
15152,599500
15153,589300
15154,591100
15155,590600
15156,592500
15157,590800
15158,591200
15159,590100
15160,591000
15161,590500
15162,593500
15163,587900
15164,590000
15165,587600
15166,590800
15167,790700
15168,597400
15169,5472600
15170,1199100
15171,900500
15172,613900
15173,602600
15174,597800
15175,597200
15176,597900
15177,590900
15178,593300
15179,597800
15180,593300
15181,596300
15182,592200
15183,592300
15184,596700
15185,593200
15186,769200
15187,833100
15188,685100
15189,604700
15190,598800
15191,589400
15192,612300
15193,591700
15194,599000
15195,591800
15196,594800
15197,591500
15198,591200
15199,592300
15200,588400
15201,593800
15202,588100
15203,589400
15204,588700
15205,588100
15206,589700
15207,589700
15208,585900
15209,619600
15210,588100
15211,622700
15212,863200
15213,952800
15214,731900
15215,704700
15216,697400
15217,670400
15218,599500
15219,595000
15220,595500
15221,603000
15222,604400
15223,590700
15224,593000
15225,590600
15226,589900
15227,589900
15228,605200
15229,591500
15230,588100
15231,600200
15232,606100
15233,591300
15234,589100
15235,589600
15236,630100
15237,593200
15238,940600
15239,743900
15240,649400
15241,606800
15242,616000
15243,606100
15244,595400
15245,595300
15246,604400
15247,594500
15248,593500
15249,591600
15250,593800
15251,591500
15252,678500
15253,594100
15254,592500
15255,587200
15256,595900
15257,607800
15258,594400
15259,589900
15260,595100
15261,777400
15262,855900
15263,715900
15264,703800
15265,675100
15266,597900
15267,596800
15268,598400
15269,601600
15270,597200
15271,594100
15272,596900
15273,591100
15274,596700
15275,592600
15276,589300
15277,587800
15278,590300
15279,652000
15280,612500
15281,617300
15282,630100
15283,600700
15284,617300
15285,604400
15286,623000
15287,606900
15288,710500
15289,735500
15290,634200
15291,604900
15292,610900
15293,602000
15294,602200
15295,602500
15296,602200
15297,601500
15298,603700
15299,601800
15300,603100
15301,598900
15302,602600
15303,604000
15304,602200
15305,630900
15306,608000
15307,602600
15308,609200
15309,593700
15310,600400
15311,724000
15312,605000
15313,793400
15314,630500
15315,615800
15316,610300
15317,614000
15318,883400
15319,611300
15320,610400
15321,603400
15322,601200
15323,602100
15324,605000
15325,601700
15326,601800
15327,602900
15328,623100
15329,597400
15330,598900
15331,597500
15332,594200
15333,698000
15334,595100
15335,667000
15336,766000
15337,869900
15338,660100
15339,716000
15340,656600
15341,645500
15342,644300
15343,643200
15344,635200
15345,630600
15346,637900
15347,648100
15348,635200
15349,631400
15350,627700
15351,651000
15352,627900
15353,644900
15354,642600
15355,631900
15356,622800
15357,631900
15358,632600
15359,672700
15360,634700
15361,656400
15362,634900
15363,634900
15364,630000
15365,622800
15366,637000
15367,625800
15368,629300
15369,632800
15370,632100
15371,623700
15372,628300
15373,632400
15374,630800
15375,636200
15376,629000
15377,631900
15378,616100
15379,623300
15380,622600
15381,615500
15382,630500
15383,621300
15384,766300
15385,867300
15386,663900
15387,683600
15388,601100
15389,602000
15390,600000
15391,597200
15392,606400
15393,603000
15394,601700
15395,592900
15396,838600
15397,598800
15398,602800
15399,596100
15400,599300
15401,592400
15402,599600
15403,594200
15404,597600
15405,599700
15406,595000
15407,597100
15408,696500
15409,833900
15410,742900
15411,617100
15412,690900
15413,605100
15414,598100
15415,599500
15416,594900
15417,596500
15418,596500
15419,597800
15420,592700
15421,594100
15422,602500
15423,593400
15424,591900
15425,590600
15426,593000
15427,591100
15428,595500
15429,593500
15430,592800
15431,591200
15432,594200
15433,695600
15434,757600
15435,775500
15436,633700
15437,681000
15438,618800
15439,609900
15440,616800
15441,610800
15442,631700
15443,598500
15444,603800
15445,613400
15446,648300
15447,612700
15448,603600
15449,594000
15450,923700
15451,644500
15452,611700
15453,598500
15454,596900
15455,591300
15456,598200
15457,593700
15458,639200
15459,600500
15460,595800
15461,618900
15462,604000
15463,609500
15464,612700
15465,602200
15466,603400
15467,600400
15468,599600
15469,603000
15470,607700
15471,596900
15472,594500
15473,593200
15474,639500
15475,599200
15476,825700
15477,602300
15478,599400
15479,604200
15480,603000
15481,592000
15482,597700
15483,654200
15484,739300
15485,845000
15486,761900
15487,729700
15488,715800
15489,651200
15490,606700
15491,606300
15492,608200
15493,708700
15494,611200
15495,610800
15496,601200
15497,596500
15498,597300
15499,596500
15500,596900
15501,594500
15502,599600
15503,596500
15504,595300
15505,595100
15506,594700
15507,599200
15508,626000
15509,594600
15510,616500
15511,731200
15512,795200
15513,712900
15514,652600
15515,651200
15516,640400
15517,650000
15518,642800
15519,632300
15520,628600
15521,635200
15522,640900
15523,628400
15524,634200
15525,629300
15526,637100
15527,638300
15528,740100
15529,741500
15530,735200
15531,738700
15532,739600
15533,2431000
15534,676500
15535,650500
15536,643500
15537,656500
15538,655000
15539,647300
15540,632100
15541,644500
15542,636100
15543,643200
15544,736300
15545,887200
15546,853100
15547,883800
15548,843100
15549,1300300
15550,906300
15551,957600
15552,745100
15553,721000
15554,665100
15555,601700
15556,604700
15557,612100
15558,691800
15559,619800
15560,641800
15561,725200
15562,922300
15563,659000
15564,610300
15565,711300
15566,602400
15567,602600
15568,595100
15569,604300
15570,594600
15571,593700
15572,645300
15573,746300
15574,710300
15575,700200
15576,604800
15577,611300
15578,606200
15579,606400
15580,612900
15581,605100
15582,614800
15583,602900
15584,636600
15585,621900
15586,599200
15587,606700
15588,598100
15589,600200
15590,597100
15591,600700
15592,600000
15593,602600
15594,598600
15595,598900
15596,596800
15597,642700
15598,764600
15599,899800
15600,780200
15601,782200
15602,701300
15603,644900
15604,651900
15605,656600
15606,637300
15607,661500
15608,635400
15609,643200
15610,632200
15611,641100
15612,641100
15613,637800
15614,633000
15615,633500
15616,624800
15617,632100
15618,633300
15619,629500
15620,623300
15621,703900
15622,639100
15623,647700
15624,1000700
15625,648100
15626,639200
15627,643600
15628,631900
15629,630800
15630,642200
15631,633800
15632,636400
15633,641100
15634,630900
15635,637900
15636,630800
15637,628200
15638,633300
15639,625400
15640,624300
15641,639300
15642,631600
15643,630300
15644,732200
15645,5900200
15646,759400
15647,740700
15648,665900
15649,645300
15650,643500
15651,644500
15652,646000
15653,627100
15654,632300
15655,640200
15656,631400
15657,628200
15658,628800
15659,635900
15660,620700
15661,662000
15662,627900
15663,661600
15664,652600
15665,643100
15666,642000
15667,638100
15668,629500
15669,628500
15670,634500
15671,628800
15672,630700
15673,625400
15674,634800
15675,630200
15676,631300
15677,634900
15678,635600
15679,621400
15680,634500
15681,628200
15682,632700
15683,623800
15684,632400
15685,738000
15686,636100
15687,4728900
15688,981200
15689,654500
15690,760500
15691,649400
15692,801400
15693,654400
15694,620500
15695,609100
15696,600800
15697,599700
15698,603700
15699,605500
15700,606400
15701,606500
15702,605200
15703,826800
15704,1037300
15705,749800
15706,711500
15707,702700
15708,681800
15709,604600
15710,599900
15711,599800
15712,601900
15713,603000
15714,592000
15715,693900
15716,593800
15717,593900
15718,601900
15719,595500
15720,591900
15721,591500
15722,592200
15723,589200
15724,588900
15725,589200
15726,681200
15727,759800
15728,718600
15729,676300
15730,607300
15731,596600
15732,594700
15733,592100
15734,599100
15735,588200
15736,602700
15737,591500
15738,594300
15739,590800
15740,588300
15741,589200
15742,588400
15743,585000
15744,590500
15745,587900
15746,588100
15747,589600
15748,589800
15749,588100
15750,588400
15751,594700
15752,655800
15753,788100
15754,5527000
15755,746200
15756,716000
15757,989400
15758,607600
15759,597500
15760,602400
15761,600200
15762,599700
15763,604300
15764,595300
15765,589500
15766,591600
15767,601900
15768,806900
15769,1022400
15770,969500
15771,734100
15772,614800
15773,617800
15774,598400
15775,599800
15776,604700
15777,592400
15778,597900
15779,595400
15780,595800
15781,598100
15782,593000
15783,595600
15784,593900
15785,592900
15786,597200
15787,592800
15788,684500
15789,598700
15790,609300
15791,593000
15792,708500
15793,857200
15794,779500
15795,688600
15796,606300
15797,609500
15798,602300
15799,609200
15800,605600
15801,590400
15802,595400
15803,592500
15804,593100
15805,603400
15806,593200
15807,592400
15808,586900
15809,591000
15810,590800
15811,588200
15812,610100
15813,590500
15814,612000
15815,591200
15816,587000
15817,589600
15818,690000
15819,5115500
15820,646300
15821,617600
15822,610000
15823,609200
15824,610000
15825,611800
15826,1831800
15827,941000
15828,606900
15829,598500
15830,617300
15831,599400
15832,670900
15833,750400
15834,704800
15835,607700
15836,610600
15837,607500
15838,594000
15839,602800
15840,590700
15841,592500
15842,595200
15843,591300
15844,588200
15845,591300
15846,589900
15847,590300
15848,588700
15849,587500
15850,593200
15851,589200
15852,589400
15853,589500
15854,588100
15855,600300
15856,587500
15857,591500
15858,632100
15859,755600
15860,834500
15861,652500
15862,718400
15863,615700
15864,608800
15865,610700
15866,608200
15867,608100
15868,600900
15869,604800
15870,599800
15871,605100
15872,602300
15873,600600
15874,604400
15875,597800
15876,595600
15877,595700
15878,616200
15879,599000
15880,595600
15881,598900
15882,596500
15883,619500
15884,601100
15885,891000
15886,778800
15887,734300
15888,623000
15889,611600
15890,602500
15891,602300
15892,599200
15893,600500
15894,599300
15895,596900
15896,594900
15897,596900
15898,597500
15899,595100
15900,593900
15901,603900
15902,594100
15903,597600
15904,593500
15905,594600
15906,600200
15907,1003600
15908,908700
15909,748600
15910,717600
15911,709100
15912,692100
15913,601600
15914,606300
15915,603200
15916,599700
15917,606200
15918,591600
15919,590800
15920,588600
15921,594900
15922,590100
15923,593800
15924,617400
15925,597300
15926,590500
15927,594500
15928,591900
15929,594500
15930,586400
15931,590300
15932,623100
15933,590200
15934,756900
15935,743900
15936,716100
15937,641400
15938,608300
15939,600600
15940,598600
15941,601100
15942,598000
15943,693600
15944,609300
15945,600100
15946,596900
15947,597300
15948,604200
15949,590900
15950,586400
15951,590200
15952,589800
15953,589300
15954,585400
15955,587900
15956,588300
15957,719200
15958,1005400
15959,707300
15960,615700
15961,621400
15962,605400
15963,603600
15964,600600
15965,599800
15966,600500
15967,599000
15968,593900
15969,608800
15970,599900
15971,594600
15972,592300
15973,601700
15974,592000
15975,591300
15976,595600
15977,598600
15978,593900
15979,593100
15980,595200
15981,589000
15982,591300
15983,803800
15984,1011200
15985,641500
15986,899400
15987,625100
15988,614200
15989,604500
15990,607800
15991,610700
15992,602100
15993,607200
15994,601900
15995,602500
15996,620100
15997,606900
15998,598900
15999,601600
16000,599300
16001,608400
16002,601600
16003,600700
16004,606200
16005,606900
16006,604100
16007,784300
16008,831200
16009,675200
16010,608600
16011,603300
16012,600900
16013,607300
16014,600800
16015,597600
16016,600000
16017,602900
16018,602400
16019,600900
16020,614900
16021,597200
16022,600900
16023,600000
16024,600900
16025,682400
16026,601100
16027,596600
16028,598500
16029,593400
16030,592800
16031,701700
16032,894200
16033,754100
16034,721900
16035,686400
16036,605700
16037,607700
16038,601600
16039,603300
16040,603800
16041,605800
16042,600600
16043,603900
16044,595600
16045,595600
16046,589700
16047,594400
16048,589400
16049,597200
16050,593600
16051,606300
16052,592500
16053,594100
16054,590400
16055,597000
16056,635200
16057,600900
16058,620300
16059,649600
16060,619400
16061,615900
16062,610600
16063,604500
16064,599100
16065,599100
16066,815800
16067,605300
16068,610300
16069,602500
16070,593300
16071,593100
16072,588600
16073,590900
16074,588200
16075,596000
16076,590000
16077,592900
16078,595700
16079,589200
16080,590700
16081,591400
16082,760800
16083,879800
16084,661000
16085,651700
16086,657000
16087,644200
16088,633200
16089,631900
16090,633600
16091,637400
16092,636200
16093,624300
16094,636600
16095,627100
16096,621900
16097,636800
16098,640600
16099,619200
16100,631600
16101,632400
16102,637100
16103,625500
16104,629700
16105,724200
16106,803500
16107,864900
16108,699000
16109,656800
16110,648300
16111,640400
16112,682300
16113,648500
16114,650800
16115,644100
16116,636600
16117,629800
16118,634300
16119,637400
16120,628600
16121,633700
16122,627700
16123,631900
16124,626100
16125,641800
16126,632000
16127,627100
16128,630500
16129,627600
16130,810600
16131,747700
16132,790600
16133,670300
16134,642600
16135,686500
16136,673800
16137,668200
16138,640500
16139,627300
16140,635900
16141,637800
16142,621300
16143,852300
16144,625300
16145,635600
16146,631700
16147,639900
16148,631000
16149,624200
16150,629700
16151,635200
16152,635800
16153,634300
16154,645000
16155,643200
16156,664100
16157,637700
16158,646200
16159,636500
16160,622900
16161,636500
16162,643600
16163,630800
16164,629000
16165,628000
16166,637800
16167,630300
16168,633400
16169,620100
16170,621500
16171,628100
16172,629900
16173,622500
16174,639100
16175,625700
16176,624300
16177,625900
16178,664300
16179,626500
16180,772800
16181,645100
16182,649500
16183,652400
16184,746600
16185,638300
16186,639800
16187,642400
16188,635200
16189,637100
16190,641000
16191,624300
16192,637600
16193,639300
16194,636400
16195,631800
16196,626700
16197,629200
16198,636200
16199,627100
16200,625800
16201,622900
16202,717300
16203,842200
16204,752300
16205,654300
16206,627900
16207,659700
16208,635700
16209,632200
16210,634700
16211,629200
16212,623700
16213,630200
16214,633400
16215,623500
16216,622400
16217,630000
16218,632700
16219,626500
16220,829800
16221,674200
16222,633100
16223,629600
16224,642000
16225,627500
16226,686500
16227,930500
16228,640000
16229,618400
16230,610100
16231,797700
16232,906400
16233,885300
16234,809100
16235,628500
16236,644200
16237,614100
16238,621600
16239,606900
16240,605500
16241,597400
16242,606100
16243,618100
16244,616900
16245,603800
16246,605600
16247,604100
16248,738000
16249,917200
16250,759100
16251,640100
16252,623900
16253,617200
16254,623700
16255,611300
16256,608500
16257,609100
16258,613000
16259,597900
16260,601400
16261,697200
16262,607100
16263,599500
16264,603500
16265,598000
16266,601100
16267,600500
16268,599800
16269,599200
16270,600800
16271,621200
16272,711200
16273,659600
16274,613000
16275,621500
16276,615100
16277,605700
16278,608800
16279,615500
16280,607500
16281,605000
16282,608100
16283,605100
16284,605600
16285,603700
16286,606500
16287,602700
16288,634300
16289,622300
16290,606400
16291,601600
16292,609800
16293,603900
16294,603500
16295,610300
16296,607600
16297,605700
16298,1137300
16299,645200
16300,780200
16301,635800
16302,607200
16303,607500
16304,604900
16305,609400
16306,616000
16307,607200
16308,605400
16309,604400
16310,608400
16311,612100
16312,602800
16313,600200
16314,600400
16315,604400
16316,600000
16317,596200
16318,601800
16319,601700
16320,613800
16321,600800
16322,628000
16323,634100
16324,621200
16325,600600
16326,611700
16327,607600
16328,725700
16329,609800
16330,610100
16331,601000
16332,602000
16333,601400
16334,602300
16335,599400
16336,601800
16337,601100
16338,604300
16339,601100
16340,598200
16341,596500
16342,602400
16343,598000
16344,714200
16345,601000
16346,601200
16347,600900
16348,600600
16349,679500
16350,621600
16351,602500
16352,601600
16353,601100
16354,599200
16355,597900
16356,589600
16357,593300
16358,592000
16359,590100
16360,590400
16361,591800
16362,591600
16363,593100
16364,591300
16365,593800
16366,593100
16367,596100
16368,592600
16369,589600
16370,592100
16371,595400
16372,593800
16373,588600
16374,684400
16375,749900
16376,751100
16377,792800
16378,993800
16379,668200
16380,654400
16381,655100
16382,656200
16383,655100
16384,652800
16385,648700
16386,641100
16387,640000
16388,639600
16389,628300
16390,637200
16391,642200
16392,636100
16393,630100
16394,629100
16395,651300
16396,633900
16397,634500
16398,675400
16399,639700
16400,710700
16401,656600
16402,647500
16403,629200
16404,634200
16405,639600
16406,624700
16407,638800
16408,631400
16409,622100
16410,637800
16411,628900
16412,641100
16413,628200
16414,638700
16415,641500
16416,628600
16417,633400
16418,632200
16419,637400
16420,746800
16421,738200
16422,740500
16423,850000
16424,735600
16425,2078500
16426,934900
16427,658600
16428,650400
16429,632300
16430,643000
16431,639300
16432,638300
16433,624500
16434,630400
16435,628600
16436,633100
16437,621400
16438,630700
16439,617400
16440,667700
16441,623500
16442,629700
16443,748700
16444,633300
16445,628400
16446,648500
16447,647800
16448,632200
16449,625500
16450,642200
16451,630900
16452,984800
16453,637200
16454,626100
16455,666400
16456,632200
16457,630000
16458,636000
16459,634600
16460,626600
16461,641600
16462,631200
16463,630000
16464,629700
16465,659900
16466,635100
16467,666300
16468,633700
16469,767000
16470,646000
16471,662700
16472,649600
16473,632500
16474,685900
16475,632900
16476,643800
16477,629900
16478,644100
16479,638600
16480,631800
16481,623400
16482,633600
16483,634000
16484,621100
16485,631800
16486,634100
16487,629500
16488,628500
16489,620400
16490,634700
16491,690200
16492,634800
16493,783800
16494,637800
16495,631700
16496,630400
16497,636300
16498,813500
16499,625700
16500,642600
16501,626600
16502,639700
16503,622900
16504,622500
16505,632000
16506,632500
16507,624000
16508,641500
16509,624100
16510,631000
16511,623400
16512,629300
16513,619900
16514,629500
16515,620300
16516,661400
16517,624400
16518,775100
16519,6053600
16520,1135400
16521,711000
16522,630200
16523,613100
16524,612000
16525,602500
16526,609600
16527,607400
16528,599600
16529,598600
16530,599400
16531,769200
16532,630400
16533,650500
16534,806200
16535,746600
16536,679500
16537,643300
16538,657100
16539,660300
16540,642700
16541,642900
16542,637200
16543,638900
16544,630600
16545,642300
16546,635400
16547,633800
16548,636300
16549,633800
16550,645600
16551,645800
16552,637900
16553,626300
16554,630400
16555,658800
16556,626900
16557,823700
16558,652400
16559,635500
16560,645400
16561,629600
16562,627800
16563,627400
16564,634500
16565,630200
16566,634200
16567,625700
16568,751600
16569,628300
16570,638600
16571,636600
16572,631700
16573,624200
16574,636700
16575,633600
16576,626400
16577,630300
16578,626500
16579,654100
16580,5462400
16581,678500
16582,648000
16583,636400
16584,655100
16585,644900
16586,652700
16587,656000
16588,638500
16589,1006300
16590,634300
16591,653800
16592,637200
16593,639600
16594,634500
16595,628700
16596,815500
16597,847900
16598,708600
16599,634800
16600,635200
16601,652700
16602,650800
16603,660300
16604,660300
16605,627500
16606,653300
16607,637700
16608,651600
16609,647600
16610,665800
16611,643200
16612,635500
16613,623100
16614,639700
16615,634000
16616,629300
16617,632900
16618,630100
16619,742700
16620,775500
16621,665600
16622,614200
16623,608100
16624,607800
16625,608300
16626,616200
16627,603400
16628,601800
16629,602300
16630,622500
16631,593300
16632,592900
16633,604900
16634,606200
16635,599500
16636,599700
16637,599000
16638,596000
16639,702400
16640,597600
16641,593100
16642,599200
16643,635500
16644,682400
16645,746500
16646,887500
16647,787300
16648,682500
16649,640100
16650,641800
16651,640300
16652,635800
16653,646400
16654,640500
16655,648600
16656,631300
16657,626600
16658,631500
16659,633100
16660,622400
16661,621700
16662,628000
16663,631300
16664,626800
16665,628300
16666,934800
16667,631700
16668,758300
16669,718200
16670,823000
16671,710100
16672,648300
16673,612300
16674,607800
16675,614600
16676,595200
16677,597700
16678,599100
16679,592600
16680,596300
16681,590500
16682,591900
16683,591800
16684,593600
16685,590200
16686,592800
16687,591700
16688,596300
16689,590400
16690,591700
16691,590500
16692,594600
16693,724600
16694,766700
16695,603700
16696,608000
16697,617100
16698,618000
16699,593800
16700,612300
16701,598800
16702,600600
16703,599400
16704,598600
16705,596100
16706,599200
16707,594300
16708,602000
16709,595500
16710,599500
16711,591800
16712,593700
16713,591200
16714,606100
16715,590100
16716,593100
16717,590700
16718,593600
16719,618000
16720,697200
16721,711000
16722,676900
16723,659200
16724,655800
16725,661500
16726,657300
16727,650000
16728,645400
16729,647500
16730,652100
16731,644000
16732,643300
16733,657500
16734,648700
16735,645300
16736,636300
16737,644700
16738,644100
16739,639000
16740,650000
16741,637100
16742,641600
16743,652200
16744,683300
16745,972200
16746,622500
16747,623900
16748,615400
16749,609700
16750,621900
16751,604200
16752,611100
16753,601800
16754,604500
16755,601800
16756,606200
16757,603300
16758,606500
16759,601600
16760,603700
16761,600800
16762,606100
16763,602800
16764,607100
16765,599000
16766,606500
16767,750000
16768,865200
16769,732800
16770,714600
16771,731200
16772,658300
16773,604100
16774,603900
16775,604600
16776,607700
16777,602800
16778,602200
16779,601700
16780,607700
16781,597100
16782,606500
16783,597300
16784,600900
16785,597300
16786,598600
16787,598400
16788,600100
16789,596500
16790,599200
16791,598000
16792,623600
16793,597800
16794,652700
16795,789400
16796,727200
16797,707800
16798,632900
16799,598300
16800,696900
16801,600200
16802,598700
16803,594500
16804,598000
16805,598300
16806,601800
16807,601000
16808,599400
16809,594900
16810,596800
16811,595500
16812,593500
16813,589900
16814,595000
16815,591200
16816,634000
16817,819200
16818,924800
16819,620400
16820,615700
16821,630000
16822,655600
16823,731100
16824,1020500
16825,642200
16826,641500
16827,686900
16828,646400
16829,639000
16830,647200
16831,643000
16832,653700
16833,629900
16834,648200
16835,640400
16836,626100
16837,628400
16838,624800
16839,620800
16840,657400
16841,645100
16842,631600
16843,643100
16844,638800
16845,643700
16846,629300
16847,643600
16848,638300
16849,622700
16850,634800
16851,631800
16852,632000
16853,627000
16854,663400
16855,631500
16856,627000
16857,633200
16858,629700
16859,627700
16860,639000
16861,617200
16862,631800
16863,635200
16864,813400
16865,846800
16866,776900
16867,663600
16868,640900
16869,630600
16870,641400
16871,627700
16872,636100
16873,629400
16874,629600
16875,635000
16876,631600
16877,627400
16878,723200
16879,629200
16880,623400
16881,638200
16882,634100
16883,629200
16884,630300
16885,625300
16886,638200
16887,618700
16888,788000
16889,674700
16890,655900
16891,699600
16892,634100
16893,641200
16894,649600
16895,632100
16896,640000
16897,625000
16898,637500
16899,5431700
16900,918400
16901,654700
16902,641800
16903,630500
16904,685600
16905,651600
16906,655700
16907,637700
16908,637300
16909,629900
16910,627300
16911,637900
16912,641500
16913,632600
16914,631700
16915,631000
16916,628900
16917,642200
16918,635600
16919,627800
16920,635200
16921,636400
16922,629000
16923,626600
16924,633200
16925,622900
16926,642500
16927,633800
16928,654400
16929,779500
16930,645100
16931,636400
16932,655900
16933,631900
16934,641700
16935,651600
16936,640500
16937,637500
16938,632100
16939,644400
16940,633200
16941,646400
16942,634600
16943,668100
16944,634600
16945,628200
16946,642100
16947,625300
16948,636000
16949,732600
16950,623200
16951,633500
16952,624600
16953,673000
16954,628500
16955,803800
16956,645300
16957,689500
16958,674100
16959,658900
16960,671200
16961,652400
16962,641100
16963,662300
16964,650200
16965,639900
16966,655700
16967,652400
16968,649800
16969,640600
16970,913800
16971,641900
16972,673900
16973,669900
16974,641200
16975,654500
16976,765100
16977,896400
16978,736300
16979,654600
16980,667900
16981,641700
16982,655000
16983,663600
16984,659700
16985,644800
16986,658100
16987,644600
16988,652300
16989,646700
16990,643200
16991,643900
16992,652100
16993,644800
16994,657900
16995,647600
16996,635300
16997,642400
16998,635800
16999,706300
17000,664500
17001,638000
17002,663900
17003,656000
17004,638700
17005,657700
17006,739200
17007,680600
17008,667700
17009,655000
17010,643100
17011,661600
17012,649900
17013,645600
17014,651900
17015,646300
17016,641200
17017,669300
17018,659800
17019,653700
17020,650500
17021,653200
17022,676200
17023,698700
17024,660400
17025,829000
17026,874000
17027,691300
17028,612300
17029,610200
17030,612500
17031,610000
17032,607700
17033,601200
17034,600800
17035,598700
17036,600900
17037,600700
17038,602600
17039,601900
17040,616900
17041,599800
17042,601200
17043,596300
17044,592300
17045,880600
17046,602000
17047,602200
17048,775500
17049,731100
17050,987300
17051,889600
17052,767700
17053,714400
17054,699800
17055,674200
17056,817000
17057,635700
17058,671100
17059,660100
17060,658700
17061,682800
17062,676800
17063,697100
17064,654400
17065,652100
17066,656600
17067,658300
17068,656200
17069,682900
17070,769600
17071,773200
17072,732600
17073,678800
17074,618400
17075,608400
17076,614400
17077,609000
17078,618200
17079,602400
17080,609100
17081,595100
17082,602100
17083,616700
17084,624600
17085,604300
17086,608500
17087,604900
17088,605500
17089,597100
17090,597800
17091,597500
17092,599900
17093,602900
17094,599300
17095,690500
17096,612200
17097,611400
17098,607000
17099,621800
17100,636400
17101,605600
17102,612800
17103,712100
17104,614300
17105,665500
17106,601300
17107,606300
17108,601900
17109,639400
17110,599900
17111,599500
17112,605000
17113,608100
17114,607000
17115,609400
17116,601500
17117,595200
17118,595500
17119,597900
17120,741700
17121,774900
17122,1111300
17123,700200
17124,699200
17125,672500
17126,658500
17127,666300
17128,659600
17129,650900
17130,682500
17131,657100
17132,649600
17133,660200
17134,653800
17135,656000
17136,650200
17137,660100
17138,642600
17139,662100
17140,663200
17141,645700
17142,646000
17143,708700
17144,643600
17145,664600
17146,663600
17147,645300
17148,662300
17149,639900
17150,649600
17151,648100
17152,643100
17153,652900
17154,664100
17155,651300
17156,649400
17157,651700
17158,647000
17159,640000
17160,666300
17161,662700
17162,652400
17163,654300
17164,651100
17165,645100
17166,664700
17167,677600
17168,636400
17169,653800
17170,674400
17171,669400
17172,653700
17173,658500
17174,651800
17175,633400
17176,664800
17177,679900
17178,634100
17179,655300
17180,636700
17181,732600
17182,653500
17183,633300
17184,649700
17185,642800
17186,662800
17187,645500
17188,640200
17189,650600
17190,638200
17191,776700
17192,749000
17193,714000
17194,634600
17195,613100
17196,609900
17197,846300
17198,610400
17199,628000
17200,607100
17201,617900
17202,607300
17203,611700
17204,595600
17205,599400
17206,596500
17207,601000
17208,593900
17209,596600
17210,603700
17211,595000
17212,596900
17213,599300
17214,593800
17215,602400
17216,634500
17217,598600
17218,598400
17219,595800
17220,594500
17221,595300
17222,593700
17223,601600
17224,611000
17225,599700
17226,594300
17227,596100
17228,593200
17229,593600
17230,594800
17231,596400
17232,593400
17233,593100
17234,590800
17235,596800
17236,607100
17237,603000
17238,592600
17239,597100
17240,592300
17241,595900
17242,5923900
17243,761300
17244,685500
17245,613300
17246,608100
17247,608500
17248,607300
17249,604100
17250,604900
17251,606700
17252,607900
17253,629100
17254,683300
17255,600700
17256,596200
17257,596100
17258,661800
17259,600000
17260,826600
17261,811200
17262,774400
17263,706800
17264,657100
17265,644200
17266,667400
17267,659500
17268,641300
17269,902600
17270,642700
17271,663400
17272,662100
17273,644300
17274,647200
17275,648300
17276,642300
17277,647600
17278,646300
17279,644700
17280,631900
17281,738200
17282,658300
17283,650500
17284,686100
17285,656600
17286,708900
17287,664800
17288,654100
17289,649300
17290,657000
17291,658000
17292,643700
17293,667200
17294,655800
17295,642100
17296,664000
17297,649600
17298,649000
17299,648500
17300,647200
17301,5822900
17302,659700
17303,666600
17304,665600
17305,662100
17306,667500
17307,659700
17308,668100
17309,659100
17310,672600
17311,669100
17312,662200
17313,651700
17314,659800
17315,655200
17316,645700
17317,657900
17318,679900
17319,648200
17320,680400
17321,637900
17322,659700
17323,670900
17324,767600
17325,657300
17326,655000
17327,651700
17328,642700
17329,645800
17330,642600
17331,645700
17332,645500
17333,641300
17334,648300
17335,640200
17336,990700
17337,656300
17338,654800
17339,648100
17340,658300
17341,648000
17342,645400
17343,725600
17344,804800
17345,5702900
17346,796100
17347,793300
17348,668600
17349,692900
17350,674700
17351,655800
17352,657200
17353,663600
17354,659000
17355,650000
17356,666500
17357,653500
17358,645000
17359,708600
17360,860300
17361,640400
17362,672000
17363,684800
17364,667000
17365,668300
17366,651000
17367,658200
17368,665000
17369,654500
17370,641800
17371,662500
17372,653700
17373,642700
17374,656500
17375,656600
17376,674700
17377,645100
17378,657800
17379,644500
17380,675000
17381,650500
17382,790500
17383,831400
17384,802300
17385,805800
17386,806700
17387,788800
17388,804700
17389,808700
17390,1061600
17391,809200
17392,628000
17393,604300
17394,603200
17395,605600
17396,613600
17397,603700
17398,597800
17399,602000
17400,600900
17401,918200
17402,607600
17403,602500
17404,837000
17405,1014500
17406,755600
17407,782500
17408,680400
17409,665300
17410,653000
17411,668700
17412,670000
17413,656300
17414,650000
17415,655400
17416,664200
17417,658800
17418,665700
17419,678200
17420,651800
17421,656400
17422,644900
17423,649900
17424,642200
17425,662700
17426,691400
17427,646800
17428,824600
17429,5418600
17430,789800
17431,780600
17432,675900
17433,671500
17434,665900
17435,647900
17436,672400
17437,655700
17438,645300
17439,675300
17440,654900
17441,660700
17442,713200
17443,658900
17444,661700
17445,666500
17446,683800
17447,655400
17448,673500
17449,661400
17450,650000
17451,673500
17452,652400
17453,637200
17454,660300
17455,653100
17456,662100
17457,748300
17458,658000
17459,649100
17460,646900
17461,675200
17462,673700
17463,653900
17464,681800
17465,651200
17466,713000
17467,1024200
17468,672800
17469,662600
17470,671100
17471,663000
17472,756700
17473,660500
17474,654300
17475,651700
17476,663300
17477,650200
17478,659600
17479,722000
17480,655900
17481,650700
17482,654300
17483,656700
17484,669100
17485,671400
17486,655800
17487,646300
17488,648000
17489,934300
17490,881200
17491,662900
17492,678200
17493,660600
17494,658400
17495,677200
17496,662500
17497,646800
17498,680700
17499,657000
17500,667700
17501,656400
17502,662400
17503,660300
17504,652600
17505,661100
17506,666500
17507,657200
17508,679300
17509,658500
17510,659300
17511,5896200
17512,653700
17513,890500
17514,765900
17515,730200
17516,717000
17517,639000
17518,610400
17519,641900
17520,609400
17521,615800
17522,615800
17523,607300
17524,602300
17525,704300
17526,760700
17527,752100
17528,802500
17529,688400
17530,616300
17531,612700
17532,612100
17533,950900
17534,614200
17535,605200
17536,614200
17537,610400
17538,617200
17539,608100
17540,609600
17541,612100
17542,598300
17543,607200
17544,597400
17545,596700
17546,600800
17547,595500
17548,595600
17549,593100
17550,681900
17551,730100
17552,715800
17553,707500
17554,646100
17555,611600
17556,607600
17557,602900
17558,598400
17559,603800
17560,608400
17561,600300
17562,594900
17563,595100
17564,595200
17565,593200
17566,596400
17567,635800
17568,597000
17569,593500
17570,598200
17571,596000
17572,603800
17573,596200
17574,594700
17575,594400
17576,750600
17577,760200
17578,700300
17579,616600
17580,626500
17581,623000
17582,733900
17583,618400
17584,624100
17585,611200
17586,606600
17587,615900
17588,631800
17589,612400
17590,616100
17591,608800
17592,616200
17593,600000
17594,613600
17595,603800
17596,604100
17597,631400
17598,621000
17599,599800
17600,745700
17601,732200
17602,791300
17603,752200
17604,715300
17605,810100
17606,653500
17607,606500
17608,605100
17609,608000
17610,608900
17611,850800
17612,605900
17613,601500
17614,613200
17615,604900
17616,597600
17617,598800
17618,597900
17619,597700
17620,599300
17621,598900
17622,598100
17623,596600
17624,643900
17625,602100
17626,787600
17627,674400
17628,631500
17629,629300
17630,617900
17631,614300
17632,612200
17633,609800
17634,601700
17635,598700
17636,606800
17637,594500
17638,619600
17639,597000
17640,599900
17641,595600
17642,597900
17643,594900
17644,607100
17645,597000
17646,597100
17647,596400
17648,595700
17649,592900
17650,631900
17651,599800
17652,769200
17653,772600
17654,733500
17655,718400
17656,612800
17657,608700
17658,607600
17659,606500
17660,609000
17661,595900
17662,614400
17663,598600
17664,596900
17665,595100
17666,609400
17667,626500
17668,598900
17669,594700
17670,594500
17671,594700
17672,598600
17673,594600
17674,597900
17675,657100
17676,803800
17677,780900
17678,801200
17679,751000
17680,649200
17681,659200
17682,667300
17683,648400
17684,665400
17685,791200
17686,679000
17687,669700
17688,668500
17689,643700
17690,887000
17691,644900
17692,656000
17693,655300
17694,645500
17695,658700
17696,649300
17697,695600
17698,656100
17699,798500
17700,758100
17701,737800
17702,704600
17703,614600
17704,614000
17705,613300
17706,611200
17707,628400
17708,743400
17709,745000
17710,669200
17711,621600
17712,619800
17713,616400
17714,602200
17715,616900
17716,603200
17717,638400
17718,600500
17719,599000
17720,599900
17721,637000
17722,597700
17723,711400
17724,619300
17725,604900
17726,603300
17727,607600
17728,599200
17729,595800
17730,608400
17731,595200
17732,596500
17733,600700
17734,594000
17735,595200
17736,715300
17737,900100
17738,638600
17739,635100
17740,632500
17741,618000
17742,682200
17743,967300
17744,968900
17745,858900
17746,897900
17747,671400
17748,702200
17749,692700
17750,615400
17751,611400
17752,610600
17753,628400
17754,627000
17755,618500
17756,615700
17757,618200
17758,600500
17759,601600
17760,598000
17761,703100
17762,610700
17763,604200
17764,602600
17765,600000
17766,867400
17767,604400
17768,645700
17769,606500
17770,632800
17771,602900
17772,602400
17773,599800
17774,591400
17775,596100
17776,2461200
17777,762200
17778,727000
17779,683600
17780,681400
17781,677100
17782,688100
17783,659000
17784,653400
17785,687900
17786,947800
17787,655800
17788,691300
17789,809800
17790,691700
17791,677800
17792,653200
17793,669800
17794,655200
17795,678900
17796,682600
17797,678900
17798,666300
17799,653900
17800,664600
17801,656800
17802,660400
17803,661300
17804,647200
17805,657500
17806,668900
17807,651500
17808,679400
17809,652200
17810,668300
17811,727300
17812,667500
17813,663700
17814,677500
17815,654500
17816,646400
17817,650000
17818,666900
17819,639900
17820,659000
17821,641600
17822,653600
17823,656900
17824,648400
17825,663400
17826,667100
17827,669200
17828,657100
17829,706400
17830,660100
17831,672700
17832,666500
17833,659400
17834,660900
17835,5609400
17836,991300
17837,664600
17838,651400
17839,675100
17840,662300
17841,650200
17842,679600
17843,662700
17844,652200
17845,664200
17846,652700
17847,645200
17848,667300
17849,658300
17850,648200
17851,668600
17852,663500
17853,648000
17854,650500
17855,669400
17856,643200
17857,646600
17858,662100
17859,645400
17860,655600
17861,649700
17862,637500
17863,921800
17864,924900
17865,633700
17866,621900
17867,615500
17868,609600
17869,617400
17870,615800
17871,616800
17872,605900
17873,608800
17874,684000
17875,774400
17876,729100
17877,726000
17878,631300
17879,610400
17880,607700
17881,613800
17882,647100
17883,614400
17884,607700
17885,601800
17886,601500
17887,599000
17888,597500
17889,594000
17890,595700
17891,592400
17892,595600
17893,596400
17894,602900
17895,594400
17896,593600
17897,601600
17898,615100
17899,772800
17900,638800
17901,963700
17902,676000
17903,678500
17904,721900
17905,636700
17906,1060600
17907,667200
17908,615300
17909,625200
17910,625600
17911,613800
17912,722400
17913,616400
17914,610200
17915,613000
17916,606400
17917,610200
17918,604300
17919,606400
17920,605400
17921,600800
17922,669600
17923,674900
17924,739300
17925,707000
17926,733600
17927,708900
17928,666400
17929,680600
17930,674400
17931,665600
17932,669800
17933,660500
17934,658000
17935,666700
17936,663100
17937,656100
17938,669000
17939,658400
17940,658500
17941,671000
17942,662000
17943,643800
17944,667600
17945,743500
17946,698000
17947,828100
17948,634500
17949,683500
17950,668300
17951,659200
17952,660600
17953,668400
17954,657600
17955,677200
17956,664400
17957,658900
17958,664900
17959,656200
17960,666400
17961,668700
17962,690400
17963,677600
17964,663600
17965,659200
17966,657600
17967,668400
17968,869900
17969,770200
17970,667600
17971,615400
17972,620200
17973,620200
17974,616800
17975,610300
17976,869500
17977,649600
17978,719800
17979,659600
17980,961000
17981,612900
17982,612600
17983,606100
17984,610500
17985,604100
17986,612700
17987,606500
17988,607500
17989,738000
17990,624300
17991,701200
17992,783800
17993,865200
17994,766300
17995,732800
17996,715200
17997,612600
17998,610500
17999,615300
18000,613900
18001,608400
18002,603000
18003,605300
18004,601000
18005,601300
18006,598300
18007,602200
18008,602800
18009,598500
18010,602400
18011,606400
18012,602600
18013,599700
18014,608800
18015,598700
18016,721900
18017,746900
18018,747500
18019,736700
18020,692700
18021,672700
18022,664500
18023,680800
18024,665000
18025,655000
18026,667900
18027,658400
18028,652900
18029,671400
18030,662200
18031,664500
18032,675500
18033,688700
18034,668000
18035,664300
18036,666700
18037,654700
18038,660300
18039,709600
18040,662300
18041,805700
18042,684600
18043,688100
18044,679200
18045,656700
18046,679900
18047,670800
18048,648100
18049,671700
18050,657000
18051,650900
18052,659200
18053,658300
18054,692000
18055,660200
18056,987000
18057,651400
18058,674900
18059,665500
18060,663200
18061,654700
18062,711100
18063,667300
18064,649400
18065,766800
18066,662300
18067,741400
18068,657100
18069,649900
18070,656600
18071,647900
18072,642400
18073,657100
18074,657000
18075,659900
18076,707800
18077,651300
18078,668900
18079,647300
18080,669400
18081,646700
18082,646700
18083,649800
18084,644500
18085,748900
18086,677300
18087,658300
18088,659700
18089,668600
18090,665500
18091,652300
18092,648100
18093,654700
18094,640900
18095,644800
18096,652800
18097,658000
18098,641300
18099,645400
18100,646000
18101,645000
18102,642000
18103,660800
18104,656700
18105,637100
18106,663900
18107,679500
18108,634900
18109,688300
18110,647600
18111,660600
18112,656900
18113,659900
18114,648600
18115,667600
18116,656900
18117,655800
18118,652000
18119,685200
18120,640000
18121,657300
18122,658300
18123,642100
18124,661100
18125,665000
18126,651300
18127,650400
18128,653500
18129,649200
18130,648000
18131,968500
18132,645800
18133,712600
18134,685200
18135,763400
18136,680000
18137,664400
18138,655700
18139,649800
18140,645300
18141,746900
18142,649200
18143,647500
18144,650900
18145,648500
18146,644100
18147,642000
18148,667300
18149,662500
18150,635800
18151,664600
18152,5899800
18153,655100
18154,651300
18155,665000
18156,666500
18157,658800
18158,654900
18159,659800
18160,654100
18161,649500
18162,647000
18163,659100
18164,648500
18165,655400
18166,647100
18167,657800
18168,651400
18169,643500
18170,656600
18171,727700
18172,664600
18173,819200
18174,663700
18175,699900
18176,657400
18177,648900
18178,648800
18179,656900
18180,655500
18181,649400
18182,665300
18183,656500
18184,651000
18185,665300
18186,659200
18187,642500
18188,647000
18189,650200
18190,643700
18191,645300
18192,645600
18193,643500
18194,635900
18195,701100
18196,649400
18197,638700
18198,991600
18199,651100
18200,655300
18201,668900
18202,652200
18203,649100
18204,643400
18205,669600
18206,644100
18207,654100
18208,649900
18209,649000
18210,820800
18211,649200
18212,663600
18213,645500
18214,639600
18215,659600
18216,666500
18217,657400
18218,696200
18219,651900
18220,640800
18221,665200
18222,659900
18223,645300
18224,653800
18225,781500
18226,732500
18227,719200
18228,653100
18229,609600
18230,629400
18231,608100
18232,605100
18233,606600
18234,603800
18235,611500
18236,595200
18237,598200
18238,594300
18239,609200
18240,594100
18241,599100
18242,620200
18243,601100
18244,765500
18245,792100
18246,801900
18247,707900
18248,663000
18249,649800
18250,674200
18251,653900
18252,637900
18253,657900
18254,635500
18255,652500
18256,636000
18257,643600
18258,650300
18259,639400
18260,639800
18261,648500
18262,654000
18263,696200
18264,663500
18265,710200
18266,665100
18267,837800
18268,636500
18269,694300
18270,657000
18271,649700
18272,612500
18273,917000
18274,604800
18275,611600
18276,703800
18277,701100
18278,695000
18279,688900
18280,599600
18281,597300
18282,601000
18283,599400
18284,601900
18285,599200
18286,648100
18287,717700
18288,616300
18289,721600
18290,620400
18291,607600
18292,606700
18293,596700
18294,598100
18295,596300
18296,599700
18297,597700
18298,716000
18299,5646200
18300,785300
18301,667500
18302,676800
18303,686700
18304,661600
18305,880000
18306,1023100
18307,5824200
18308,732200
18309,711300
18310,705900
18311,651600
18312,609400
18313,616100
18314,612200
18315,601700
18316,602600
18317,601600
18318,607100
18319,640400
18320,593800
18321,696100
18322,889900
18323,779400
18324,864200
18325,657800
18326,653900
18327,651900
18328,674000
18329,657300
18330,764100
18331,663600
18332,646300
18333,1050600
18334,659600
18335,645800
18336,656700
18337,655200
18338,639400
18339,657200
18340,651200
18341,661000
18342,659300
18343,688100
18344,920300
18345,763200
18346,665100
18347,724800
18348,618000
18349,622800
18350,637800
18351,608200
18352,606500
18353,602800
18354,606000
18355,599300
18356,605900
18357,606000
18358,599100
18359,601400
18360,596800
18361,600200
18362,598600
18363,601600
18364,596900
18365,596200
18366,598300
18367,693500
18368,629000
18369,604100
18370,638000
18371,634400
18372,613200
18373,604800
18374,617800
18375,604600
18376,599000
18377,605900
18378,599700
18379,596100
18380,597700
18381,594600
18382,600000
18383,597500
18384,595100
18385,594500
18386,598300
18387,670400
18388,621600
18389,611100
18390,602900
18391,596700
18392,605700
18393,664400
18394,5340000
18395,817400
18396,784000
18397,666000
18398,669800
18399,658200
18400,677200
18401,656400
18402,681900
18403,1050600
18404,643500
18405,656000
18406,659100
18407,653800
18408,698700
18409,648000
18410,837200
18411,663900
18412,683600
18413,651800
18414,649200
18415,663300
18416,642300
18417,696000
18418,670100
18419,638800
18420,751000
18421,663000
18422,653100
18423,643700
18424,654200
18425,645300
18426,644500
18427,653400
18428,649600
18429,642000
18430,657500
18431,810800
18432,626800
18433,675800
18434,647700
18435,705300
18436,685000
18437,653000
18438,656200
18439,655200
18440,670100
18441,654900
18442,668300
18443,665900
18444,649300
18445,671100
18446,654800
18447,639100
18448,653900
18449,641800
18450,661600
18451,659800
18452,651900
18453,646300
18454,644600
18455,682700
18456,640800
18457,685500
18458,676700
18459,646800
18460,657900
18461,644100
18462,649000
18463,655000
18464,648900
18465,658100
18466,671700
18467,648700
18468,658500
18469,641300
18470,650300
18471,642700
18472,650200
18473,643300
18474,644800
18475,650900
18476,642900
18477,645000
18478,1272000
18479,709300
18480,996600
18481,831300
18482,1024600
18483,944700
18484,671000
18485,656300
18486,660000
18487,794500
18488,620100
18489,659800
18490,637600
18491,668100
18492,653900
18493,647500
18494,759300
18495,657700
18496,644500
18497,648500
18498,707300
18499,764900
18500,859200
18501,647000
18502,651800
18503,671000
18504,656200
18505,647100
18506,663800
18507,664100
18508,639200
18509,669100
18510,650700
18511,650500
18512,647900
18513,655500
18514,650700
18515,663800
18516,661500
18517,658000
18518,661800
18519,655000
18520,650800
18521,659900
18522,705000
18523,759900
18524,749200
18525,692300
18526,778800
18527,684600
18528,649500
18529,662000
18530,656300
18531,657900
18532,653100
18533,647200
18534,649000
18535,637200
18536,647400
18537,684600
18538,672000
18539,651300
18540,644100
18541,646400
18542,649000
18543,644400
18544,644500
18545,817900
18546,725900
18547,734500
18548,668600
18549,1103000
18550,710200
18551,659200
18552,663200
18553,664400
18554,655900
18555,646000
18556,645500
18557,652200
18558,645600
18559,642100
18560,649800
18561,635800
18562,650700
18563,649800
18564,642500
18565,664500
18566,633200
18567,669700
18568,761400
18569,756600
18570,834000
18571,752700
18572,694900
18573,614700
18574,614900
18575,606000
18576,607000
18577,607000
18578,611000
18579,599300
18580,600300
18581,595000
18582,597100
18583,596900
18584,596100
18585,598700
18586,615100
18587,612600
18588,598300
18589,616300
18590,598400
18591,597300
18592,601400
18593,592600
18594,622200
18595,592700
18596,689700
18597,812000
18598,803000
18599,774100
18600,654400
18601,655600
18602,651300
18603,676800
18604,656700
18605,643400
18606,645600
18607,650900
18608,658100
18609,643900
18610,644400
18611,651500
18612,665700
18613,653300
18614,650000
18615,652300
18616,647200
18617,864200
18618,1029900
18619,753200
18620,724200
18621,667000
18622,604400
18623,603000
18624,886700
18625,609100
18626,611000
18627,606700
18628,592100
18629,593000
18630,591900
18631,594000
18632,600500
18633,589800
18634,588800
18635,618800
18636,593000
18637,594500
18638,590300
18639,593800
18640,588500
18641,694200
18642,598200
18643,589900
18644,596600
18645,594400
18646,587600
18647,597500
18648,2187700
18649,769000
18650,720900
18651,638900
18652,609900
18653,600500
18654,604600
18655,604500
18656,604800
18657,607700
18658,592400
18659,595100
18660,590700
18661,590000
18662,589200
18663,679800
18664,622400
18665,629600
18666,603300
18667,610900
18668,601900
18669,609000
18670,603800
18671,610400
18672,604200
18673,598200
18674,595200
18675,601400
18676,592100
18677,597900
18678,591100
18679,597000
18680,593700
18681,599800
18682,598000
18683,597900
18684,594000
18685,627700
18686,592800
18687,596200
18688,594100
18689,732600
18690,745900
18691,790800
18692,632000
18693,618200
18694,610200
18695,609800
18696,606200
18697,607300
18698,608200
18699,607100
18700,605600
18701,607200
18702,609200
18703,1005800
18704,611200
18705,617200
18706,612400
18707,609000
18708,599900
18709,607600
18710,601600
18711,601300
18712,607300
18713,706100
18714,756600
18715,732900
18716,708900
18717,613400
18718,619400
18719,613300
18720,612200
18721,605600
18722,598700
18723,607500
18724,603900
18725,602000
18726,602500
18727,700300
18728,602000
18729,636100
18730,602700
18731,605900
18732,606000
18733,600700
18734,598100
18735,599900
18736,632100
18737,602400
18738,623500
18739,604300
18740,761400
18741,768900
18742,734700
18743,706300
18744,610500
18745,607700
18746,610400
18747,617100
18748,614100
18749,606500
18750,602600
18751,604200
18752,605000
18753,614400
18754,606500
18755,607500
18756,601800
18757,604900
18758,636500
18759,604800
18760,600000
18761,604000
18762,661200
18763,762900
18764,867300
18765,669300
18766,681700
18767,686600
18768,671100
18769,682600
18770,669200
18771,660800
18772,671800
18773,663700
18774,684800
18775,685100
18776,659400
18777,660400
18778,657700
18779,668900
18780,1043600
18781,667400
18782,675200
18783,682200
18784,718200
18785,883500
18786,720000
18787,645700
18788,609500
18789,610800
18790,614400
18791,611600
18792,608300
18793,612800
18794,601300
18795,604500
18796,598400
18797,602500
18798,613700
18799,601400
18800,598200
18801,597900
18802,601600
18803,597400
18804,595200
18805,604600
18806,713400
18807,603300
18808,596700
18809,596300
18810,856200
18811,1070400
18812,798900
18813,681600
18814,677100
18815,664200
18816,673000
18817,660600
18818,656800
18819,679900
18820,655800
18821,663300
18822,669100
18823,652500
18824,669700
18825,666200
18826,645900
18827,661600
18828,662600
18829,661500
18830,653600
18831,649800
18832,826600
18833,757800
18834,755800
18835,703800
18836,607800
18837,606200
18838,608200
18839,612800
18840,609700
18841,614900
18842,628600
18843,604100
18844,610900
18845,606600
18846,604100
18847,601600
18848,604100
18849,593700
18850,597000
18851,596300
18852,604800
18853,601400
18854,605900
18855,605500
18856,988600
18857,772100
18858,734600
18859,659200
18860,613000
18861,613700
18862,610900
18863,607100
18864,609600
18865,608200
18866,610900
18867,615400
18868,601000
18869,603500
18870,603200
18871,601600
18872,602500
18873,605500
18874,621000
18875,604700
18876,604600
18877,607600
18878,597600
18879,599700
18880,601500
18881,641800
18882,773000
18883,701100
18884,721800
18885,622900
18886,610900
18887,626000
18888,612000
18889,614200
18890,650500
18891,608000
18892,605100
18893,607000
18894,599700
18895,608100
18896,600900
18897,602400
18898,603100
18899,602400
18900,599500
18901,601000
18902,599400
18903,601400
18904,598700
18905,604100
18906,673000
18907,841300
18908,728700
18909,636200
18910,615900
18911,642200
18912,609100
18913,608400
18914,607200
18915,621100
18916,610300
18917,605700
18918,599500
18919,601500
18920,608200
18921,596600
18922,594500
18923,598100
18924,592100
18925,594300
18926,591200
18927,597800
18928,591800
18929,593400
18930,604400
18931,623000
18932,593300
18933,789800
18934,631500
18935,686800
18936,1007000
18937,687900
18938,668400
18939,666200
18940,687300
18941,666100
18942,664000
18943,644400
18944,641800
18945,642500
18946,650200
18947,730100
18948,643000
18949,648800
18950,644100
18951,658200
18952,646700
18953,648600
18954,696200
18955,654600
18956,650700
18957,659100
18958,668400
18959,657300
18960,662200
18961,666600
18962,649100
18963,755100
18964,662000
18965,654700
18966,653100
18967,663800
18968,652000
18969,667700
18970,659100
18971,653900
18972,658900
18973,646600
18974,651100
18975,650300
18976,641500
18977,735300
18978,1027900
18979,967800
18980,663400
18981,614000
18982,624600
18983,607100
18984,609500
18985,605400
18986,602600
18987,605400
18988,636800
18989,605100
18990,602500
18991,608800
18992,601400
18993,607800
18994,600600
18995,604400
18996,641200
18997,602400
18998,598500
18999,603000
19000,596900
19001,811300
19002,811600
19003,673200
19004,675300
19005,661500
19006,681200
19007,670800
19008,655500
19009,658600
19010,658400
19011,986800
19012,651500
19013,654700
19014,668100
19015,654000
19016,644100
19017,655900
19018,645200
19019,648200
19020,649500
19021,643400
19022,649800
19023,6276100
19024,746700
19025,723500
19026,654100
19027,651700
19028,645200
19029,659100
19030,652700
19031,775000
19032,662200
19033,667900
19034,666600
19035,662500
19036,668800
19037,657400
19038,782700
19039,676200
19040,803800
19041,683400
19042,670300
19043,665500
19044,651700
19045,662100
19046,649600
19047,665700
19048,739500
19049,678900
19050,693000
19051,658500
19052,668800
19053,662000
19054,656300
19055,691900
19056,668000
19057,661800
19058,655900
19059,658800
19060,653200
19061,703200
19062,676400
19063,805100
19064,685000
19065,670400
19066,648800
19067,665300
19068,652100
19069,654000
19070,660100
19071,655500
19072,661900
19073,658300
19074,660200
19075,654600
19076,998600
19077,651200
19078,658800
19079,648300
19080,670900
19081,651500
19082,640700
19083,675300
19084,638200
19085,1095700
19086,1052700
19087,1160600
19088,1056100
19089,1055700
19090,1044200
19091,1071300
19092,1055500
19093,1043400
19094,1057100
19095,1060700
19096,1045900
19097,1052200
19098,1223800
19099,1132700
19100,5871900
19101,751400
19102,718800
19103,647300
19104,609400
19105,609800
19106,608500
19107,604300
19108,607300
19109,605000
19110,641300
19111,609800
19112,602800
19113,599300
19114,603100
19115,597600
19116,647600
19117,632700
19118,706600
19119,750300
19120,735400
19121,738200
19122,641400
19123,604300
19124,609300
19125,600700
19126,605400
19127,612200
19128,608900
19129,591500
19130,595300
19131,593400
19132,602800
19133,599700
19134,596200
19135,927600
19136,599700
19137,597900
19138,601800
19139,594600
19140,632700
19141,613200
19142,605100
19143,602200
19144,604600
19145,594900
19146,598300
19147,598400
19148,602900
19149,605200
19150,595600
19151,602300
19152,599400
19153,598800
19154,597400
19155,594800
19156,595200
19157,597400
19158,599300
19159,602300
19160,595800
19161,594700
19162,603800
19163,600900
19164,595400
19165,762400
19166,5895500
19167,804600
19168,736400
19169,674300
19170,655500
19171,656300
19172,649800
19173,659000
19174,660900
19175,638900
19176,653500
19177,660000
19178,638500
19179,660000
19180,684400
19181,756700
19182,685400
19183,5710600
19184,905100
19185,760600
19186,765600
19187,757500
19188,764300
19189,2044200
19190,639200
19191,692700
19192,672700
19193,698200
19194,1764200
19195,729800
19196,708800
19197,613400
19198,599100
19199,596800
19200,1056200
19201,741500
19202,712000
19203,688200
19204,605400
19205,601200
19206,603900
19207,608800
19208,608300
19209,596500
19210,607600
19211,603400
19212,613600
19213,592200
19214,594600
19215,591800
19216,610300
19217,741900
19218,646100
19219,618900
19220,618500
19221,615200
19222,713600
19223,609900
19224,613400
19225,607600
19226,611500
19227,610300
19228,607700
19229,607000
19230,728500
19231,606500
19232,605700
19233,622100
19234,611300
19235,605000
19236,603500
19237,601400
19238,600400
19239,600500
19240,600800
19241,837700
19242,956000
19243,743900
19244,697400
19245,612400
19246,646800
19247,616600
19248,607600
19249,615400
19250,602500
19251,603300
19252,606000
19253,594900
19254,599000
19255,597300
19256,599800
19257,619900
19258,618300
19259,600600
19260,598400
19261,594800
19262,597700
19263,596800
19264,598300
19265,630300
19266,609000
19267,602300
19268,691300
19269,826500
19270,1331000
19271,674300
19272,671100
19273,662000
19274,660200
19275,651800
19276,651900
19277,644700
19278,663200
19279,663200
19280,642100
19281,659300
19282,651500
19283,642500
19284,652000
19285,639900
19286,652200
19287,638600
19288,771600
19289,662300
19290,657100
19291,673100
19292,650000
19293,660000
19294,666800
19295,652000
19296,660600
19297,664400
19298,658600
19299,648400
19300,649800
19301,639000
19302,638700
19303,663400
19304,663300
19305,647200
19306,651200
19307,643500
19308,754900
19309,641500
19310,646100
19311,737900
19312,889200
19313,778400
19314,663700
19315,662200
19316,675500
19317,658500
19318,656600
19319,642700
19320,652400
19321,647300
19322,669500
19323,660200
19324,654700
19325,632300
19326,653200
19327,641100
19328,645800
19329,636800
19330,648200
19331,635800
19332,649900
19333,661300
19334,726100
19335,650200
19336,650600
19337,655900
19338,668300
19339,660700
19340,642000
19341,662500
19342,646700
19343,658800
19344,651900
19345,914200
19346,646100
19347,667100
19348,670700
19349,653500
19350,643200
19351,650100
19352,639600
19353,655900
19354,653500
19355,638400
19356,660400
19357,815300
19358,747700
19359,870300
19360,652900
19361,782600
19362,685500
19363,675400
19364,656000
19365,685800
19366,659000
19367,658300
19368,644800
19369,655800
19370,653500
19371,650600
19372,651700
19373,650200
19374,641600
19375,645300
19376,646500
19377,644500
19378,655700
19379,640300
19380,812600
19381,736700
19382,891300
19383,770600
19384,616800
19385,616800
19386,612700
19387,607700
19388,597600
19389,597300
19390,612700
19391,601500
19392,602900
19393,594700
19394,599200
19395,591400
19396,594000
19397,622200
19398,595000
19399,592300
19400,592800
19401,590800
19402,601000
19403,593100
19404,594900
19405,622600
19406,597200
19407,834600
19408,772900
19409,779600
19410,663600
19411,655500
19412,661100
19413,646900
19414,677500
19415,662300
19416,638700
19417,658600
19418,650300
19419,645100
19420,878500
19421,649600
19422,654900
19423,651300
19424,663800
19425,648900
19426,649000
19427,649300
19428,636300
19429,710000
19430,652600
19431,641300
19432,680600
19433,665000
19434,649900
19435,707000
19436,651400
19437,634900
19438,665700
19439,655000
19440,643200
19441,651600
19442,646700
19443,636100
19444,658700
19445,647000
19446,635100
19447,652600
19448,646800
19449,642500
19450,693200
19451,646400
19452,631100
19453,732300
19454,678100
19455,768200
19456,713500
19457,633500
19458,620000
19459,605900
19460,616900
19461,602900
19462,689300
19463,606400
19464,602600
19465,601900
19466,607500
19467,603900
19468,595900
19469,598900
19470,599900
19471,600300
19472,601000
19473,596800
19474,633100
19475,607500
19476,600900
19477,602400
19478,592200
19479,648700
19480,592600
19481,620200
19482,607400
19483,604700
19484,604500
19485,606100
19486,599400
19487,598700
19488,597600
19489,597000
19490,599700
19491,607400
19492,603400
19493,596200
19494,596500
19495,605400
19496,597400
19497,597200
19498,593600
19499,842000
19500,605600
19501,595600
19502,600000
19503,593400
19504,620100
19505,596700
19506,772500
19507,773900
19508,759300
19509,698100
19510,618300
19511,622900
19512,609300
19513,607700
19514,605000
19515,607500
19516,606100
19517,610900
19518,597700
19519,595800
19520,595200
19521,596500
19522,608300
19523,595700
19524,596800
19525,599300
19526,594300
19527,598600
19528,595000
19529,641600
19530,600500
19531,786800
19532,819900
19533,778100
19534,696300
19535,659000
19536,665700
19537,663600
19538,645700
19539,662500
19540,651000
19541,638300
19542,651700
19543,742700
19544,651100
19545,643400
19546,653600
19547,639400
19548,647800
19549,661600
19550,643300
19551,644500
19552,714800
19553,669900
19554,661800
19555,680400
19556,648500
19557,660900
19558,682100
19559,652600
19560,650400
19561,654700
19562,659900
19563,664800
19564,667700
19565,667900
19566,669100
19567,657100
19568,656200
19569,662900
19570,649200
19571,657800
19572,662600
19573,654200
19574,665400
19575,956100
19576,703100
19577,755100
19578,750100
19579,694800
19580,605200
19581,608700
19582,606500
19583,627400
19584,619100
19585,600600
19586,595700
19587,596500
19588,594800
19589,598600
19590,596400
19591,597900
19592,593800
19593,595300
19594,596300
19595,598900
19596,591900
19597,595000
19598,597800
19599,595300
19600,604600
19601,623300
19602,594900
19603,683900
19604,759100
19605,738500
19606,719500
19607,637400
19608,612900
19609,612300
19610,604900
19611,610100
19612,603300
19613,614400
19614,598900
19615,605000
19616,599800
19617,597400
19618,594700
19619,597100
19620,594500
19621,594500
19622,682300
19623,600100
19624,590300
19625,690900
19626,772500
19627,760100
19628,642900
19629,634600
19630,601700
19631,604300
19632,632000
19633,600000
19634,605000
19635,609700
19636,603000
19637,611000
19638,599900
19639,608100
19640,594400
19641,596800
19642,601100
19643,602200
19644,595200
19645,598900
19646,621900
19647,598800
19648,594600
19649,635900
19650,689100
19651,620200
19652,626100
19653,604400
19654,599300
19655,876100
19656,603900
19657,612900
19658,597600
19659,600400
19660,595500
19661,596200
19662,597000
19663,601800
19664,596300
19665,601200
19666,595700
19667,598700
19668,604200
19669,596900
19670,612600
19671,597600
19672,594700
19673,596200
19674,622300
19675,677600
19676,751500
19677,780700
19678,701000
19679,683600
19680,674900
19681,662200
19682,667000
19683,705600
19684,671300
19685,662800
19686,654200
19687,653900
19688,662200
19689,654000
19690,659100
19691,671600
19692,656900
19693,649600
19694,649900
19695,655200
19696,654200
19697,648800
19698,728100
19699,730400
19700,736700
19701,772300
19702,667900
19703,669700
19704,662100
19705,665400
19706,649100
19707,648000
19708,685100
19709,644700
19710,655800
19711,640700
19712,642100
19713,661600
19714,636800
19715,655400
19716,640400
19717,644300
19718,638700
19719,667900
19720,660300
19721,644400
19722,733700
19723,661400
19724,663100
19725,668500
19726,662500
19727,756400
19728,644700
19729,615900
19730,606000
19731,858900
19732,603500
19733,615000
19734,600300
19735,608500
19736,603900
19737,616500
19738,611000
19739,609200
19740,597100
19741,618800
19742,592400
19743,595100
19744,594800
19745,599800
19746,762400
19747,830900
19748,696000
19749,619700
19750,615600
19751,636900
19752,608400
19753,605100
19754,597700
19755,602400
19756,595200
19757,599900
19758,596300
19759,597500
19760,592100
19761,591700
19762,591900
19763,592700
19764,591500
19765,591100
19766,611800
19767,594100
19768,601900
19769,595300
19770,591400
19771,739700
19772,831700
19773,728600
19774,602900
19775,600900
19776,600900
19777,596000
19778,608900
19779,595400
19780,594800
19781,594100
19782,699300
19783,597200
19784,592900
19785,590800
19786,593500
19787,597200
19788,592500
19789,635600
19790,591100
19791,590200
19792,597000
19793,592600
19794,591600
19795,589600
19796,970100
19797,744000
19798,719700
19799,697200
19800,634400
19801,591500
19802,594500
19803,594900
19804,589200
19805,595100
19806,591000
19807,592000
19808,589500
19809,588500
19810,589800
19811,830000
19812,598200
19813,594400
19814,607600
19815,588100
19816,592700
19817,589800
19818,593000
19819,587900
19820,598500
19821,608400
19822,665400
19823,886400
19824,701300
19825,786300
19826,615400
19827,611800
19828,603100
19829,598800
19830,608300
19831,607700
19832,598600
19833,605100
19834,603900
19835,604900
19836,595600
19837,614800
19838,597100
19839,595400
19840,594500
19841,590500
19842,593400
19843,592700
19844,595300
19845,598100
19846,678200
19847,618400
19848,608600
19849,629000
19850,612100
19851,603900
19852,601900
19853,595700
19854,593100
19855,594400
19856,596100
19857,594400
19858,593000
19859,594900
19860,592000
19861,595100
19862,610500
19863,687500
19864,594800
19865,599000
19866,622300
19867,595000
19868,618900
19869,592500
19870,587300
19871,726600
19872,740900
19873,711600
19874,690600
19875,608200
19876,607300
19877,605300
19878,604200
19879,606200
19880,597100
19881,595600
19882,595400
19883,597000
19884,597500
19885,593100
19886,617400
19887,600400
19888,593800
19889,591500
19890,593200
19891,592600
19892,865400
19893,599100
19894,595600
19895,596500
19896,588400
19897,592700
19898,589800
19899,592800
19900,591800
19901,2976900
19902,739200
19903,10925800
19904,1039200
19905,925700
19906,722300
19907,634900
19908,618600
19909,614300
19910,610900
19911,610400
19912,609800
19913,615500
19914,605800
19915,606300
19916,606900
19917,601700
19918,600000
19919,603500
19920,640600
19921,601800
19922,625800
19923,604100
19924,801200
19925,838000
19926,712500
19927,609800
19928,609600
19929,602000
19930,601100
19931,601100
19932,606200
19933,600500
19934,601600
19935,605700
19936,596900
19937,619400
19938,601600
19939,598300
19940,610900
19941,595600
19942,600000
19943,600100
19944,596300
19945,598600
19946,600400
19947,600600
19948,608300
19949,698200
19950,1288800
19951,6176700
19952,624100
19953,611900
19954,606000
19955,601500
19956,599200
19957,600400
19958,603800
19959,601700
19960,592100
19961,600300
19962,596600
19963,597400
19964,719400
19965,758200
19966,711500
19967,699600
19968,682500
19969,596700
19970,594600
19971,587900
19972,596100
19973,602200
19974,611800
19975,602200
19976,604300
19977,607100
19978,620300
19979,617900
19980,602400
19981,604000
19982,598300
19983,596900
19984,595600
19985,600200
19986,596500
19987,599800
19988,595100
19989,678700
19990,764800
19991,882800
19992,706100
19993,611500
19994,606800
19995,754800
19996,608200
19997,613000
19998,627700
19999,613400
20000,606500
20001,598900
20002,598700
20003,595100
20004,601200
20005,603200
20006,590900
20007,598700
20008,592100
20009,603600
20010,592300
20011,595400
20012,594400
20013,595200
20014,640200
20015,600000
20016,710500
20017,624100
20018,614900
20019,602200
20020,1015800
20021,606600
20022,610100
20023,602900
20024,598300
20025,596300
20026,598100
20027,597300
20028,601000
20029,604200
20030,601500
20031,604600
20032,600100
20033,612500
20034,606300
20035,605500
20036,604900
20037,599100
20038,594200
20039,624900
20040,592100
20041,647700
20042,608600
20043,610200
20044,595400
20045,595700
20046,593300
20047,612900
20048,597200
20049,595200
20050,596400
20051,595600
20052,596200
20053,595200
20054,604600
20055,596400
20056,598800
20057,602400
20058,596900
20059,612000
20060,602900
20061,592900
20062,591400
20063,600200
20064,678900
20065,614900
20066,609100
20067,608600
20068,608200
20069,611100
20070,608300
20071,604700
20072,625900
20073,602900
20074,607300
20075,599300
20076,638600
20077,600800
20078,712700
20079,606700
20080,602600
20081,602900
20082,605000
20083,603200
20084,614000
20085,603400
20086,608000
20087,605300
20088,601500
20089,595900
20090,643700
20091,854100
20092,687700
20093,679500
20094,669300
20095,681800
20096,666100
20097,657800
20098,660300
20099,656500
20100,647400
20101,1067900
20102,656300
20103,647000
20104,673400
20105,662000
20106,647800
20107,648300
20108,655200
20109,650900
20110,645100
20111,654800
20112,815700
20113,670800
20114,830100
20115,682200
20116,665600
20117,669000
20118,661900
20119,667800
20120,651900
20121,648000
20122,656100
20123,649200
20124,643800
20125,655100
20126,647300
20127,654300
20128,654400
20129,645800
20130,640000
20131,661300
20132,657200
20133,643100
20134,666700
20135,792800
20136,788300
20137,869000
20138,748500
20139,739500
20140,710400
20141,660000
20142,598300
20143,600600
20144,599900
20145,593600
20146,593700
20147,594100
20148,601300
20149,602200
20150,591400
20151,592900
20152,626300
20153,594200
20154,594300
20155,677800
20156,593000
20157,596100
20158,590000
20159,633700
20160,611400
20161,596800
20162,598300
20163,604400
20164,613500
20165,612600
20166,605000
20167,603700
20168,597300
20169,594000
20170,595400
20171,592600
20172,593900
20173,594200
20174,593900
20175,595000
20176,598400
20177,590200
20178,1089700
20179,601500
20180,610500
20181,594200
20182,598200
20183,596900
20184,619600
20185,627900
20186,598600
20187,600000
20188,626900
20189,590800
20190,593900
20191,594800
20192,593100
20193,590800
20194,594100
20195,613600
20196,593200
20197,590800
20198,595100
20199,594600
20200,595100
20201,590600
20202,594400
20203,586700
20204,591900
20205,586300
20206,592900
20207,587700
20208,592000
20209,587900
20210,590700
20211,656500
20212,609200
20213,608600
20214,600500
20215,607900
20216,616100
20217,605300
20218,595400
20219,595200
20220,594300
20221,591600
20222,595500
20223,595100
20224,599700
20225,590200
20226,592700
20227,589700
20228,596000
20229,591700
20230,593400
20231,589800
20232,624600
20233,590200
20234,590600
20235,589700
20236,595400
20237,640200
20238,621100
20239,898400
20240,758000
20241,728400
20242,728800
20243,718000
20244,649700
20245,602900
20246,600900
20247,602400
20248,599800
20249,599100
20250,597900
20251,597100
20252,620500
20253,600600
20254,598500
20255,597000
20256,597200
20257,597900
20258,594300
20259,864700
20260,602100
20261,669200
20262,618800
20263,867000
20264,778200
20265,786900
20266,686800
20267,657900
20268,652500
20269,806100
20270,615900
20271,646700
20272,649200
20273,634700
20274,658100
20275,650500
20276,636800
20277,699000
20278,652600
20279,707300
20280,640300
20281,653400
20282,650100
20283,653900
20284,1216100
20285,858000
20286,739100
20287,660600
20288,619700
20289,605400
20290,604300
20291,609500
20292,603700
20293,606300
20294,606400
20295,603300
20296,593800
20297,607200
20298,595500
20299,594900
20300,597800
20301,593400
20302,596200
20303,594700
20304,595600
20305,599900
20306,613300
20307,594200
20308,688600
20309,616000
20310,680300
20311,641800
20312,627400
20313,608400
20314,616000
20315,601800
20316,606100
20317,597600
20318,705500
20319,653200
20320,623800
20321,615100
20322,603500
20323,597900
20324,599000
20325,596200
20326,601000
20327,593000
20328,594400
20329,593000
20330,605300
20331,597100
20332,594500
20333,626100
20334,608900
20335,610500
20336,1044600
20337,620200
20338,609400
20339,605600
20340,611300
20341,606300
20342,610200
20343,605700
20344,607000
20345,602400
20346,602700
20347,601500
20348,613900
20349,601100
20350,603600
20351,600200
20352,602500
20353,657400
20354,617800
20355,603900
20356,644100
20357,599100
20358,681000
20359,599000
20360,599200
20361,593600
20362,596800
20363,594100
20364,594600
20365,592300
20366,593800
20367,596700
20368,596800
20369,593500
20370,594500
20371,602600
20372,592800
20373,591000
20374,593800
20375,593700
20376,600700
20377,594700
20378,601900
20379,625600
20380,602900
20381,589000
20382,594900
20383,595200
20384,970900
20385,923400
20386,657800
20387,621100
20388,619300
20389,610300
20390,619100
20391,601400
20392,639900
20393,602300
20394,602000
20395,600000
20396,598800
20397,596800
20398,599600
20399,728200
20400,601800
20401,601900
20402,607700
20403,598200
20404,601300
20405,598900
20406,599400
20407,600500
20408,596200
20409,656800
20410,639200
20411,696700
20412,705100
20413,670000
20414,665000
20415,670400
20416,1144300
20417,662800
20418,655400
20419,709700
20420,653000
20421,664100
20422,655000
20423,665900
20424,684700
20425,664400
20426,764500
20427,675500
20428,665000
20429,657600
20430,661400
20431,742400
20432,679700
20433,775700
20434,691300
20435,681200
20436,772200
20437,673900
20438,662800
20439,655000
20440,664900
20441,657400
20442,659700
20443,665600
20444,657600
20445,648000
20446,691400
20447,664100
20448,701700
20449,679700
20450,663900
20451,665400
20452,666600
20453,659800
20454,742800
20455,679500
20456,663300
20457,660900
20458,666600
20459,671500
20460,652000
20461,679000
20462,664300
20463,684000
20464,676400
20465,659700
20466,657300
20467,662500
20468,660500
20469,665300
20470,660600
20471,663600
20472,651800
20473,663500
20474,826300
20475,675600
20476,661000
20477,726200
20478,696400
20479,663600
20480,659100
20481,665900
20482,659400
20483,654500
20484,660900
20485,661700
20486,655000
20487,662500
20488,657400
20489,1059000
20490,677000
20491,683600
20492,687100
20493,675800
20494,657900
20495,659000
20496,661100
20497,656900
20498,656300
20499,657800
20500,701500
20501,657100
20502,672100
20503,660300
20504,652500
20505,676200
20506,660400
20507,699900
20508,680500
20509,658400
20510,657400
20511,658000
20512,662500
20513,668800
20514,656400
20515,666500
20516,659400
20517,658900
20518,661700
20519,649400
20520,674700
20521,668300
20522,684800
20523,865800
20524,1024400
20525,656700
20526,625700
20527,618700
20528,618400
20529,614800
20530,615800
20531,607000
20532,609100
20533,605400
20534,607300
20535,663500
20536,629400
20537,609500
20538,607300
20539,610800
20540,645000
20541,607400
20542,608300
20543,605900
20544,602600
20545,604900
20546,665400
20547,620300
20548,618200
20549,606300
20550,611500
20551,733700
20552,612400
20553,606900
20554,606700
20555,605700
20556,605000
20557,607400
20558,605200
20559,607300
20560,625200
20561,604300
20562,605500
20563,607600
20564,615600
20565,1034000
20566,947100
20567,756100
20568,732400
20569,684700
20570,642800
20571,612300
20572,756400
20573,740400
20574,720400
20575,661600
20576,611400
20577,610300
20578,607500
20579,611500
20580,609000
20581,625500
20582,609000
20583,608500
20584,603900
20585,611100
20586,610200
20587,605600
20588,602200
20589,597900
20590,599800
20591,601900
20592,603900
20593,599600
20594,600100
20595,630200
20596,614800
20597,622100
20598,631900
20599,615400
20600,604600
20601,616200
20602,604400
20603,615400
20604,611300
20605,606600
20606,627400
20607,610000
20608,602200
20609,600800
20610,598500
20611,602400
20612,599400
20613,599000
20614,606000
20615,599200
20616,600700
20617,616700
20618,604300
20619,600100
20620,692800
20621,623600
20622,634600
20623,756400
20624,717400
20625,695100
20626,603800
20627,609400
20628,605900
20629,606600
20630,624200
20631,599200
20632,701000
20633,624900
20634,604300
20635,699800
20636,633500
20637,604900
20638,602800
20639,596800
20640,605400
20641,611200
20642,610400
20643,610400
20644,949500
20645,674300
20646,694900
20647,636600
20648,618800
20649,616700
20650,615400
20651,615900
20652,615600
20653,632600
20654,612100
20655,616000
20656,609700
20657,612000
20658,609700
20659,614100
20660,608400
20661,610600
20662,613700
20663,611600
20664,609600
20665,613200
20666,607400
20667,616700
20668,613100
20669,776000
20670,847700
20671,687800
20672,618700
20673,622000
20674,615600
20675,615200
20676,611800
20677,629400
20678,610300
20679,609400
20680,606700
20681,613500
20682,612100
20683,617700
20684,608800
20685,606900
20686,607400
20687,608900
20688,605300
20689,608500
20690,606500
20691,609800
20692,603700
20693,605100
20694,839300
20695,1035100
20696,787200
20697,809900
20698,750000
20699,662600
20700,632800
20701,642600
20702,620700
20703,620500
20704,611600
20705,611200
20706,614400
20707,608300
20708,608400
20709,608600
20710,605700
20711,604100
20712,702300
20713,608500
20714,606700
20715,607100
20716,605800
20717,648400
20718,756300
20719,627900
20720,613200
20721,950500
20722,616900
20723,632800
20724,606600
20725,607400
20726,605600
20727,608500
20728,604400
20729,606000
20730,606600
20731,604000
20732,605500
20733,606000
20734,602700
20735,603500
20736,603800
20737,605300
20738,603200
20739,604300
20740,638900
20741,770400
20742,746100
20743,725100
20744,698700
20745,678500
20746,683000
20747,678900
20748,671200
20749,669100
20750,661400
20751,674200
20752,666300
20753,665300
20754,661300
20755,659100
20756,715900
20757,671400
20758,673600
20759,659600
20760,664500
20761,658000
20762,654900
20763,664600
20764,822700
20765,781300
20766,726000
20767,721000
20768,618700
20769,630100
20770,629300
20771,622800
20772,614500
20773,609000
20774,613300
20775,604500
20776,604000
20777,609800
20778,605200
20779,605300
20780,598800
20781,600800
20782,600100
20783,605400
20784,629300
20785,603600
20786,613800
20787,628400
20788,608100
20789,648900
20790,776000
20791,862500
20792,718500
20793,628400
20794,600000
20795,593200
20796,596200
20797,3246600
20798,1153200
20799,671200
20800,611800
20801,613500
20802,614200
20803,612100
20804,608700
20805,607500
20806,595800
20807,598800
20808,711800
20809,726800
20810,858300
20811,719000
20812,609800
20813,616300
20814,613700
20815,624000
20816,616300
20817,614200
20818,610900
20819,615300
20820,611500
20821,610600
20822,606200
20823,614900
20824,611300
20825,605400
20826,606100
20827,607300
20828,616400
20829,605300
20830,602300
20831,610700
20832,612300
20833,650900
20834,606200
20835,616500
20836,606600
20837,607500
20838,605000
20839,605500
20840,605100
20841,606000
20842,602000
20843,827500
20844,862100
20845,709000
20846,674100
20847,667400
20848,695300
20849,670900
20850,654500
20851,658100
20852,661800
20853,662700
20854,660600
20855,659700
20856,759100
20857,719700
20858,699300
20859,728600
20860,652200
20861,672000
20862,650600
20863,661000
20864,654100
20865,771300
20866,654900
20867,653500
20868,660500
20869,652400
20870,1044100
20871,659800
20872,678200
20873,699400
20874,655500
20875,671800
20876,655000
20877,659300
20878,734300
20879,11185300
20880,762300
20881,631900
20882,625500
20883,617700
20884,608900
20885,610100
20886,605000
20887,647900
20888,600700
20889,702800
20890,764500
20891,732800
20892,719700
20893,617800
20894,605700
20895,608500
20896,610000
20897,606500
20898,600900
20899,601900
20900,600400
20901,598700
20902,597600
20903,615500
20904,596800
20905,596600
20906,632400
20907,600200
20908,595800
20909,602400
20910,618100
20911,598700
20912,646000
20913,749000
20914,645800
20915,628600
20916,612200
20917,614700
20918,601300
20919,603700
20920,598700
20921,597700
20922,599600
20923,608100
20924,598300
20925,600000
20926,599000
20927,600500
20928,740600
20929,604200
20930,601200
20931,608600
20932,976000
20933,601800
20934,600900
20935,609700
20936,852600
20937,743600
20938,713300
20939,628400
20940,606900
20941,607300
20942,622300
20943,609500
20944,609300
20945,606600
20946,593600
20947,596500
20948,596800
20949,598600
20950,595900
20951,611200
20952,604700
20953,600900
20954,595700
20955,598200
20956,595000
20957,601500
20958,601900
20959,620800
20960,597900
20961,737000
20962,622500
20963,638500
20964,642800
20965,626300
20966,627500
20967,619000
20968,617100
20969,609800
20970,619400
20971,620600
20972,603000
20973,600500
20974,600700
20975,601500
20976,602000
20977,604900
20978,602200
20979,604000
20980,603200
20981,603300
20982,598300
20983,618400
20984,599500
20985,599300
20986,597500
20987,952800
20988,1079400
20989,862400
20990,732200
20991,637300
20992,620500
20993,612100
20994,609800
20995,610500
20996,613300
20997,612400
20998,602400
20999,604900
21000,603800
21001,603600
21002,605300
21003,600200
21004,604900
21005,597800
21006,603400
21007,606600
21008,696900
21009,599700
21010,1050000
21011,766400
21012,735300
21013,634400
21014,629600
21015,614300
21016,612300
21017,609500
21018,595400
21019,595400
21020,595600
21021,596200
21022,604900
21023,597000
21024,603100
21025,596400
21026,596900
21027,596900
21028,604200
21029,596200
21030,609100
21031,595900
21032,593100
21033,598700
21034,602900
21035,610900
21036,594100
21037,676000
21038,755800
21039,729000
21040,667400
21041,610000
21042,613100
21043,609100
21044,602100
21045,602800
21046,614100
21047,603000
21048,616700
21049,612900
21050,613800
21051,610800
21052,631500
21053,609600
21054,609100
21055,614900
21056,616200
21057,600900
21058,611000
21059,685400
21060,631000
21061,622600
21062,612100
21063,610100
21064,644700
21065,611600
21066,612300
21067,610100
21068,606900
21069,608100
21070,607300
21071,605600
21072,607600
21073,605600
21074,612300
21075,605000
21076,613600
21077,606200
21078,607900
21079,605500
21080,606900
21081,605700
21082,603700
21083,600100
21084,609700
21085,632300
21086,611100
21087,612800
21088,606000
21089,608000
21090,1004200
21091,615800
21092,608200
21093,608000
21094,603600
21095,612400
21096,609200
21097,608200
21098,609400
21099,611700
21100,611000
21101,608200
21102,605800
21103,608300
21104,606600
21105,609600
21106,601300
21107,604000
21108,602500
21109,618600
21110,659200
21111,764900
21112,732400
21113,719800
21114,658600
21115,616400
21116,616800
21117,614300
21118,608500
21119,614100
21120,603200
21121,611500
21122,615700
21123,607100
21124,606800
21125,622700
21126,617300
21127,606100
21128,608600
21129,619500
21130,611400
21131,607700
21132,605400
21133,606100
21134,826600
21135,761000
21136,747900
21137,723600
21138,618900
21139,610000
21140,605000
21141,612000
21142,610400
21143,619500
21144,606800
21145,638000
21146,604300
21147,605500
21148,612000
21149,604300
21150,602700
21151,601600
21152,603500
21153,601500
21154,598900
21155,605000
21156,601900
21157,600300
21158,598700
21159,756000
21160,752400
21161,756100
21162,759900
21163,761500
21164,755500
21165,756300
21166,751200
21167,757500
21168,1126000
21169,618800
21170,746600
21171,626000
21172,615800
21173,607300
21174,611700
21175,617200
21176,601400
21177,603000
21178,613400
21179,603600
21180,597800
21181,653900
21182,614300
21183,608900
21184,607700
21185,617600
21186,602200
21187,605100
21188,606000
21189,606200
21190,604300
21191,598300
21192,596100
21193,602300
21194,611500
21195,601500
21196,597600
21197,597400
21198,597300
21199,599200
21200,607800
21201,639500
21202,599400
21203,597800
21204,611400
21205,604600
21206,595200
21207,603200
21208,634900
21209,723600
21210,745000
21211,719400
21212,707300
21213,623500
21214,606100
21215,604400
21216,602100
21217,620100
21218,619500
21219,605100
21220,607300
21221,598100
21222,597800
21223,603700
21224,595100
21225,587800
21226,591700
21227,599000
21228,610700
21229,608500
21230,595800
21231,598800
21232,593900
21233,627100
21234,598600
21235,745900
21236,716900
21237,743200
21238,753800
21239,667500
21240,650900
21241,671500
21242,657600
21243,652500
21244,662900
21245,650600
21246,644800
21247,996700
21248,663200
21249,652600
21250,652700
21251,765100
21252,657200
21253,644400
21254,667900
21255,740500
21256,661300
21257,695900
21258,651900
21259,651300
21260,652900
21261,655500
21262,654400
21263,681100
21264,656000
21265,665100
21266,695700
21267,664400
21268,645500
21269,674700
21270,656000
21271,649700
21272,648500
21273,645800
21274,654500
21275,648000
21276,651300
21277,651700
21278,635800
21279,718900
21280,650900
21281,670100
21282,663700
21283,655400
21284,662400
21285,657300
21286,657900
21287,644500
21288,653600
21289,645700
21290,641600
21291,643400
21292,644400
21293,662000
21294,642900
21295,650900
21296,672000
21297,642800
21298,645500
21299,677300
21300,644000
21301,643000
21302,758300
21303,760000
21304,681000
21305,615300
21306,608000
21307,614200
21308,596000
21309,623500
21310,601100
21311,600600
21312,603100
21313,599800
21314,600500
21315,604700
21316,597500
21317,597100
21318,595300
21319,596700
21320,595100
21321,594300
21322,599800
21323,948400
21324,599500
21325,600200
21326,596700
21327,599600
21328,973800
21329,853600
21330,712400
21331,756000
21332,681400
21333,831800
21334,622200
21335,652600
21336,656500
21337,654000
21338,645300
21339,660400
21340,657000
21341,657300
21342,666600
21343,656900
21344,643800
21345,663100
21346,655000
21347,657600
21348,646000
21349,661000
21350,759400
21351,703000
21352,668900
21353,647500
21354,783700
21355,667100
21356,654900
21357,684900
21358,652000
21359,641300
21360,663100
21361,643200
21362,643700
21363,647000
21364,648700
21365,650400
21366,641200
21367,655000
21368,638700
21369,652200
21370,639500
21371,654500
21372,657600
21373,643100
21374,720300
21375,767700
21376,699500
21377,664500
21378,647400
21379,651900
21380,645400
21381,644000
21382,644700
21383,650600
21384,648800
21385,643300
21386,653500
21387,669300
21388,645900
21389,652700
21390,647400
21391,639800
21392,716500
21393,649600
21394,643200
21395,643700
21396,648600
21397,703500
21398,1059700
21399,645700
21400,663000
21401,664300
21402,675400
21403,652000
21404,730900
21405,666100
21406,647500
21407,653600
21408,660300
21409,647700
21410,647100
21411,646300
21412,647100
21413,663200
21414,645700
21415,652600
21416,648100
21417,660900
21418,640300
21419,648600
21420,725000
21421,652100
21422,687600
21423,649900
21424,669300
21425,667300
21426,658900
21427,655900
21428,665700
21429,692800
21430,658400
21431,671900
21432,688000
21433,661600
21434,654700
21435,673200
21436,652700
21437,659500
21438,651400
21439,647300
21440,658400
21441,655100
21442,644800
21443,659800
21444,774300
21445,694400
21446,673400
21447,669000
21448,650300
21449,685900
21450,672300
21451,656600
21452,669400
21453,655100
21454,653400
21455,663400
21456,655700
21457,649100
21458,676000
21459,651800
21460,657700
21461,667500
21462,658300
21463,649100
21464,648600
21465,652400
21466,641700
21467,686100
21468,650200
21469,650100
21470,655700
21471,668900
21472,887500
21473,667100
21474,651000
21475,650500
21476,653800
21477,658000
21478,641200
21479,648100
21480,650300
21481,728800
21482,659700
21483,724100
21484,641500
21485,649700
21486,640600
21487,636200
21488,649200
21489,653200
21490,777600
21491,766700
21492,1007600
21493,743200
21494,695200
21495,780100
21496,828800
21497,667600
21498,671000
21499,657700
21500,654200
21501,638700
21502,660900
21503,648700
21504,647000
21505,654900
21506,671000
21507,648700
21508,648800
21509,652600
21510,643900
21511,663100
21512,690900
21513,647500
21514,648600
21515,644900
21516,661500
21517,640800
21518,650100
21519,641200
21520,655600
21521,644800
21522,649700
21523,673300
21524,635300
21525,655500
21526,644000
21527,644900
21528,646400
21529,643900
21530,646000
21531,636700
21532,655700
21533,648100
21534,654200
21535,655800
21536,631000
21537,940500
21538,1037000
21539,647300
21540,654000
21541,659700
21542,655600
21543,643400
21544,663400
21545,646500
21546,897400
21547,665800
21548,658700
21549,673100
21550,643000
21551,661500
21552,654200
21553,639500
21554,657300
21555,751000
21556,650500
21557,644900
21558,657500
21559,734600
21560,899700
21561,773200
21562,668100
21563,657400
21564,659200
21565,664500
21566,651200
21567,663500
21568,655900
21569,644900
21570,651100
21571,652000
21572,651100
21573,652100
21574,654200
21575,665000
21576,657100
21577,645400
21578,662700
21579,668000
21580,636000
21581,679200
21582,719800
21583,650700
21584,688000
21585,650100
21586,643300
21587,650800
21588,647600
21589,646100
21590,636300
21591,659600
21592,654800
21593,646600
21594,664200
21595,637300
21596,659300
21597,651900
21598,665300
21599,655300
21600,658000
21601,641900
21602,645200
21603,645300
21604,646000
21605,652800
21606,827300
21607,890700
21608,708700
21609,665200
21610,642100
21611,664600
21612,655800
21613,638000
21614,664700
21615,662000
21616,655900
21617,673900
21618,675800
21619,646100
21620,908900
21621,657100
21622,667500
21623,674700
21624,662300
21625,666200
21626,663800
21627,658200
21628,788700
21629,891600
21630,846100
21631,639400
21632,647300
21633,771500
21634,723100
21635,668200
21636,599800
21637,600800
21638,604300
21639,593000
21640,593800
21641,595100
21642,897200
21643,620900
21644,600100
21645,611500
21646,598000
21647,600500
21648,600800
21649,614600
21650,622100
21651,606500
21652,832900
21653,937600
21654,748000
21655,657700
21656,610700
21657,619100
21658,621600
21659,598600
21660,600900
21661,597000
21662,604400
21663,599100
21664,597000
21665,601000
21666,594000
21667,593700
21668,605500
21669,593800
21670,597600
21671,594500
21672,598800
21673,591600
21674,626000
21675,594300
21676,597800
21677,735000
21678,980500
21679,669000
21680,5523900
21681,791200
21682,715600
21683,649500
21684,668500
21685,655100
21686,654600
21687,645100
21688,987000
21689,657800
21690,658200
21691,653800
21692,850200
21693,799200
21694,798900
21695,826500
21696,802600
21697,815500
21698,798500
21699,958900
21700,1080300
21701,633500
21702,660500
21703,664600
21704,663100
21705,653400
21706,639600
21707,647100
21708,660500
21709,645600
21710,646400
21711,650100
21712,645200
21713,745600
21714,648000
21715,665300
21716,659400
21717,664200
21718,652200
21719,654900
21720,668400
21721,658800
21722,648700
21723,658200
21724,653300
21725,658800
21726,654100
21727,646200
21728,647400
21729,639000
21730,656000
21731,646900
21732,642200
21733,656000
21734,647000
21735,647700
21736,640400
21737,715300
21738,641100
21739,658200
21740,664600
21741,638600
21742,654300
21743,651500
21744,636400
21745,653200
21746,661500
21747,642500
21748,667200
21749,648400
21750,661300
21751,646900
21752,649000
21753,642700
21754,658200
21755,644000
21756,838400
21757,716800
21758,638600
21759,603800
21760,655000
21761,966000
21762,612600
21763,607400
21764,606700
21765,610700
21766,602800
21767,617500
21768,596700
21769,601400
21770,594800
21771,616600
21772,609200
21773,600100
21774,593300
21775,597700
21776,695000
21777,601900
21778,593900
21779,594200
21780,591200
21781,594800
21782,592800
21783,594600
21784,595400
21785,607400
21786,619800
21787,596600
21788,597100
21789,602500
21790,598900
21791,594000
21792,593300
21793,592400
21794,591400
21795,594500
21796,625300
21797,596200
21798,590900
21799,593400
21800,591400
21801,589800
21802,590300
21803,609500
21804,591700
21805,589400
21806,590700
21807,592800
21808,590500
21809,590600
21810,587100
21811,588200
21812,5418500
21813,633900
21814,598400
21815,599500
21816,598300
21817,602000
21818,589800
21819,596800
21820,629200
21821,592100
21822,592400
21823,603000
21824,589900
21825,593000
21826,586400
21827,591400
21828,593100
21829,591200
21830,627300
21831,596000
21832,5745900
21833,1050000
21834,703000
21835,626100
21836,619300
21837,601900
21838,602100
21839,604600
21840,600600
21841,592600
21842,592900
21843,687500
21844,595300
21845,593900
21846,721800
21847,750500
21848,723300
21849,708400
21850,684100
21851,610200
21852,604200
21853,612500
21854,612600
21855,604800
21856,594400
21857,599800
21858,591800
21859,593500
21860,599300
21861,595000
21862,599700
21863,593400
21864,593300
21865,592600
21866,591200
21867,593200
21868,612900
21869,597000
21870,594600
21871,741300
21872,749000
21873,681500
21874,608300
21875,611700
21876,617100
21877,608600
21878,601800
21879,594600
21880,598800
21881,613400
21882,597100
21883,596100
21884,593800
21885,628700
21886,592500
21887,598500
21888,594900
21889,594300
21890,590700
21891,593200
21892,594100
21893,593700
21894,590600
21895,596400
21896,589900
21897,693200
21898,5645500
21899,1055700
21900,697900
21901,609300
21902,606000
21903,603500
21904,604800
21905,615800
21906,596100
21907,599900
21908,597500
21909,595500
21910,596600
21911,597700
21912,594300
21913,715300
21914,819000
21915,722300
21916,609100
21917,696900
21918,599200
21919,598600
21920,598600
21921,600600
21922,601500
21923,597500
21924,593000
21925,591900
21926,588500
21927,613700
21928,602500
21929,597200
21930,591100
21931,591600
21932,594900
21933,592500
21934,590200
21935,594600
21936,590800
21937,599600
21938,838200
21939,1048400
21940,756700
21941,728400
21942,715800
21943,625000
21944,610400
21945,601200
21946,601800
21947,604900
21948,599000
21949,606700
21950,601800
21951,606700
21952,598900
21953,631000
21954,596200
21955,592800
21956,600100
21957,596200
21958,593400
21959,593400
21960,592700
21961,594700
21962,650000
21963,599200
21964,595700
21965,604800
21966,591700
21967,603700
21968,592100
21969,596200
21970,589300
21971,595200
21972,590500
21973,600800
21974,592100
21975,592800
21976,600400
21977,592800
21978,594600
21979,857900
21980,598300
21981,600600
21982,590900
21983,591600
21984,627500
21985,594700
21986,590500
21987,660100
21988,599700
21989,608300
21990,617100
21991,609300
21992,607800
21993,599400
21994,596400
21995,612300
21996,598200
21997,599800
21998,599800
21999,691600
22000,601100
22001,601800
22002,598500
22003,600300
22004,601100
22005,604300
22006,597200
22007,605400
22008,594000
22009,603800
22010,598700
22011,606400
22012,600900
22013,684600
22014,614500
22015,693600
22016,746300
22017,733000
22018,715800
22019,694700
22020,613600
22021,606500
22022,603500
22023,606200
22024,600200
22025,603500
22026,602500
22027,599000
22028,598900
22029,595800
22030,602700
22031,607000
22032,594100
22033,602600
22034,600300
22035,593200
22036,625000
22037,601200
22038,633900
22039,600300
22040,637300
22041,619400
22042,611800
22043,607000
22044,603800
22045,613800
22046,604300
22047,608200
22048,604900
22049,607200
22050,598800
22051,603000
22052,600700
22053,602400
22054,605000
22055,603200
22056,598700
22057,607000
22058,598000
22059,607800
22060,841300
22061,606600
22062,626900
22063,625900
22064,607800
22065,604900
22066,603600
22067,605200
22068,602000
22069,605500
22070,612600
22071,608700
22072,608200
22073,608500
22074,595100
22075,602400
22076,596800
22077,598600
22078,597400
22079,597100
22080,598200
22081,598900
22082,688600
22083,598400
22084,596000
22085,599900
22086,593600
22087,621000
22088,766200
22089,759300
22090,887300
22091,663100
22092,619200
22093,619200
22094,613300
22095,617200
22096,610900
22097,613500
22098,609800
22099,606600
22100,606400
22101,609200
22102,608500
22103,604900
22104,602200
22105,610500
22106,599700
22107,610000
22108,602000
22109,618700
22110,612300
22111,606800
22112,608200
22113,609500
22114,695800
22115,614600
22116,714800
22117,617800
22118,615500
22119,606500
22120,604600
22121,613200
22122,608300
22123,607700
22124,603000
22125,606200
22126,604700
22127,607200
22128,603000
22129,605000
22130,603900
22131,611300
22132,634000
22133,622100
22134,605100
22135,621300
22136,600400
22137,602800
22138,591700
22139,639400
22140,924000
22141,602100
22142,601000
22143,598200
22144,593000
22145,596200
22146,596800
22147,596600
22148,597200
22149,591800
22150,591800
22151,593900
22152,595800
22153,590100
22154,589600
22155,593800
22156,590800
22157,600400
22158,589300
22159,599200
22160,592300
22161,594500
22162,590000
22163,602700
22164,790100
22165,741000
22166,714600
22167,632600
22168,606400
22169,611200
22170,615600
22171,605700
22172,607000
22173,604600
22174,596500
22175,604200
22176,600400
22177,599800
22178,592900
22179,591700
22180,599400
22181,591900
22182,596100
22183,594100
22184,612500
22185,595800
22186,588900
22187,592700
22188,605200
22189,636200
22190,800100
22191,720400
22192,709700
22193,627700
22194,663500
22195,665600
22196,663800
22197,618000
22198,601600
22199,615900
22200,601900
22201,665300
22202,609700
22203,601600
22204,600400
22205,595800
22206,599200
22207,605200
22208,593800
22209,609700
22210,595100
22211,598500
22212,599400
22213,672500
22214,611500
22215,801000
22216,803800
22217,793700
22218,673400
22219,669400
22220,921300
22221,674100
22222,660500
