frame,frameTimeNs
0,647300
1,652800
2,613100
3,611700
4,601000
5,606700
6,600300
7,607000
8,602100
9,601400
10,602200
11,619200
12,600100
13,783400
14,758200
15,1143500
16,756600
17,744100
18,752200
19,746200
20,819000
21,744000
22,612500
23,624000
24,599000
25,619700
26,608500
27,593900
28,614800
29,624100
30,606900
31,612100
32,599900
33,725300
34,604100
35,655800
36,607800
37,608000
38,612000
39,606000
40,593100
41,613800
42,604600
43,606500
44,607600
45,652200
46,604900
47,615500
48,605500
49,604700
50,598100
51,599400
52,606400
53,601100
54,602300
55,600700
56,603000
57,603900
58,608000
59,604300
60,592200
61,776000
62,5013900
63,769900
64,724200
65,660600
66,607100
67,612200
68,616300
69,608500
70,613900
71,657200
72,613100
73,605400
74,595800
75,597500
76,594700
77,597800
78,628300
79,647100
80,755100
81,660900
82,622800
83,612500
84,608600
85,913600
86,633100
87,610400
88,638200
89,607100
90,606200
91,602100
92,598800
93,606700
94,599800
95,600700
96,599300
97,602100
98,599200
99,601500
100,595400
101,597000
102,600500
103,682800
104,607000
105,606300
106,600700
107,730000
108,603300
109,605600
110,598200
111,595700
112,605200
113,598400
114,596300
115,597100
116,594300
117,603900
118,603100
119,626200
120,598500
121,594800
122,604600
123,621900
124,598600
125,594100
126,592100
127,594100
128,592200
129,657700
130,643400
131,802100
132,765500
133,623400
134,639900
135,620700
136,599900
137,633700
138,613800
139,612200
140,611400
141,606700
142,617000
143,598500
144,602800
145,608700
146,597200
147,609800
148,600600
149,595700
150,610600
151,634200
152,606100
153,723300
154,622900
155,643100
156,607600
157,612500
158,613200
159,608400
160,610000
161,605900
162,600200
163,637900
164,613900
165,595100
166,864400
167,648000
168,597600
169,619300
170,601600
171,610200
172,602300
173,602900
174,599100
175,609300
176,605400
177,605800
178,767700
179,847400
180,672600
181,630900
182,645400
183,620000
184,594500
185,621600
186,622200
187,596800
188,718500
189,616700
190,595700
191,664500
192,627300
193,614100
194,601500
195,603800
196,589900
197,617200
198,614500
199,606100
200,588800
201,608300
202,669000
203,764400
204,716300
205,706300
206,619400
207,617500
208,628400
209,607600
210,613600
211,669700
212,759400
213,699800
214,629200
215,613900
216,620500
217,615100
218,631600
219,623300
220,609900
221,606800
222,606000
223,622600
224,606300
225,611600
226,607400
227,683600
228,802900
229,634200
230,613000
231,605500
232,634400
233,616100
234,602300
235,601900
236,601200
237,602500
238,607700
239,596500
240,604200
241,602700
242,600400
243,605400
244,609100
245,824600
246,660400
247,597500
248,616000
249,609100
250,611900
251,788200
252,904200
253,809600
254,799600
255,682300
256,623800
257,617200
258,620100
259,622600
260,619800
261,686900
262,599800
263,610100
264,601600
265,602800
266,598100
267,598800
268,711600
269,600700
270,600700
271,599400
272,601400
273,596000
274,597800
275,644400
276,735900
277,712900
278,705700
279,661700
280,608600
281,608000
282,614000
283,618600
284,597000
285,591700
286,592300
287,606300
288,592100
289,593100
290,589500
291,592400
292,592900
293,639600
294,596900
295,597200
296,595900
297,602000
298,593000
299,592000
300,636800
301,610500
302,640200
303,606900
304,601600
305,594800
306,596600
307,596200
308,593000
309,623400
310,594300
311,593300
312,593100
313,597500
314,593900
315,595100
316,598400
317,595700
318,591500
319,595600
320,588800
321,590400
322,594700
323,594800
324,828600
325,600600
326,664200
327,649800
328,811800
329,734000
330,614600
331,616600
332,604900
333,616500
334,608200
335,607700
336,611200
337,606500
338,602000
339,593700
340,614000
341,612300
342,606900
343,608400
344,592500
345,616100
346,598600
347,605300
348,603900
349,605300
350,675000
351,5703000
352,623300
353,639900
354,636400
355,618600
356,613200
357,608700
358,600600
359,646900
360,681900
361,647800
362,610300
363,600800
364,610300
365,607800
366,613500
367,709300
368,834100
369,745900
370,620100
371,609200
372,601600
373,610000
374,603100
375,614400
376,599600
377,601800
378,603100
379,597800
380,611400
381,608800
382,599600
383,605600
384,592500
385,614500
386,598700
387,604000
388,599600
389,600800
390,618500
391,604600
392,637200
393,607900
394,639100
395,603200
396,834500
397,614400
398,601300
399,607800
400,593500
401,618800
402,601700
403,603900
404,602400
405,603200
406,605500
407,595900
408,604700
409,611400
410,601500
411,603800
412,605400
413,594100
414,610700
415,613900
416,600100
417,804500
418,789200
419,723300
420,654500
421,716300
422,690600
423,623900
424,616100
425,617400
426,617500
427,607000
428,620200
429,630900
430,614300
431,716300
432,620100
433,611100
434,608900
435,607900
436,611100
437,602500
438,624000
439,601000
440,611000
441,708500
442,628200
443,644500
444,602200
445,617300
446,618500
447,606000
448,613500
449,602800
450,607800
451,605800
452,601900
453,612700
454,602300
455,604600
456,613600
457,602200
458,604400
459,607900
460,602700
461,592200
462,614500
463,615700
464,594300
465,615100
466,598200
467,673100
468,647100
469,748800
470,651300
471,642400
472,629200
473,629400
474,630700
475,626400
476,842600
477,637000
478,631400
479,624400
480,627900
481,624600
482,620700
483,663800
484,626800
485,624400
486,648200
487,620700
488,622400
489,620100
490,627100
491,831400
492,1000200
493,756100
494,723000
495,703700
496,632200
497,605600
498,605200
499,607900
500,603600
501,602200
502,589000
503,608400
504,619400
505,595500
506,590900
507,598800
508,607000
509,619800
510,596500
511,591200
512,698300
513,595900
514,595000
515,627200
516,598700
517,632600
518,736400
519,757900
520,660100
521,618300
522,619300
523,604100
524,622600
525,619300
526,601300
527,617500
528,598400
529,603500
530,608700
531,602800
532,603500
533,614900
534,596700
535,612700
536,599200
537,593600
538,614900
539,600200
540,721000
541,759100
542,714400
543,704700
544,639700
545,603900
546,614700
547,611900
548,606700
549,608700
550,615200
551,594700
552,595300
553,597000
554,808600
555,598700
556,597300
557,613300
558,598500
559,596600
560,596800
561,594300
562,593700
563,599100
564,593300
565,646100
566,597500
567,611500
568,605000
569,605900
570,610900
571,616000
572,599800
573,604000
574,591300
575,598300
576,598900
577,625800
578,602800
579,593200
580,592800
581,604200
582,597500
583,600800
584,593700
585,592100
586,593000
587,594800
588,589600
589,592000
590,592400
591,618600
592,5934800
593,669800
594,645300
595,617800
596,615000
597,639200
598,610800
599,619200
600,621300
601,605600
602,606500
603,600000
604,602600
605,606300
606,612400
607,675900
608,619300
609,4883700
610,742600
611,761600
612,961200
613,848400
614,650700
615,646700
616,647400
617,652400
618,984000
619,654300
620,636500
621,640600
622,632700
623,705400
624,645500
625,838800
626,772700
627,735800
628,659000
629,625300
630,619500
631,627300
632,613900
633,614000
634,614900
635,626700
636,609000
637,607900
638,605900
639,601900
640,599500
641,609300
642,609600
643,617200
644,608100
645,605300
646,606600
647,669200
648,791600
649,792100
650,757500
651,736200
652,704700
653,630900
654,614100
655,609200
656,608800
657,616300
658,604400
659,598800
660,598900
661,598800
662,763200
663,622300
664,611100
665,600300
666,617900
667,609200
668,609200
669,615700
670,603900
671,633100
672,632500
673,593800
674,604200
675,601500
676,607300
677,608400
678,599400
679,595500
680,601800
681,595600
682,604200
683,618200
684,595300
685,595600
686,598100
687,596100
688,598200
689,597800
690,597400
691,594900
692,599500
693,591500
694,597600
695,595700
696,596100
697,1093500
698,899400
699,757100
700,729000
701,704800
702,637100
703,611100
704,619700
705,614200
706,619100
707,600200
708,602400
709,603700
710,607300
711,602300
712,608800
713,611300
714,602800
715,599600
716,603400
717,611100
718,619600
719,601000
720,603000
721,635800
722,601900
723,621600
724,621600
725,605800
726,596600
727,604300
728,604800
729,598400
730,601500
731,607500
732,605600
733,600900
734,597400
735,598200
736,597300
737,599100
738,595700
739,597200
740,596600
741,596300
742,612200
743,598700
744,724500
745,600700
746,701700
747,654700
748,820100
749,721800
750,645700
751,643400
752,643700
753,636700
754,644400
755,636100
756,636800
757,628900
758,622200
759,622200
760,618500
761,632000
762,621800
763,624500
764,620900
765,624900
766,626400
767,622600
768,620900
769,621800
770,694900
771,749700
772,737600
773,628900
774,619100
775,933500
776,615000
777,621900
778,613600
779,607500
780,597100
781,617500
782,610900
783,593200
784,615200
785,598900
786,613000
787,596100
788,605300
789,616400
790,597000
791,618900
792,621100
793,611800
794,646000
795,876000
796,1018900
797,7063700
798,652000
799,639100
800,624300
801,627800
802,617900
803,612000
804,611000
805,610400
806,610000
807,607600
808,685700
809,619100
810,634000
811,607900
812,626100
813,659400
814,758000
815,614100
816,609500
817,601500
818,609800
819,605000
820,601500
821,607100
822,607100
823,606100
824,603100
825,600400
826,618100
827,594100
828,624800
829,605000
830,624700
831,595900
832,601200
833,801700
834,786300
835,778700
836,786100
837,795500
838,764000
839,761000
840,780100
841,824100
842,929700
843,641200
844,618200
845,622100
846,600800
847,604100
848,606900
849,598500
850,607000
851,598900
852,600400
853,604100
854,602900
855,602900
856,784400
857,1009900
858,924900
859,668900
860,650500
861,642100
862,630600
863,634600
864,630000
865,629400
866,631000
867,628000
868,634500
869,634200
870,622300
871,631500
872,625800
873,649400
874,644300
875,628300
876,623700
877,626300
878,627900
879,715900
880,5660500
881,730900
882,714300
883,5558000
884,636100
885,641900
886,645800
887,634600
888,667100
889,645200
890,634400
891,631400
892,641300
893,641800
894,634400
895,618500
896,620600
897,619300
898,621300
899,618900
900,627600
901,620200
902,621300
903,911300
904,657000
905,622100
906,617700
907,619900
908,621000
909,617900
910,648300
911,618800
912,813200
913,756600
914,735600
915,733600
916,731000
917,742400
918,2418500
919,757800
920,722900
921,744300
922,758200
923,730100
924,666200
925,601800
926,606500
927,607000
928,594800
929,1696100
930,794000
931,769900
932,743000
933,723700
934,682800
935,608400
936,617700
937,599000
938,597800
939,600000
940,601300
941,600100
942,602900
943,607300
944,608200
945,590700
946,589400
947,587900
948,593200
949,594000
950,589500
951,592100
952,590400
953,590700
954,747700
955,609300
956,721000
957,604400
958,615300
959,621300
960,622300
961,614900
962,611800
963,602000
964,598300
965,601900
966,596800
967,604500
968,609900
969,607600
970,605600
971,607400
972,597700
973,599100
974,599200
975,597600
976,945200
977,604900
978,607600
979,656500
980,753000
981,784600
982,722000
983,611300
984,631700
985,622700
986,618800
987,621100
988,611200
989,615100
990,617900
991,623000
992,613600
993,612700
994,615600
995,611100
996,602200
997,629200
998,622100
999,607400
1000,628100
1001,610200
1002,623200
1003,731200
1004,874500
1005,862400
1006,5976900
1007,775600
1008,730700
1009,714500
1010,617300
1011,669000
1012,621100
1013,622600
1014,613100
1015,614900
1016,626100
1017,625600
1018,596700
1019,762700
1020,844500
1021,709800
1022,624300
1023,620700
1024,613900
1025,612000
1026,758500
1027,611100
1028,599100
1029,630200
1030,597300
1031,610200
1032,707500
1033,770500
1034,750100
1035,709400
1036,639500
1037,634000
1038,638700
1039,650200
1040,637300
1041,636900
1042,830800
1043,1240300
1044,808200
1045,856800
1046,832400
1047,673000
1048,699900
1049,650600
1050,645000
1051,627200
1052,631500
1053,626300
1054,626400
1055,630600
1056,627900
1057,627300
1058,635300
1059,620800
1060,633300
1061,632900
1062,622600
1063,625600
1064,628700
1065,650200
1066,634700
1067,622000
1068,621600
1069,624200
1070,619200
1071,622500
1072,626400
1073,628100
1074,629700
1075,622900
1076,618800
1077,617400
1078,618600
1079,621000
1080,621100
1081,623600
1082,618400
1083,617100
1084,631000
1085,617400
1086,617200
1087,615400
1088,619300
1089,663300
1090,1037000
1091,882700
1092,625100
1093,610500
1094,615800
1095,598600
1096,1003200
1097,695700
1098,654500
1099,645100
1100,641300
1101,644700
1102,787200
1103,654800
1104,647800
1105,630800
1106,638400
1107,628300
1108,629900
1109,628200
1110,638600
1111,626900
1112,788100
1113,895400
1114,757400
1115,712700
1116,709300
1117,657400
1118,989200
1119,599300
1120,599600
1121,599900
1122,595800
1123,598400
1124,598800
1125,597500
1126,593700
1127,593300
1128,605100
1129,595300
1130,593500
1131,595500
1132,594600
1133,594700
1134,592000
1135,592700
1136,621500
1137,595200
1138,653900
1139,766300
1140,746200
1141,649500
1142,634200
1143,612700
1144,617000
1145,613600
1146,603300
1147,627500
1148,595800
1149,612800
1150,608900
1151,606400
1152,617800
1153,596300
1154,609200
1155,590300
1156,869000
1157,897900
1158,906200
1159,881400
1160,617700
1161,627700
1162,621400
1163,601900
1164,622800
1165,598400
1166,603900
1167,608400
1168,603800
1169,610600
1170,597900
1171,601200
1172,602800
1173,600000
1174,610700
1175,604300
1176,606600
1177,593800
1178,617000
1179,601300
1180,608800
1181,755600
1182,623100
1183,609600
1184,794100
1185,780000
1186,756900
1187,649600
1188,634900
1189,626600
1190,639800
1191,618700
1192,616000
1193,631100
1194,622300
1195,626500
1196,902900
1197,630700
1198,627500
1199,613500
1200,610800
1201,621800
1202,611400
1203,610200
1204,608500
1205,613700
1206,607100
1207,606900
1208,607300
1209,677100
1210,644600
1211,731400
1212,664300
1213,649500
1214,644400
1215,631700
1216,634400
1217,637300
1218,633700
1219,631700
1220,651600
1221,637800
1222,631200
1223,631900
1224,629900
1225,629400
1226,629600
1227,626800
1228,647800
1229,626300
1230,625800
1231,622100
1232,625600
1233,784500
1234,882100
1235,713500
1236,642300
1237,635100
1238,630000
1239,626400
1240,636800
1241,629600
1242,629300
1243,638400
1244,637000
1245,625900
1246,622100
1247,620700
1248,626600
1249,621300
1250,624200
1251,622000
1252,624500
1253,621500
1254,622900
1255,623000
1256,624400
1257,622600
1258,836800
1259,915600
1260,777300
1261,642800
1262,639700
1263,641600
1264,635800
1265,625300
1266,628300
1267,628300
1268,623100
1269,619200
1270,622100
1271,621800
1272,617800
1273,851200
1274,635400
1275,623000
1276,623800
1277,620600
1278,622100
1279,621600
1280,620000
1281,762900
1282,832300
1283,738300
1284,644100
1285,641700
1286,631300
1287,622800
1288,628000
1289,630400
1290,639400
1291,626800
1292,621200
1293,619900
1294,623700
1295,619000
1296,621000
1297,619800
1298,621800
1299,618000
1300,620600
1301,616500
1302,619900
1303,616600
1304,620000
1305,780100
1306,847600
1307,706900
1308,660700
1309,645400
1310,633600
1311,630200
1312,632900
1313,655600
1314,640800
1315,639300
1316,620200
1317,668800
1318,638300
1319,623100
1320,626700
1321,619900
1322,627500
1323,625200
1324,620700
1325,621600
1326,621100
1327,617900
1328,621400
1329,807600
1330,832200
1331,716200
1332,642500
1333,637100
1334,625300
1335,632400
1336,645300
1337,623000
1338,968300
1339,723200
1340,611000
1341,615700
1342,604800
1343,617300
1344,609900
1345,612200
1346,590800
1347,616800
1348,603700
1349,876100
1350,618300
1351,600800
1352,654600
1353,604000
1354,634900
1355,609900
1356,608700
1357,609300
1358,613800
1359,608800
1360,601400
1361,602600
1362,590700
1363,622100
1364,590500
1365,613900
1366,606100
1367,606800
1368,611600
1369,594400
1370,617200
1371,601900
1372,601000
1373,606600
1374,598500
1375,602600
1376,605100
1377,599500
1378,653500
1379,750000
1380,753200
1381,717500
1382,704300
1383,631000
1384,606900
1385,602500
1386,603600
1387,607500
1388,593000
1389,595200
1390,591500
1391,595300
1392,590400
1393,594100
1394,592000
1395,594400
1396,590700
1397,592000
1398,594700
1399,590600
1400,589200
1401,593800
1402,596300
1403,624500
1404,771900
1405,654100
1406,650900
1407,657100
1408,661600
1409,647600
1410,637900
1411,621200
1412,623300
1413,621400
1414,621000
1415,625300
1416,618200
1417,623300
1418,728500
1419,629200
1420,621400
1421,621700
1422,619800
1423,621300
1424,621200
1425,623200
1426,621800
1427,820400
1428,839400
1429,880800
1430,642700
1431,647500
1432,622900
1433,627100
1434,622000
1435,620700
1436,619000
1437,620500
1438,628000
1439,620100
1440,622700
1441,621200
1442,622100
1443,619900
1444,619900
1445,628200
1446,620800
1447,619100
1448,620600
1449,621400
1450,617700
1451,830400
1452,957800
1453,762200
1454,715800
1455,609300
1456,606200
1457,609500
1458,607500
1459,605100
1460,590800
1461,589700
1462,590100
1463,592300
1464,593200
1465,590700
1466,599300
1467,591300
1468,591600
1469,593200
1470,591900
1471,590000
1472,592100
1473,591700
1474,590500
1475,589900
1476,629700
1477,611500
1478,729800
1479,760200
1480,762500
1481,634300
1482,625700
1483,629700
1484,620300
1485,614900
1486,611900
1487,619800
1488,606100
1489,610000
1490,605300
1491,590500
1492,620800
1493,602700
1494,600300
1495,601100
1496,599600
1497,607800
1498,598100
1499,709600
1500,597400
1501,662100
1502,657200
1503,783600
1504,723800
1505,638100
1506,630300
1507,844700
1508,648600
1509,628400
1510,624000
1511,619800
1512,621500
1513,624500
1514,657200
1515,619100
1516,621600
1517,618800
1518,624600
1519,618900
1520,621000
1521,628600
1522,619100
1523,619900
1524,632400
1525,868100
1526,961500
1527,786400
1528,691600
1529,609300
1530,623200
1531,603800
1532,610500
1533,605000
1534,610400
1535,609500
1536,598900
1537,603100
1538,602200
1539,612800
1540,608600
1541,599400
1542,604400
1543,600500
1544,596200
1545,606100
1546,599400
1547,598500
1548,606100
1549,815700
1550,962200
1551,667800
1552,628000
1553,641600
1554,615400
1555,611700
1556,648400
1557,628600
1558,601100
1559,607700
1560,599900
1561,601100
1562,605500
1563,609000
1564,600200
1565,599400
1566,603100
1567,608000
1568,593400
1569,612600
1570,591500
1571,610100
1572,616700
1573,673600
1574,625900
1575,756300
1576,700100
1577,653900
1578,745300
1579,640300
1580,630800
1581,627900
1582,630400
1583,627200
1584,629800
1585,842400
1586,647700
1587,628300
1588,626000
1589,625400
1590,621900
1591,623700
1592,621500
1593,629500
1594,621200
1595,622200
1596,682500
1597,758800
1598,830000
1599,721500
1600,641800
1601,672000
1602,630900
1603,630300
1604,627100
1605,628700
1606,621800
1607,625800
1608,621500
1609,620100
1610,618300
1611,620500
1612,617600
1613,621200
1614,619400
1615,619700
1616,621500
1617,643000
1618,629300
1619,617800
1620,618100
1621,780100
1622,899200
1623,749900
1624,726400
1625,637400
1626,613100
1627,610400
1628,607000
1629,606400
1630,605300
1631,603900
1632,638200
1633,599600
1634,589400
1635,594700
1636,592100
1637,595400
1638,590000
1639,589200
1640,592900
1641,589500
1642,610700
1643,593500
1644,588300
1645,592900
1646,657900
1647,607100
1648,655400
1649,821100
1650,737900
1651,635300
1652,614700
1653,617600
1654,611100
1655,619400
1656,615600
1657,613600
1658,716900
1659,634600
1660,613900
1661,610000
1662,604000
1663,836400
1664,614000
1665,623000
1666,610000
1667,598100
1668,602200
1669,602000
1670,810100
1671,1009900
1672,734900
1673,628800
1674,608700
1675,604900
1676,5691300
1677,618800
1678,605400
1679,607600
1680,620700
1681,610000
1682,609400
1683,608800
1684,601400
1685,594300
1686,811500
1687,754500
1688,744400
1689,734200
1690,733100
1691,744500
1692,1544500
1693,700600
1694,648700
1695,641600
1696,644500
1697,2485300
1698,680500
1699,634100
1700,634000
1701,629800
1702,632200
1703,632200
1704,731900
1705,5703900
1706,642000
1707,638100
1708,627500
1709,617500
1710,610400
1711,610000
1712,621000
1713,606700
1714,628100
1715,611600
1716,873100
1717,593900
1718,630100
1719,1040800
1720,682300
1721,635800
1722,642700
1723,613300
1724,614300
1725,607800
1726,609900
1727,642100
1728,618400
1729,603600
1730,604300
1731,611800
1732,597000
1733,625600
1734,598000
1735,627200
1736,616500
1737,620100
1738,648300
1739,612100
1740,615200
1741,606300
1742,613500
1743,604400
1744,618100
1745,681900
1746,770200
1747,740300
1748,715900
1749,674300
1750,599100
1751,607700
1752,620300
1753,608500
1754,612300
1755,607100
1756,601000
1757,594400
1758,598300
1759,598100
1760,596300
1761,605900
1762,598100
1763,599100
1764,595900
1765,596400
1766,594400
1767,597800
1768,649200
1769,604400
1770,730500
1771,778800
1772,685600
1773,646100
1774,635300
1775,637300
1776,638100
1777,632400
1778,635700
1779,619200
1780,622300
1781,619600
1782,620400
1783,637300
1784,632600
1785,634800
1786,621400
1787,628600
1788,623200
1789,618800
1790,622600
1791,618800
1792,623900
1793,617800
1794,678700
1795,6232300
1796,1060200
1797,641400
1798,638500
1799,640500
1800,635800
1801,630600
1802,625000
1803,620900
1804,622000
1805,632900
1806,626000
1807,620200
1808,621000
1809,713000
1810,730700
1811,718900
1812,704900
1813,610500
1814,623100
1815,611300
1816,608200
1817,600800
1818,615100
1819,609800
1820,609100
1821,633000
1822,600800
1823,616100
1824,594400
1825,594100
1826,592400
1827,591400
1828,594900
1829,595300
1830,592500
1831,593900
1832,591600
1833,594400
1834,594600
1835,776600
1836,746300
1837,776900
1838,677500
1839,606000
1840,606200
1841,609000
1842,602200
1843,593400
1844,593500
1845,591700
1846,599800
1847,591700
1848,594700
1849,591500
1850,590900
1851,593900
1852,593200
1853,596900
1854,612000
1855,588800
1856,590100
1857,614900
1858,603800
1859,603900
1860,782000
1861,606300
1862,599500
1863,592700
1864,589500
1865,587400
1866,592100
1867,591500
1868,598900
1869,952700
1870,619800
1871,596400
1872,594000
1873,591900
1874,590700
1875,591100
1876,698800
1877,591500
1878,595200
1879,590900
1880,594300
1881,590000
1882,594800
1883,591700
1884,594500
1885,707100
1886,975400
1887,743200
1888,656600
1889,617900
1890,611300
1891,616300
1892,612500
1893,610700
1894,632400
1895,598600
1896,598200
1897,601200
1898,599400
1899,597300
1900,596000
1901,611000
1902,607100
1903,601500
1904,607500
1905,599800
1906,595400
1907,599200
1908,596700
1909,595500
1910,662500
1911,652800
1912,779100
1913,638100
1914,609500
1915,630500
1916,608000
1917,621600
1918,626100
1919,606200
1920,603100
1921,604100
1922,604500
1923,598500
1924,601800
1925,600900
1926,601600
1927,606000
1928,601400
1929,601100
1930,597700
1931,591700
1932,619500
1933,603400
1934,619800
1935,666100
1936,615500
1937,634300
1938,612400
1939,600900
1940,610800
1941,600400
1942,607600
1943,617700
1944,597900
1945,609100
1946,598100
1947,592800
1948,623000
1949,856000
1950,597900
1951,618800
1952,604800
1953,603500
1954,600200
1955,600900
1956,603900
1957,606200
1958,707000
1959,601800
1960,654600
1961,603900
1962,623100
1963,605000
1964,629400
1965,640100
1966,648900
1967,638200
1968,598800
1969,605000
1970,602800
1971,590900
1972,641300
1973,614400
1974,597900
1975,604500
1976,602200
1977,603600
1978,618600
1979,596300
1980,611600
1981,601400
1982,613700
1983,615200
1984,599300
1985,717600
1986,840600
1987,721100
1988,631000
1989,617200
1990,617700
1991,627100
1992,610600
1993,601300
1994,602400
1995,603600
1996,611300
1997,609900
1998,638100
1999,612700
2000,599000
2001,609700
2002,596200
2003,600000
2004,603900
2005,600100
2006,608100
2007,595300
2008,603200
2009,601800
2010,806600
2011,852600
2012,808000
2013,744100
2014,645500
2015,635900
2016,633200
2017,621400
2018,623200
2019,620900
2020,621900
2021,620100
2022,619600
2023,621100
2024,620200
2025,618200
2026,620100
2027,622700
2028,833700
2029,645700
2030,623500
2031,615600
2032,622200
2033,783400
2034,5445700
2035,885200
2036,717400
2037,712400
2038,627600
2039,601100
2040,603600
2041,635400
2042,603000
2043,604100
2044,603600
2045,593800
2046,590100
2047,592800
2048,592200
2049,594000
2050,588000
2051,627200
2052,589400
2053,600100
2054,620500
2055,592800
2056,593800
2057,593500
2058,592000
2059,592900
2060,673900
2061,754100
2062,708300
2063,621300
2064,615600
2065,620900
2066,601800
2067,632800
2068,601300
2069,641000
2070,612800
2071,611300
2072,598800
2073,620600
2074,637200
2075,608800
2076,863500
2077,945500
2078,660900
2079,671300
2080,712300
2081,607200
2082,601400
2083,605400
2084,601900
2085,852400
2086,659900
2087,609500
2088,609900
2089,607900
2090,607600
2091,619700
2092,613300
2093,615800
2094,608900
2095,601900
2096,605500
2097,612100
2098,982000
2099,656700
2100,752400
2101,763800
2102,653700
2103,680300
2104,768800
2105,647500
2106,621000
2107,641000
2108,615700
2109,614200
2110,608700
2111,614900
2112,616600
2113,778000
2114,659800
2115,619100
2116,603600
2117,604100
2118,610100
2119,596700
2120,635600
2121,603700
2122,606000
2123,664800
2124,649700
2125,654800
2126,625700
2127,600700
2128,619500
2129,604700
2130,646000
2131,611000
2132,599300
2133,603700
2134,602500
2135,604700
2136,602500
2137,603900
2138,599300
2139,604900
2140,612400
2141,604500
2142,601000
2143,602200
2144,592700
2145,618700
2146,604900
2147,596700
2148,697400
2149,615300
2150,632400
2151,615300
2152,600900
2153,612000
2154,596000
2155,607200
2156,598900
2157,600000
2158,608800
2159,599500
2160,589700
2161,614200
2162,599500
2163,645200
2164,608400
2165,605400
2166,601700
2167,604500
2168,606200
2169,600400
2170,599100
2171,598100
2172,603500
2173,702600
2174,624000
2175,795400
2176,733100
2177,1015400
2178,721100
2179,619600
2180,603100
2181,601500
2182,592500
2183,599300
2184,591100
2185,596600
2186,590400
2187,589700
2188,588800
2189,591700
2190,591100
2191,592600
2192,587900
2193,597900
2194,589100
2195,610000
2196,714800
2197,594100
2198,634500
2199,730500
2200,759700
2201,721200
2202,703900
2203,706800
2204,632500
2205,609100
2206,603000
2207,610800
2208,608300
2209,609300
2210,610600
2211,605300
2212,607000
2213,610700
2214,599000
2215,596400
2216,593600
2217,598600
2218,596300
2219,596500
2220,626300
2221,594700
2222,686300
2223,759400
2224,728900
2225,612100
2226,611200
2227,605300
2228,612300
2229,606100
2230,594900
2231,590100
2232,588600
2233,597400
2234,595900
2235,593300
2236,591900
2237,593600
2238,591300
2239,590800
2240,592600
2241,606700
2242,598500
2243,605100
2244,606600
2245,591300
2246,590700
2247,594200
2248,631500
2249,810100
2250,741200
2251,660300
2252,635800
2253,627300
2254,622500
2255,624000
2256,624000
2257,855800
2258,636900
2259,625300
2260,621500
2261,622700
2262,622100
2263,643500
2264,635400
2265,622600
2266,618800
2267,626500
2268,627700
2269,622700
2270,618000
2271,623400
2272,701500
2273,838600
2274,786800
2275,644900
2276,753500
2277,634300
2278,624400
2279,620500
2280,622000
2281,620700
2282,617600
2283,623200
2284,616400
2285,619900
2286,673600
2287,631900
2288,620400
2289,635900
2290,619900
2291,628700
2292,618200
2293,621500
2294,618500
2295,681700
2296,1047700
2297,962400
2298,639500
2299,628100
2300,615100
2301,604000
2302,619200
2303,613100
2304,615000
2305,666600
2306,610600
2307,610000
2308,607100
2309,612400
2310,597500
2311,604200
2312,596600
2313,613100
2314,606000
2315,602100
2316,599900
2317,599700
2318,593200
2319,716300
2320,751200
2321,758700
2322,676500
2323,676700
2324,652300
2325,659500
2326,642700
2327,635000
2328,628700
2329,633300
2330,629900
2331,633200
2332,629500
2333,628400
2334,935300
2335,642600
2336,632200
2337,626200
2338,623000
2339,629200
2340,630500
2341,633300
2342,634700
2343,845500
2344,957500
2345,713900
2346,629200
2347,695200
2348,685100
2349,613900
2350,614600
2351,611100
2352,609700
2353,764800
2354,614300
2355,607900
2356,605600
2357,602500
2358,608100
2359,605200
2360,609200
2361,610100
2362,599900
2363,602000
2364,608200
2365,602200
2366,597700
2367,743900
2368,832700
2369,692200
2370,726800
2371,646300
2372,643500
2373,637800
2374,633100
2375,633500
2376,631100
2377,632900
2378,633700
2379,633500
2380,644400
2381,643000
2382,646600
2383,639900
2384,629100
2385,631100
2386,640300
2387,629400
2388,627800
2389,627500
2390,760400
2391,905200
2392,737500
2393,726600
2394,713000
2395,678400
2396,619500
2397,634600
2398,641700
2399,632700
2400,606700
2401,606100
2402,612300
2403,605200
2404,617500
2405,600100
2406,604700
2407,604200
2408,613000
2409,592100
2410,971100
2411,653100
2412,601100
2413,620800
2414,729500
2415,616000
2416,740100
2417,757900
2418,889100
2419,675900
2420,680800
2421,634900
2422,628700
2423,631700
2424,637200
2425,629600
2426,633100
2427,637400
2428,644500
2429,622900
2430,625100
2431,734500
2432,625900
2433,620200
2434,624400
2435,622100
2436,620800
2437,770200
2438,848600
2439,757600
2440,658200
2441,650900
2442,622600
2443,622500
2444,622600
2445,620800
2446,622700
2447,620000
2448,621200
2449,619700
2450,627800
2451,619600
2452,621600
2453,619800
2454,621500
2455,627000
2456,630300
2457,622400
2458,617900
2459,621100
2460,623000
2461,793600
2462,827100
2463,748000
2464,631000
2465,649400
2466,641000
2467,632400
2468,626400
2469,620000
2470,619500
2471,623200
2472,655500
2473,625700
2474,634900
2475,624200
2476,622100
2477,620900
2478,622200
2479,622500
2480,619700
2481,620500
2482,618400
2483,623400
2484,617500
2485,770200
2486,1304200
2487,757600
2488,722300
2489,614400
2490,607200
2491,604800
2492,613200
2493,609200
2494,592300
2495,590600
2496,598100
2497,594000
2498,589800
2499,591600
2500,589700
2501,591200
2502,591200
2503,591200
2504,588200
2505,590400
2506,589400
2507,591200
2508,590000
2509,650900
2510,710700
2511,615500
2512,619000
2513,606900
2514,592700
2515,594400
2516,594800
2517,596300
2518,592200
2519,624100
2520,594300
2521,608000
2522,592400
2523,593100
2524,591600
2525,598200
2526,592100
2527,594200
2528,594400
2529,590800
2530,595100
2531,587900
2532,590600
2533,589900
2534,592800
2535,680400
2536,637800
2537,791900
2538,708400
2539,707200
2540,676600
2541,669700
2542,641600
2543,639400
2544,638000
2545,624000
2546,621600
2547,630800
2548,620600
2549,621600
2550,622000
2551,655000
2552,623600
2553,625800
2554,621600
2555,620600
2556,618900
2557,620200
2558,625900
2559,814400
2560,880100
2561,782400
2562,736700
2563,702900
2564,894600
2565,650000
2566,618000
2567,601600
2568,6164000
2569,629300
2570,612800
2571,629300
2572,611200
2573,680200
2574,617500
2575,628500
2576,609400
2577,609900
2578,615300
2579,597900
2580,633300
2581,616900
2582,721100
2583,631500
2584,607100
2585,616000
2586,596800
2587,612600
2588,620100
2589,615300
2590,591400
2591,613200
2592,600200
2593,599000
2594,602300
2595,600600
2596,601600
2597,605300
2598,672200
2599,5948100
2600,689600
2601,655300
2602,648600
2603,651000
2604,632500
2605,630100
2606,630600
2607,629600
2608,630200
2609,626800
2610,626500
2611,625700
2612,628900
2613,627800
2614,624300
2615,750900
2616,855800
2617,790600
2618,653100
2619,638900
2620,641300
2621,632100
2622,640100
2623,624800
2624,624500
2625,1044900
2626,638600
2627,631100
2628,632000
2629,639100
2630,633100
2631,643900
2632,638400
2633,635800
2634,633300
2635,633300
2636,630700
2637,633100
2638,748600
2639,834600
2640,763700
2641,657300
2642,652200
2643,627400
2644,626300
2645,629000
2646,626700
2647,622700
2648,624700
2649,638700
2650,629900
2651,622400
2652,757400
2653,633600
2654,622000
2655,625100
2656,622500
2657,628300
2658,619700
2659,619400
2660,621100
2661,622000
2662,793700
2663,880700
2664,806300
2665,750900
2666,777800
2667,901500
2668,888000
2669,918100
2670,710100
2671,616700
2672,609100
2673,613900
2674,598800
2675,605200
2676,594600
2677,611300
2678,607900
2679,601600
2680,601600
2681,602300
2682,601300
2683,615100
2684,591700
2685,691000
2686,638900
2687,652200
2688,629800
2689,613000
2690,623500
2691,624200
2692,602700
2693,626800
2694,609900
2695,613500
2696,597600
2697,604000
2698,605900
2699,601100
2700,604200
2701,989800
2702,605900
2703,610900
2704,610500
2705,593300
2706,623200
2707,602700
2708,595100
2709,612200
2710,641900
2711,618600
2712,621900
2713,605800
2714,607100
2715,612900
2716,595500
2717,613400
2718,600500
2719,605600
2720,605900
2721,592100
2722,610100
2723,602200
2724,609500
2725,602300
2726,609000
2727,609500
2728,598800
2729,613600
2730,603300
2731,723700
2732,601400
2733,606200
2734,596400
2735,657800
2736,624400
2737,639400
2738,624400
2739,617700
2740,608100
2741,597400
2742,618200
2743,620400
2744,608400
2745,598200
2746,609900
2747,596000
2748,603900
2749,590100
2750,616400
2751,606500
2752,598000
2753,599900
2754,589600
2755,605300
2756,599000
2757,600400
2758,610200
2759,599100
2760,600700
2761,668900
2762,735100
2763,634900
2764,626300
2765,623500
2766,630200
2767,614100
2768,627300
2769,607400
2770,589700
2771,620700
2772,596100
2773,605500
2774,607400
2775,601700
2776,599400
2777,601900
2778,606200
2779,598600
2780,602700
2781,592600
2782,1029100
2783,616600
2784,622200
2785,765300
2786,5633500
2787,630800
2788,621500
2789,627000
2790,603300
2791,623000
2792,600800
2793,676200
2794,601900
2795,600000
2796,762400
2797,602500
2798,603400
2799,595200
2800,609500
2801,722900
2802,633800
2803,636500
2804,614200
2805,740300
2806,622900
2807,610900
2808,610200
2809,605200
2810,606600
2811,602900
2812,601300
2813,607100
2814,607800
2815,604900
2816,620200
2817,598000
2818,605400
2819,603500
2820,599000
2821,642000
2822,596700
2823,598600
2824,615000
2825,599500
2826,597200
2827,690900
2828,607400
2829,5523700
2830,672200
2831,4207100
2832,767000
2833,688500
2834,637600
2835,640000
2836,633100
2837,633000
2838,803200
2839,1488100
2840,663400
2841,644800
2842,639000
2843,635300
2844,651600
2845,640500
2846,631700
2847,631000
2848,633800
2849,632800
2850,628600
2851,631100
2852,628900
2853,631200
2854,633600
2855,634200
2856,634500
2857,633100
2858,626600
2859,624500
2860,622700
2861,825500
2862,1023100
2863,855300
2864,723600
2865,713000
2866,663100
2867,611800
2868,753600
2869,613600
2870,613300
2871,615000
2872,612600
2873,600100
2874,600900
2875,600900
2876,599800
2877,609600
2878,618700
2879,606200
2880,594900
2881,602900
2882,601500
2883,599000
2884,752700
2885,772800
2886,743400
2887,649300
2888,629100
2889,623400
2890,607500
2891,643000
2892,612000
2893,608200
2894,614100
2895,605700
2896,618200
2897,603200
2898,603500
2899,596800
2900,612300
2901,608400
2902,609900
2903,611800
2904,601200
2905,603700
2906,603700
2907,610700
2908,603100
2909,648500
2910,616900
2911,635600
2912,616000
2913,612000
2914,614600
2915,599400
2916,955500
2917,613900
2918,606300
2919,602600
2920,613800
2921,596500
2922,590800
2923,613800
2924,599000
2925,604100
2926,611400
2927,597800
2928,602200
2929,602500
2930,604900
2931,592600
2932,612900
2933,601100
2934,644100
2935,644200
2936,652800
2937,615300
2938,613200
2939,609700
2940,607600
2941,613600
2942,590800
2943,630800
2944,596600
2945,599700
2946,602000
2947,601000
2948,601900
2949,599200
2950,597800
2951,714500
2952,610200
2953,600800
2954,604300
2955,593700
2956,607100
2957,611200
2958,591200
2959,705200
2960,608600
2961,638500
2962,607700
2963,606500
2964,630000
2965,616600
2966,614900
2967,600500
2968,599200
2969,601400
2970,604600
2971,588700
2972,605600
2973,598500
2974,602700
2975,614100
2976,594400
2977,604900
2978,602200
2979,599300
2980,606800
2981,597500
2982,601000
2983,604300
2984,595900
2985,852600
2986,953500
2987,785200
2988,747200
2989,718400
2990,631000
2991,634500
2992,631700
2993,633000
2994,628500
2995,860300
2996,631400
2997,625900
2998,629400
2999,623000
3000,618900
3001,624800
3002,656400
3003,624100
3004,618000
3005,625900
3006,619000
3007,619000
3008,849400
3009,949500
3010,751500
3011,709700
3012,624900
3013,612000
3014,603500
3015,610800
3016,604400
3017,601800
3018,599700
3019,597500
3020,610000
3021,598700
3022,593800
3023,593500
3024,593800
3025,593300
3026,592900
3027,593800
3028,592300
3029,593400
3030,595300
3031,701500
3032,641900
3033,607200
3034,619000
3035,605200
3036,617000
3037,603400
3038,622100
3039,602700
3040,602600
3041,595500
3042,595200
3043,602400
3044,594400
3045,594300
3046,678400
3047,612200
3048,601400
3049,595700
3050,594600
3051,607600
3052,596100
3053,597600
3054,594600
3055,594200
3056,590900
3057,644100
3058,796500
3059,714900
3060,615600
3061,615400
3062,604000
3063,622000
3064,611900
3065,616000
3066,600200
3067,619000
3068,629800
3069,617400
3070,613300
3071,605000
3072,609700
3073,599400
3074,593800
3075,832500
3076,603200
3077,599800
3078,607300
3079,598200
3080,609700
3081,597900
3082,591000
3083,666300
3084,605000
3085,639100
3086,613900
3087,601400
3088,606500
3089,609400
3090,595200
3091,607700
3092,600700
3093,600700
3094,620800
3095,595200
3096,602700
3097,594900
3098,601800
3099,606100
3100,601900
3101,601300
3102,596800
3103,619900
3104,605200
3105,635900
3106,621600
3107,592900
3108,693500
3109,879300
3110,813000
3111,618600
3112,736400
3113,616900
3114,604200
3115,619800
3116,610700
3117,593700
3118,628600
3119,600200
3120,609500
3121,608100
3122,594800
3123,609300
3124,595400
3125,606200
3126,607800
3127,602300
3128,605200
3129,595200
3130,598300
3131,605300
3132,597900
3133,669600
3134,619500
3135,645600
3136,609100
3137,600800
3138,599700
3139,594100
3140,611900
3141,605200
3142,612200
3143,602500
3144,596000
3145,607800
3146,598300
3147,589800
3148,610800
3149,606100
3150,602000
3151,606900
3152,602700
3153,603700
3154,608600
3155,606600
3156,830300
3157,611100
3158,711400
3159,612800
3160,824100
3161,626600
3162,628000
3163,617700
3164,659200
3165,612700
3166,598500
3167,629900
3168,604200
3169,606400
3170,592700
3171,613300
3172,607400
3173,598800
3174,604100
3175,597400
3176,646400
3177,617900
3178,604500
3179,594100
3180,605900
3181,606900
3182,606700
3183,761200
3184,738500
3185,725900
3186,645900
3187,620600
3188,612200
3189,610900
3190,616700
3191,609300
3192,606600
3193,597200
3194,700700
3195,597500
3196,599400
3197,601200
3198,595300
3199,603700
3200,596500
3201,592300
3202,592300
3203,596100
3204,608100
3205,593400
3206,591700
3207,593500
3208,622500
3209,598400
3210,599800
3211,597100
3212,596300
3213,594300
3214,591000
3215,590400
3216,625200
3217,612800
3218,595100
3219,596400
3220,595500
3221,594000
3222,592100
3223,595100
3224,590600
3225,596500
3226,590700
3227,592500
3228,589800
3229,595000
3230,591500
3231,597400
3232,596700
3233,589000
3234,635900
3235,751300
3236,768900
3237,905000
3238,640100
3239,622600
3240,617300
3241,616700
3242,606700
3243,611600
3244,616000
3245,846800
3246,857400
3247,873400
3248,887600
3249,850300
3250,885600
3251,868000
3252,854200
3253,704600
3254,625200
3255,667800
3256,622100
3257,638500
3258,617900
3259,636600
3260,628000
3261,626500
3262,623200
3263,626700
3264,620100
3265,614000
3266,617000
3267,616900
3268,620700
3269,615400
3270,607800
3271,615400
3272,611400
3273,613800
3274,743600
3275,614100
3276,603000
3277,634200
3278,609800
3279,610900
3280,594700
3281,909500
3282,755200
3283,719000
3284,636900
3285,606000
3286,604300
3287,608300
3288,606400
3289,621900
3290,602500
3291,600800
3292,601200
3293,601000
3294,606000
3295,606500
3296,605200
3297,603900
3298,598200
3299,603500
3300,600600
3301,596500
3302,597800
3303,597800
3304,593500
3305,715400
3306,664900
3307,654700
3308,859700
3309,627800
3310,612900
3311,605800
3312,919800
3313,609900
3314,609000
3315,607100
3316,603800
3317,603100
3318,604800
3319,603100
3320,600300
3321,602500
3322,598500
3323,603700
3324,599600
3325,600900
3326,601600
3327,604100
3328,598300
3329,602400
3330,632300
3331,607600
3332,780100
3333,614800
3334,619600
3335,611800
3336,603200
3337,611200
3338,602200
3339,604100
3340,598000
3341,599000
3342,598300
3343,599700
3344,602100
3345,601100
3346,597200
3347,600200
3348,596600
3349,598000
3350,595800
3351,596300
3352,599500
3353,599300
3354,598900
3355,749500
3356,596400
3357,606500
3358,607100
3359,606300
3360,610000
3361,606400
3362,597500
3363,600400
3364,594900
3365,597200
3366,595400
3367,598200
3368,597000
3369,595900
3370,592000
3371,600400
3372,593500
3373,598700
3374,594400
3375,595600
3376,596500
3377,600800
3378,595700
3379,598400
3380,618200
3381,625100
3382,596500
3383,635100
3384,760400
3385,736600
3386,669300
3387,615000
3388,614900
3389,615600
3390,611100
3391,614100
3392,609700
3393,854200
3394,615500
3395,620800
3396,607900
3397,612600
3398,610600
3399,616200
3400,607800
3401,604400
3402,616800
3403,606300
3404,619600
3405,785200
3406,888400
3407,746700
3408,726400
3409,653300
3410,606400
3411,609800
3412,610000
3413,607300
3414,601700
3415,596800
3416,596700
3417,603900
3418,597000
3419,598400
3420,598900
3421,606200
3422,598700
3423,597900
3424,602700
3425,597300
3426,593200
3427,620800
3428,602200
3429,602200
3430,629900
3431,595000
3432,656700
3433,752900
3434,757100
3435,656300
3436,606200
3437,746600
3438,621300
3439,604800
3440,625100
3441,616000
3442,611000
3443,612400
3444,618300
3445,607700
3446,602700
3447,611600
3448,609600
3449,612300
3450,603400
3451,623100
3452,600800
3453,618100
3454,677400
3455,611300
3456,619200
3457,871900
3458,746800
3459,718200
3460,637600
3461,612800
3462,605900
3463,607400
3464,605800
3465,603800
3466,5784800
3467,1008800
3468,704800
3469,619600
3470,652100
3471,607500
3472,811800
3473,753300
3474,724800
3475,614900
3476,610300
3477,628000
3478,626700
3479,602300
3480,622300
3481,611500
3482,613900
3483,619700
3484,616000
3485,611200
3486,609700
3487,622800
3488,611200
3489,604800
3490,647000
3491,627300
3492,604000
3493,615000
3494,645200
3495,616400
3496,691400
3497,630400
3498,625900
3499,631500
3500,619000
3501,613800
3502,614400
3503,620000
3504,608600
3505,613900
3506,609300
3507,608200
3508,720000
3509,618700
3510,612600
3511,612400
3512,622800
3513,605600
3514,610100
3515,620200
3516,617000
3517,606100
3518,612200
3519,676900
3520,618100
3521,743700
3522,5892200
3523,744400
3524,729700
3525,646600
3526,619500
3527,633200
3528,615300
3529,618300
3530,616600
3531,617800
3532,614700
3533,879200
3534,611200
3535,679100
3536,617100
3537,635200
3538,629400
3539,615900
3540,621800
3541,625400
3542,609600
3543,612300
3544,608000
3545,621600
3546,608300
3547,600600
3548,619000
3549,611400
3550,608400
3551,636300
3552,606400
3553,606000
3554,607300
3555,644200
3556,612600
3557,608800
3558,612700
3559,617400
3560,811500
3561,849500
3562,1053500
3563,924500
3564,953200
3565,629300
3566,621100
3567,615500
3568,619400
3569,624300
3570,620700
3571,614100
3572,619500
3573,612200
3574,628000
3575,610900
3576,611500
3577,614800
3578,766200
3579,609300
3580,605800
3581,603100
3582,605300
3583,602800
3584,823400
3585,744900
3586,866100
3587,767700
3588,764800
3589,628300
3590,629700
3591,618200
3592,612800
3593,640000
3594,626100
3595,612600
3596,656400
3597,614800
3598,616700
3599,615800
3600,609800
3601,621500
3602,609800
3603,620300
3604,611300
3605,619500
3606,613500
3607,818400
3608,889600
3609,1150100
3610,654700
3611,629700
3612,627200
3613,629300
3614,625000
3615,620100
3616,619000
3617,624100
3618,623600
3619,624700
3620,615100
3621,618000
3622,607900
3623,623700
3624,616300
3625,610200
3626,620800
3627,607100
3628,614800
3629,613500
3630,620000
3631,608700
3632,686700
3633,614500
3634,629800
3635,609900
3636,655700
3637,626900
3638,625200
3639,616900
3640,619200
3641,614600
3642,637700
3643,619300
3644,615300
3645,613400
3646,609600
3647,621600
3648,628300
3649,609600
3650,612700
3651,618900
3652,614200
3653,615600
3654,608000
3655,616800
3656,611500
3657,821300
3658,629100
3659,707300
3660,758100
3661,729200
3662,720400
3663,676300
3664,610300
3665,609400
3666,641300
3667,605900
3668,609100
3669,605600
3670,607800
3671,606800
3672,609000
3673,606300
3674,606100
3675,605500
3676,609000
3677,599400
3678,606600
3679,602500
3680,604700
3681,728000
3682,5846800
3683,1078700
3684,657200
3685,654900
3686,652200
3687,645900
3688,647500
3689,647500
3690,636300
3691,642300
3692,640800
3693,640600
3694,639900
3695,642700
3696,640300
3697,809900
3698,879700
3699,768800
3700,735100
3701,722900
3702,693200
3703,630100
3704,613900
3705,616700
3706,608600
3707,612900
3708,611300
3709,616000
3710,612200
3711,606600
3712,613800
3713,605500
3714,607600
3715,607100
3716,605300
3717,608800
3718,606100
3719,610300
3720,606500
3721,654300
3722,779600
3723,672200
3724,665000
3725,646000
3726,648700
3727,645500
3728,756300
3729,640000
3730,634700
3731,637800
3732,633700
3733,636500
3734,636600
3735,632800
3736,634300
3737,632000
3738,632400
3739,637100
3740,633700
3741,636600
3742,634400
3743,637900
3744,634200
3745,868700
3746,1004500
3747,756200
3748,739000
3749,743200
3750,642300
3751,610200
3752,612500
3753,606400
3754,607500
3755,874600
3756,610300
3757,612600
3758,603500
3759,601700
3760,598000
3761,606100
3762,596700
3763,605200
3764,598600
3765,600300
3766,601300
3767,613800
3768,825000
3769,862300
3770,651500
3771,621800
3772,619100
3773,638500
3774,607700
3775,609200
3776,626400
3777,608500
3778,609400
3779,607700
3780,611000
3781,606100
3782,603300
3783,607200
3784,597800
3785,600700
3786,603600
3787,602700
3788,606100
3789,600600
3790,609900
3791,651900
3792,661000
3793,773700
3794,725400
3795,719700
3796,742300
3797,640800
3798,606400
3799,603600
3800,605000
3801,603600
3802,603200
3803,608400
3804,604000
3805,608200
3806,604600
3807,604000
3808,715500
3809,608300
3810,618800
3811,600600
3812,596900
3813,600700
3814,603200
3815,602000
3816,596600
3817,596800
3818,810300
3819,849700
3820,783400
3821,630900
3822,636000
3823,633900
3824,615200
3825,621300
3826,618800
3827,614700
3828,907300
3829,613600
3830,615300
3831,615600
3832,596500
3833,921400
3834,613900
3835,612300
3836,604100
3837,605400
3838,595900
3839,620800
3840,614000
3841,658500
3842,611000
3843,635200
3844,608400
3845,613000
3846,602400
3847,607400
3848,609200
3849,597800
3850,603000
3851,596900
3852,612400
3853,605400
3854,589700
3855,611000
3856,598300
3857,605900
3858,628700
3859,668600
3860,657800
3861,638200
3862,612900
3863,619500
3864,594800
3865,615500
3866,5813300
3867,856000
3868,798700
3869,791900
3870,735900
3871,765900
3872,744100
3873,761100
3874,802900
3875,870200
3876,858900
3877,806700
3878,636700
3879,664500
3880,618400
3881,607600
3882,590200
3883,616500
3884,601000
3885,624100
3886,610000
3887,619900
3888,600700
3889,593200
3890,650800
3891,627800
3892,607500
3893,603000
3894,605500
3895,640600
3896,616300
3897,598800
3898,592300
3899,609100
3900,597200
3901,606700
3902,877100
3903,613200
3904,818500
3905,739400
3906,712000
3907,696300
3908,652700
3909,651500
3910,614600
3911,631600
3912,609700
3913,604400
3914,621600
3915,603900
3916,613300
3917,606100
3918,653900
3919,604600
3920,607000
3921,600600
3922,601200
3923,599800
3924,605600
3925,608000
3926,595100
3927,619700
3928,603300
3929,591400
3930,676700
3931,612700
3932,632700
3933,620500
3934,612300
3935,594200
3936,603400
3937,601600
3938,600000
3939,607300
3940,597400
3941,602200
3942,605700
3943,600700
3944,613300
3945,600400
3946,592800
3947,609900
3948,600400
3949,606200
3950,602100
3951,601500
3952,611500
3953,605400
3954,602400
3955,761100
3956,617300
3957,631600
3958,621100
3959,726600
3960,645900
3961,624400
3962,610600
3963,682000
3964,620800
3965,609200
3966,605400
3967,598600
3968,610800
3969,595500
3970,613700
3971,601900
3972,589700
3973,633300
3974,605400
3975,597100
3976,620800
3977,600500
3978,602700
3979,614000
3980,669400
3981,615100
3982,905300
3983,622100
3984,606700
3985,607600
3986,603500
3987,604100
3988,604500
3989,608200
3990,603100
3991,593500
3992,608300
3993,601900
3994,601100
3995,606300
3996,601800
3997,591500
3998,611800
3999,608100
4000,604800
4001,609700
4002,596000
4003,602000
4004,605400
4005,769300
4006,738300
4007,706200
4008,628700
4009,607600
4010,615800
4011,609100
4012,606500
4013,608900
4014,605700
4015,606200
4016,599200
4017,596800
4018,593000
4019,593800
4020,595000
4021,592000
4022,592500
4023,597200
4024,592800
4025,610600
4026,595900
4027,592700
4028,596400
4029,593100
4030,617300
4031,883600
4032,746500
4033,633500
4034,622500
4035,649400
4036,875100
4037,872500
4038,882900
4039,966300
4040,617400
4041,615100
4042,607200
4043,606400
4044,599600
4045,599400
4046,601700
4047,608300
4048,600100
4049,595400
4050,595100
4051,597500
4052,595500
4053,714000
4054,1014900
4055,1086300
4056,1021900
4057,781700
4058,933600
4059,626400
4060,615400
4061,604800
4062,617000
4063,601100
4064,610800
4065,603800
4066,597200
4067,612300
4068,619200
4069,601100
4070,606300
4071,593500
4072,614000
4073,609200
4074,599700
4075,604000
4076,822600
4077,945500
4078,751700
4079,714900
4080,706700
4081,674700
4082,602400
4083,605000
4084,603000
4085,604300
4086,603900
4087,602300
4088,603300
4089,601000
4090,598800
4091,594200
4092,602300
4093,596700
4094,596700
4095,594600
4096,594600
4097,593100
4098,601100
4099,594200
4100,688800
4101,763100
4102,708700
4103,619900
4104,611300
4105,608200
4106,613800
4107,613800
4108,598100
4109,611300
4110,600900
4111,603300
4112,603000
4113,598900
4114,598900
4115,594200
4116,626000
4117,713300
4118,600300
4119,598600
4120,599000
4121,594400
4122,592000
4123,591600
4124,596900
4125,695400
4126,735600
4127,625600
4128,617100
4129,605300
4130,618000
4131,603800
4132,616000
4133,702800
4134,853900
4135,632300
4136,625300
4137,934700
4138,617100
4139,604100
4140,599100
4141,603000
4142,610300
4143,599200
4144,601100
4145,598300
4146,606900
4147,604200
4148,602600
4149,658700
4150,596000
4151,651900
4152,622100
4153,616100
4154,604400
4155,600000
4156,607300
4157,602500
4158,601300
4159,597800
4160,605100
4161,602000
4162,611600
4163,591800
4164,624300
4165,609300
4166,590700
4167,610600
4168,606300
4169,612400
4170,608800
4171,598100
4172,600300
4173,599900
4174,601200
4175,649300
4176,740700
4177,744200
4178,715700
4179,665200
4180,613500
4181,605100
4182,608800
4183,605100
4184,605300
4185,606700
4186,605800
4187,627800
4188,599600
4189,606500
4190,605800
4191,600500
4192,601300
4193,592800
4194,598600
4195,598000
4196,601700
4197,597600
4198,593600
4199,593000
4200,762900
4201,600300
4202,608200
4203,605700
4204,613800
4205,609800
4206,610900
4207,612200
4208,628500
4209,606300
4210,618800
4211,604600
4212,606500
4213,626800
4214,607300
4215,603500
4216,603600
4217,824200
4218,608300
4219,602100
4220,600400
4221,600100
4222,600600
4223,599700
4224,611600
4225,762100
4226,913600
4227,742600
4228,654100
4229,649900
4230,640300
4231,643400
4232,636500
4233,638900
4234,645000
4235,641700
4236,631800
4237,631700
4238,634400
4239,621600
4240,624100
4241,617700
4242,621700
4243,627700
4244,630300
4245,619700
4246,619900
4247,620000
4248,687800
4249,748700
4250,752900
4251,716200
4252,641400
4253,612600
4254,609000
4255,608400
4256,609100
4257,615200
4258,604200
4259,625900
4260,600400
4261,601200
4262,607000
4263,592200
4264,614000
4265,598500
4266,611700
4267,607100
4268,600400
4269,604500
4270,598500
4271,607100
4272,596900
4273,689300
4274,844300
4275,731500
4276,635800
4277,639900
4278,738500
4279,614000
4280,611200
4281,608400
4282,611400
4283,602300
4284,596900
4285,606400
4286,595700
4287,605000
4288,597900
4289,612100
4290,589800
4291,606800
4292,606600
4293,603000
4294,591600
4295,613500
4296,811400
4297,623700
4298,628800
4299,747800
4300,754200
4301,720500
4302,702000
4303,611200
4304,610700
4305,604900
4306,602400
4307,630600
4308,595300
4309,591300
4310,590100
4311,589600
4312,589600
4313,592300
4314,590300
4315,593900
4316,588700
4317,593400
4318,589500
4319,590000
4320,590900
4321,591800
4322,591900
4323,665800
4324,623700
4325,711200
4326,619700
4327,613200
4328,600200
4329,598200
4330,599100
4331,613500
4332,604000
4333,600500
4334,599000
4335,600000
4336,597800
4337,597700
4338,598300
4339,600700
4340,600400
4341,599100
4342,602900
4343,596100
4344,642500
4345,599200
4346,596200
4347,601100
4348,592900
4349,657000
4350,599100
4351,598300
4352,597200
4353,598600
4354,592600
4355,595400
4356,622300
4357,597900
4358,595900
4359,596900
4360,602300
4361,592000
4362,720300
4363,602100
4364,588700
4365,587200
4366,587400
4367,2060000
4368,759900
4369,696200
4370,621400
4371,728900
4372,633900
4373,636800
4374,935500
4375,636400
4376,631600
4377,610700
4378,618700
4379,622400
4380,628000
4381,614600
4382,626000
4383,628200
4384,614400
4385,602500
4386,622100
4387,616500
4388,603500
4389,613500
4390,602700
4391,608900
4392,612800
4393,604800
4394,606600
4395,600900
4396,822000
4397,753800
4398,760000
4399,748200
4400,761500
4401,763300
4402,756700
4403,768400
4404,860600
4405,625000
4406,621900
4407,606500
4408,610300
4409,607400
4410,611900
4411,601700
4412,604600
4413,605800
4414,595600
4415,606600
4416,602300
4417,603700
4418,605900
4419,598100
4420,726000
4421,760300
4422,745500
4423,729000
4424,654900
4425,616200
4426,609300
4427,605900
4428,608000
4429,610200
4430,610400
4431,600600
4432,595800
4433,596800
4434,596400
4435,591500
4436,594100
4437,594500
4438,735000
4439,597900
4440,596300
4441,593000
4442,619800
4443,593100
4444,640000
4445,747300
4446,798200
4447,718800
4448,644100
4449,614100
4450,609800
4451,853800
4452,612500
4453,598600
4454,599100
4455,598000
4456,600000
4457,600200
4458,591500
4459,594600
4460,593700
4461,594800
4462,596900
4463,594200
4464,599900
4465,592200
4466,594500
4467,592400
4468,719600
4469,758900
4470,747200
4471,718300
4472,616800
4473,603800
4474,596600
4475,605000
4476,600100
4477,598900
4478,592800
4479,593100
4480,597400
4481,588100
4482,590300
4483,593700
4484,594100
4485,589900
4486,588800
4487,590000
4488,596300
4489,592400
4490,590200
4491,588200
4492,591100
4493,681200
4494,10389100
4495,830400
4496,756200
4497,642200
4498,637500
4499,638500
4500,638000
4501,640700
4502,626200
4503,1053100
4504,849700
4505,647900
4506,664600
4507,625400
4508,623900
4509,623400
4510,619800
4511,619500
4512,622400
4513,622700
4514,925400
4515,630900
4516,625800
4517,627900
4518,622900
4519,621500
4520,665000
4521,620300
4522,622400
4523,622400
4524,639700
4525,622300
4526,814600
4527,963700
4528,759400
4529,720100
4530,676300
4531,606400
4532,605500
4533,604800
4534,601400
4535,608500
4536,607600
4537,600400
4538,594700
4539,593300
4540,595400
4541,595800
4542,592700
4543,593200
4544,594300
4545,594300
4546,590800
4547,599000
4548,610300
4549,594900
4550,647900
4551,604400
4552,597900
4553,594000
4554,591900
4555,593800
4556,593400
4557,591900
4558,597000
4559,604400
4560,598400
4561,594000
4562,599400
4563,595800
4564,597400
4565,598800
4566,594600
4567,590900
4568,592900
4569,599500
4570,592100
4571,592100
4572,591800
4573,601000
4574,596800
4575,595400
4576,640300
4577,600100
4578,662000
4579,778500
4580,695300
4581,644000
4582,629200
4583,751000
4584,639700
4585,629300
4586,668600
4587,633700
4588,634800
4589,621200
4590,622700
4591,618100
4592,624600
4593,621200
4594,856500
4595,631300
4596,620600
4597,630600
4598,623000
4599,620800
4600,802600
4601,844200
4602,684600
4603,646500
4604,638500
4605,620700
4606,619600
4607,622500
4608,620300
4609,620400
4610,628900
4611,621700
4612,623000
4613,621800
4614,621600
4615,619800
4616,620900
4617,620000
4618,620300
4619,638000
4620,625800
4621,622900
4622,667700
4623,626300
4624,619300
4625,816700
4626,864700
4627,796700
4628,739400
4629,623000
4630,637200
4631,792800
4632,613900
4633,616400
4634,603000
4635,612000
4636,586600
4637,598700
4638,1789200
4639,641900
4640,606700
4641,631200
4642,611100
4643,618200
4644,612300
4645,610800
4646,698600
4647,618300
4648,641500
4649,609200
4650,633800
4651,600800
4652,601000
4653,591400
4654,616900
4655,608300
4656,600100
4657,600100
4658,598400
4659,611100
4660,594100
4661,749300
4662,592800
4663,619900
4664,610900
4665,594300
4666,611500
4667,601400
4668,609700
4669,593200
4670,1003600
4671,850900
4672,893900
4673,623800
4674,608500
4675,608400
4676,611900
4677,593800
4678,678400
4679,616400
4680,593800
4681,616300
4682,607200
4683,604800
4684,592800
4685,610600
4686,600900
4687,624700
4688,604900
4689,590900
4690,652800
4691,625800
4692,596800
4693,592400
4694,614400
4695,674700
4696,625400
4697,634500
4698,612900
4699,593900
4700,650100
4701,606000
4702,603700
4703,607300
4704,602200
4705,613600
4706,607500
4707,612400
4708,606000
4709,608900
4710,617000
4711,607900
4712,618800
4713,594900
4714,623200
4715,654600
4716,604800
4717,602800
4718,624700
4719,603000
4720,729800
4721,843500
4722,707700
4723,634600
4724,618400
4725,613500
4726,609400
4727,617000
4728,604500
4729,606200
4730,607100
4731,625400
4732,622500
4733,602600
4734,605500
4735,641100
4736,634900
4737,600300
4738,605600
4739,599600
4740,602300
4741,611900
4742,614600
4743,706300
4744,605900
4745,720100
4746,844200
4747,674900
4748,856400
4749,609300
4750,606400
4751,605400
4752,610400
4753,607400
4754,590800
4755,595500
4756,593000
4757,593500
4758,619600
4759,605200
4760,601800
4761,609500
4762,654900
4763,640200
4764,606300
4765,608700
4766,603700
4767,602100
4768,605000
4769,748300
4770,770900
4771,893600
4772,706700
4773,640900
4774,645900
4775,651700
4776,643900
4777,627000
4778,627000
4779,633900
4780,618700
4781,628100
4782,627900
4783,624200
4784,617800
4785,620100
4786,620300
4787,622400
4788,619600
4789,620300
4790,619400
4791,621400
4792,621000
4793,791600
4794,828300
4795,721600
4796,650500
4797,639600
4798,633200
4799,624300
4800,619600
4801,624400
4802,620700
4803,623300
4804,621100
4805,636700
4806,619800
4807,623000
4808,624800
4809,618900
4810,620500
4811,618900
4812,621300
4813,621600
4814,622300
4815,621800
4816,621600
4817,744800
4818,858500
4819,723100
4820,672400
4821,726500
4822,601000
4823,629500
4824,614700
4825,597900
4826,834100
4827,614200
4828,618900
4829,606000
4830,606400
4831,602100
4832,603500
4833,613700
4834,603200
4835,613400
4836,597800
4837,609400
4838,591600
4839,622900
4840,607000
4841,593000
4842,740100
4843,833800
4844,695700
4845,626700
4846,628800
4847,620000
4848,615400
4849,613000
4850,595400
4851,618700
4852,629500
4853,610500
4854,612300
4855,600500
4856,592000
4857,625400
4858,602600
4859,609800
4860,602200
4861,598000
4862,599300
4863,602400
4864,605000
4865,600200
4866,599300
4867,592700
4868,693900
4869,614200
4870,653000
4871,622800
4872,601700
4873,605200
4874,600600
4875,598700
4876,605000
4877,615300
4878,598900
4879,598800
4880,601800
4881,605300
4882,609400
4883,589600
4884,611300
4885,598700
4886,614400
4887,609200
4888,603000
4889,597000
4890,610400
4891,596100
4892,609100
4893,749500
4894,725500
4895,705900
4896,709300
4897,629200
4898,606100
4899,599500
4900,607300
4901,624500
4902,603100
4903,715600
4904,594700
4905,591900
4906,802000
4907,593900
4908,593700
4909,591500
4910,594400
4911,595400
4912,591000
4913,595800
4914,592700
4915,585400
4916,592300
4917,592700
4918,646600
4919,924500
4920,648500
4921,630800
4922,626500
4923,613300
4924,635300
4925,609800
4926,610800
4927,608400
4928,599700
4929,596200
4930,597500
4931,596100
4932,607900
4933,594300
4934,593200
4935,596300
4936,597900
4937,596900
4938,595000
4939,590900
4940,593800
4941,592200
4942,590700
4943,767800
4944,824700
4945,768700
4946,749800
4947,749400
4948,634000
4949,614000
4950,605500
4951,626600
4952,606900
4953,613700
4954,598000
4955,614600
4956,599900
4957,595400
4958,606700
4959,601100
4960,610700
4961,597600
4962,603500
4963,594300
4964,612000
4965,609300
4966,590600
4967,774800
4968,742500
4969,707400
4970,699700
4971,707500
4972,604800
4973,602500
4974,602000
4975,612200
4976,608000
4977,599900
4978,609800
4979,593800
4980,594300
4981,596100
4982,590300
4983,599000
4984,594100
4985,928000
4986,603400
4987,596600
4988,597500
4989,592200
4990,589600
4991,591500
4992,624800
4993,787900
4994,746400
4995,722100
4996,648700
4997,617800
4998,643700
4999,612700
5000,615200
5001,616300
5002,609500
5003,613900
5004,608500
5005,615900
5006,602000
5007,605200
5008,604600
5009,611300
5010,605500
5011,627400
5012,597200
5013,607100
5014,601300
5015,602300
5016,591200
5017,687100
5018,601800
5019,654000
5020,616800
5021,611600
5022,600900
5023,610600
5024,594400
5025,605100
5026,603700
5027,587600
5028,614600
5029,602500
5030,591800
5031,614800
5032,599600
5033,595300
5034,612800
5035,612400
5036,597500
5037,600500
5038,606100
5039,595100
5040,594400
5041,604200
5042,600500
5043,649500
5044,743200
5045,749000
5046,711600
5047,651500
5048,605100
5049,607600
5050,607200
5051,610100
5052,608800
5053,606700
5054,596500
5055,595900
5056,593400
5057,594900
5058,592600
5059,593000
5060,592100
5061,591000
5062,602000
5063,594500
5064,599300
5065,593800
5066,899200
5067,739200
5068,653300
5069,624300
5070,606600
5071,609000
5072,602500
5073,603100
5074,601800
5075,592200
5076,592800
5077,596300
5078,598500
5079,596000
5080,596000
5081,599500
5082,598700
5083,596600
5084,592000
5085,593800
5086,592300
5087,596500
5088,593300
5089,625500
5090,595700
5091,593700
5092,591100
5093,669300
5094,596200
5095,617900
5096,607900
5097,595900
5098,594700
5099,597000
5100,596000
5101,594300
5102,595500
5103,598000
5104,593200
5105,596500
5106,596500
5107,596300
5108,593700
5109,596800
5110,599100
5111,600400
5112,591100
5113,604200
5114,598200
5115,602700
5116,590500
5117,591800
5118,609600
5119,671500
5120,867800
5121,673700
5122,622000
5123,612300
5124,605100
5125,608500
5126,608500
5127,613200
5128,592800
5129,621300
5130,607300
5131,599800
5132,599700
5133,604300
5134,605500
5135,609200
5136,599100
5137,603000
5138,603300
5139,596100
5140,606500
5141,594400
5142,618400
5143,602900
5144,682400
5145,629600
5146,608000
5147,871200
5148,637400
5149,783200
5150,610000
5151,608200
5152,596600
5153,1930500
5154,772200
5155,708700
5156,698500
5157,621100
5158,618700
5159,604300
5160,611900
5161,609200
5162,618900
5163,599900
5164,594200
5165,595100
5166,657900
5167,594400
5168,626300
5169,601400
5170,600100
5171,598900
5172,601600
5173,609200
5174,597800
5175,596800
5176,599000
5177,592500
5178,593800
5179,597400
5180,597100
5181,596500
5182,593300
5183,592900
5184,594500
5185,590500
5186,594000
5187,593000
5188,614000
5189,591400
5190,609100
5191,592400
5192,632200
5193,741800
5194,739400
5195,646400
5196,641000
5197,642500
5198,640700
5199,630500
5200,622600
5201,618500
5202,623000
5203,621900
5204,620000
5205,620700
5206,620900
5207,618600
5208,619600
5209,633500
5210,633300
5211,629000
5212,619700
5213,618800
5214,617400
5215,621900
5216,788100
5217,829100
5218,723700
5219,639000
5220,646300
5221,636800
5222,636700
5223,624600
5224,846500
5225,632600
5226,624200
5227,621400
5228,728600
5229,621800
5230,622000
5231,616800
5232,619500
5233,617300
5234,620700
5235,628700
5236,619100
5237,619600
5238,619500
5239,616800
5240,826700
5241,944400
5242,722100
5243,705700
5244,691000
5245,614600
5246,605300
5247,599700
5248,601400
5249,600600
5250,607000
5251,611000
5252,594500
5253,593700
5254,601500
5255,596600
5256,592200
5257,608500
5258,594500
5259,592000
5260,605700
5261,603800
5262,607800
5263,607000
5264,649100
5265,609400
5266,606500
5267,602300
5268,605800
5269,597000
5270,601600
5271,599900
5272,604900
5273,602200
5274,600900
5275,608000
5276,598700
5277,596600
5278,5522400
5279,595900
5280,616800
5281,609700
5282,644200
5283,777600
5284,4800300
5285,648900
5286,627400
5287,642900
5288,607300
5289,909100
5290,621200
5291,614400
5292,610400
5293,607200
5294,729000
5295,601400
5296,607200
5297,596600
5298,608800
5299,754400
5300,836500
5301,711000
5302,618000
5303,602900
5304,619600
5305,604500
5306,607600
5307,607000
5308,602200
5309,599000
5310,617400
5311,602000
5312,611900
5313,597700
5314,598100
5315,627400
5316,598500
5317,590000
5318,622900
5319,598900
5320,607800
5321,603200
5322,610500
5323,599800
5324,894600
5325,752300
5326,751000
5327,748300
5328,761200
5329,752100
5330,761500
5331,825000
5332,714300
5333,616600
5334,603600
5335,618300
5336,603800
5337,613400
5338,602900
5339,604900
5340,598700
5341,598700
5342,606500
5343,599200
5344,605500
5345,593900
5346,600800
5347,650200
5348,596500
5349,628500
5350,609100
5351,599900
5352,619300
5353,601000
5354,609100
5355,599700
5356,611000
5357,601500
5358,615400
5359,602700
5360,604000
5361,602400
5362,613100
5363,613700
5364,591200
5365,607700
5366,590100
5367,841900
5368,625300
5369,602600
5370,604800
5371,602800
5372,709400
5373,6047100
5374,692300
5375,626000
5376,626900
5377,610300
5378,603600
5379,603200
5380,602200
5381,609100
5382,640200
5383,597300
5384,598500
5385,590100
5386,590100
5387,592800
5388,591900
5389,844500
5390,635400
5391,629300
5392,675600
5393,595200
5394,592600
5395,591500
5396,586300
5397,596500
5398,590100
5399,594100
5400,594900
5401,598800
5402,591700
5403,591700
5404,591000
5405,591400
5406,588400
5407,590800
5408,632500
5409,593900
5410,590500
5411,588500
5412,590800
5413,591900
5414,651500
5415,598300
5416,601400
5417,590300
5418,584100
5419,587300
5420,584600
5421,584200
5422,582300
5423,598100
5424,645700
5425,677500
5426,648200
5427,647300
5428,645500
5429,640500
5430,631000
5431,632000
5432,618700
5433,625600
5434,622200
5435,619400
5436,622900
5437,620700
5438,618700
5439,1235800
5440,1018000
5441,641400
5442,746100
5443,697800
5444,673900
5445,637800
5446,624900
5447,624200
5448,634800
5449,624000
5450,628400
5451,619400
5452,638500
5453,645600
5454,757000
5455,626700
5456,628000
5457,619100
5458,622400
5459,620600
5460,621400
5461,618600
5462,827700
5463,877200
5464,812600
5465,684700
5466,615900
5467,603100
5468,624500
5469,610800
5470,631500
5471,629900
5472,604600
5473,605700
5474,609600
5475,600600
5476,604300
5477,599700
5478,610900
5479,604000
5480,599000
5481,600400
5482,599500
5483,606000
5484,605800
5485,595000
5486,678000
5487,595900
5488,630000
5489,605300
5490,608200
5491,616700
5492,625600
5493,609500
5494,614100
5495,609100
5496,596900
5497,600700
5498,633400
5499,623800
5500,606300
5501,657700
5502,641000
5503,593700
5504,617700
5505,596300
5506,608300
5507,600200
5508,602300
5509,601900
5510,609100
5511,718500
5512,1020600
5513,944300
5514,680600
5515,923000
5516,619500
5517,609000
5518,610900
5519,597900
5520,596700
5521,596000
5522,595000
5523,594100
5524,600100
5525,595500
5526,595600
5527,591500
5528,594400
5529,592200
5530,593800
5531,595300
5532,599200
5533,619800
5534,709200
5535,651400
5536,805300
5537,666900
5538,632700
5539,636400
5540,617000
5541,607300
5542,633700
5543,598100
5544,605600
5545,597500
5546,600300
5547,589200
5548,619800
5549,649700
5550,597100
5551,614800
5552,610300
5553,597300
5554,602700
5555,596900
5556,606700
5557,604000
5558,601900
5559,597900
5560,930300
5561,807500
5562,823200
5563,687800
5564,662100
5565,659200
5566,645800
5567,634600
5568,646900
5569,631400
5570,622700
5571,622700
5572,680800
5573,624900
5574,623700
5575,626200
5576,623100
5577,618600
5578,622400
5579,628300
5580,632800
5581,622200
5582,624100
5583,752700
5584,860600
5585,748400
5586,710700
5587,685200
5588,627200
5589,606700
5590,605200
5591,610600
5592,606500
5593,837400
5594,615200
5595,606600
5596,595100
5597,594600
5598,594200
5599,593400
5600,596500
5601,592500
5602,593000
5603,592300
5604,593600
5605,592600
5606,595100
5607,679100
5608,735600
5609,735400
5610,734900
5611,663000
5612,613900
5613,707200
5614,603500
5615,593900
5616,596800
5617,594600
5618,595600
5619,594100
5620,593900
5621,594700
5622,587300
5623,591800
5624,590100
5625,590300
5626,590700
5627,621800
5628,594400
5629,592300
5630,592800
5631,588600
5632,687900
5633,760600
5634,679800
5635,621300
5636,627900
5637,620100
5638,613900
5639,613600
5640,616600
5641,594700
5642,618500
5643,634500
5644,598400
5645,610600
5646,607500
5647,600200
5648,604800
5649,602300
5650,604400
5651,608800
5652,598500
5653,603800
5654,596700
5655,601600
5656,606300
5657,604600
5658,725900
5659,620700
5660,661800
5661,623200
5662,603700
5663,601100
5664,604300
5665,598800
5666,596300
5667,606200
5668,597800
5669,607900
5670,596000
5671,600000
5672,608000
5673,592600
5674,889600
5675,649500
5676,605600
5677,610600
5678,608700
5679,604000
5680,608900
5681,604900
5682,599600
5683,678700
5684,623000
5685,633400
5686,615900
5687,627100
5688,612400
5689,612800
5690,601900
5691,604700
5692,601500
5693,593300
5694,620500
5695,600900
5696,722300
5697,607800
5698,607600
5699,602100
5700,601100
5701,603200
5702,612300
5703,601100
5704,617000
5705,603300
5706,614600
5707,631700
5708,781500
5709,740300
5710,822400
5711,659500
5712,627300
5713,610000
5714,610000
5715,609100
5716,609200
5717,607500
5718,601600
5719,599000
5720,597400
5721,598900
5722,600300
5723,632400
5724,604100
5725,597900
5726,600800
5727,598000
5728,600200
5729,606800
5730,602200
5731,602600
5732,614500
5733,662400
5734,612300
5735,604500
5736,632500
5737,642800
5738,641000
5739,756300
5740,664800
5741,605800
5742,606100
5743,608500
5744,605500
5745,610200
5746,606200
5747,605900
5748,600800
5749,597700
5750,610900
5751,595100
5752,607800
5753,595200
5754,836900
5755,627600
5756,619400
5757,592600
5758,667900
5759,639100
5760,634500
5761,620400
5762,598900
5763,609400
5764,598200
5765,597100
5766,609000
5767,600800
5768,608700
5769,594300
5770,613400
5771,622600
5772,607900
5773,595000
5774,614600
5775,606100
5776,607400
5777,596700
5778,704200
5779,606100
5780,618700
5781,608500
5782,600900
5783,661000
5784,623200
5785,625900
5786,619000
5787,631700
5788,653000
5789,614100
5790,623200
5791,598800
5792,605100
5793,600600
5794,599900
5795,602700
5796,596800
5797,611000
5798,593500
5799,602400
5800,606400
5801,598900
5802,604400
5803,601400
5804,645700
5805,614600
5806,591300
5807,618200
5808,711300
5809,631100
5810,641600
5811,608500
5812,606400
5813,599500
5814,597500
5815,608000
5816,598500
5817,605100
5818,590000
5819,611200
5820,635700
5821,602700
5822,589900
5823,610300
5824,608300
5825,602000
5826,599500
5827,597600
5828,601100
5829,631900
5830,600500
5831,600400
5832,599400
5833,605200
5834,676000
5835,851500
5836,661900
5837,621800
5838,595400
5839,614900
5840,611800
5841,599700
5842,604900
5843,599500
5844,595200
5845,606900
5846,599800
5847,600400
5848,596800
5849,607300
5850,598400
5851,602300
5852,613500
5853,609100
5854,616800
5855,607000
5856,600700
5857,600900
5858,598900
5859,680100
5860,823700
5861,749900
5862,720700
5863,647800
5864,618200
5865,607400
5866,609600
5867,609000
5868,654700
5869,612500
5870,604400
5871,602700
5872,592900
5873,595500
5874,600800
5875,593000
5876,590200
5877,590200
5878,612200
5879,599300
5880,590200
5881,593000
5882,588200
5883,633300
5884,784600
5885,809500
5886,621900
5887,624900
5888,622100
5889,605300
5890,611700
5891,606400
5892,602400
5893,619700
5894,601700
5895,603000
5896,598400
5897,613500
5898,593600
5899,608200
5900,603400
5901,602700
5902,613800
5903,608100
5904,602800
5905,601600
5906,601400
5907,609100
5908,664600
5909,622400
5910,620400
5911,611500
5912,597200
5913,606700
5914,599700
5915,854800
5916,623700
5917,615900
5918,605300
5919,608600
5920,603600
5921,608400
5922,597600
5923,607300
5924,597000
5925,605100
5926,616500
5927,604900
5928,612300
5929,603900
5930,602600
5931,589000
5932,615200
5933,738200
5934,790000
5935,721000
5936,713900
5937,643100
5938,611800
5939,609300
5940,610200
5941,722400
5942,599300
5943,598200
5944,598400
5945,598300
5946,595300
5947,596800
5948,635100
5949,619300
5950,603400
5951,599200
5952,610800
5953,601300
5954,595200
5955,592500
5956,592800
5957,596000
5958,652000
5959,779200
5960,781700
5961,769200
5962,692700
5963,642300
5964,656700
5965,631700
5966,628400
5967,627800
5968,629400
5969,626100
5970,621300
5971,622600
5972,621500
5973,635000
5974,624200
5975,623100
5976,620500
5977,621500
5978,623500
5979,625000
5980,631200
5981,621400
5982,706700
5983,756400
5984,761400
5985,694700
5986,616300
5987,615900
5988,610200
5989,614200
5990,607600
5991,619100
5992,609100
5993,612000
5994,823400
5995,650800
5996,619400
5997,596100
5998,619100
5999,604300
6000,600500
6001,605500
6002,607200
6003,606200
6004,602000
6005,599500
6006,601200
6007,677300
6008,753500
6009,634800
6010,631200
6011,679500
6012,622200
6013,611800
6014,623100
6015,601600
6016,599600
6017,604200
6018,611400
6019,601100
6020,613700
6021,704300
6022,611900
6023,606500
6024,610800
6025,590800
6026,607600
6027,633600
6028,599600
6029,595700
6030,610300
6031,598300
6032,663600
6033,724700
6034,754500
6035,711200
6036,657100
6037,615000
6038,607900
6039,606000
6040,606400
6041,611000
6042,602100
6043,623200
6044,612700
6045,602700
6046,599000
6047,602200
6048,595100
6049,589900
6050,590300
6051,596300
6052,590800
6053,595800
6054,594200
6055,591200
6056,589600
6057,677600
6058,1037700
6059,987800
6060,627100
6061,627500
6062,604800
6063,622900
6064,600000
6065,603200
6066,603000
6067,619100
6068,599200
6069,603000
6070,597900
6071,604800
6072,606700
6073,817300
6074,617500
6075,613700
6076,589100
6077,622500
6078,598700
6079,607400
6080,602700
6081,746800
6082,780700
6083,655000
6084,611800
6085,606300
6086,613400
6087,611000
6088,626200
6089,603700
6090,644400
6091,601600
6092,591300
6093,614300
6094,599500
6095,611300
6096,596900
6097,602000
6098,600400
6099,609300
6100,609400
6101,599600
6102,702900
6103,608500
6104,612100
6105,593300
6106,717800
6107,600300
6108,656200
6109,611900
6110,599600
6111,604200
6112,606900
6113,606800
6114,598900
6115,614300
6116,594800
6117,610400
6118,597900
6119,607800
6120,588500
6121,618100
6122,588800
6123,614700
6124,601300
6125,591200
6126,609300
6127,599100
6128,608400
6129,601400
6130,595300
6131,602000
6132,637600
6133,607600
6134,627200
6135,601100
6136,605300
6137,611200
6138,589700
6139,615900
6140,616700
6141,611000
6142,624100
6143,635100
6144,607400
6145,605300
6146,604300
6147,610200
6148,602500
6149,601800
6150,597600
6151,605100
6152,597800
6153,594300
6154,825900
6155,610800
6156,601700
6157,655900
6158,608300
6159,610000
6160,611700
6161,618300
6162,619800
6163,624700
6164,621900
6165,607600
6166,598700
6167,607800
6168,605100
6169,591000
6170,612700
6171,591000
6172,614900
6173,602600
6174,591000
6175,610900
6176,598100
6177,606300
6178,596300
6179,601900
6180,602900
6181,597900
6182,620600
6183,626300
6184,732800
6185,901100
6186,713600
6187,675700
6188,622500
6189,604800
6190,603900
6191,606800
6192,603900
6193,606700
6194,601200
6195,603400
6196,590800
6197,599200
6198,5826800
6199,5924300
6200,721900
6201,749600
6202,693000
6203,618600
6204,618100
6205,616800
6206,617900
6207,607000
6208,629800
6209,618300
6210,607500
6211,604800
6212,597600
6213,608000
6214,688200
6215,5987400
6216,979700
6217,646200
6218,639000
6219,630500
6220,629100
6221,630100
6222,625200
6223,622100
6224,622600
6225,625400
6226,620400
6227,620200
6228,625700
6229,621000
6230,618200
6231,837400
6232,967000
6233,648800
6234,654900
6235,652500
6236,627900
6237,622900
6238,619400
6239,795400
6240,626800
6241,622900
6242,620700
6243,623300
6244,619800
6245,620000
6246,621600
6247,622500
6248,620000
6249,624200
6250,617300
6251,621300
6252,621100
6253,623100
6254,707500
6255,842400
6256,906600
6257,650400
6258,642500
6259,660500
6260,636500
6261,630300
6262,633100
6263,634800
6264,629500
6265,639200
6266,631800
6267,623600
6268,624200
6269,622400
6270,625100
6271,627500
6272,621100
6273,635200
6274,645300
6275,626200
6276,621400
6277,625500
6278,714900
6279,841600
6280,759800
6281,645000
6282,641700
6283,637600
6284,917000
6285,646300
6286,629500
6287,628800
6288,627500
6289,624600
6290,624100
6291,622600
6292,645400
6293,632600
6294,637000
6295,664500
6296,645100
6297,669000
6298,640900
6299,637100
6300,620100
6301,696100
6302,5705500
6303,645900
6304,644000
6305,614600
6306,612600
6307,626600
6308,625000
6309,612700
6310,740700
6311,603400
6312,619700
6313,609900
6314,594400
6315,615000
6316,609000
6317,608800
6318,709700
6319,841500
6320,718600
6321,607800
6322,612900
6323,603600
6324,605500
6325,600400
6326,602900
6327,606500
6328,602300
6329,603900
6330,590800
6331,614400
6332,601100
6333,601300
6334,606400
6335,601700
6336,609300
6337,597900
6338,597000
6339,612300
6340,600100
6341,616100
6342,602000
6343,594400
6344,638200
6345,604000
6346,639700
6347,625700
6348,621000
6349,623800
6350,618800
6351,611000
6352,602700
6353,598300
6354,600300
6355,910300
6356,609000
6357,599000
6358,607400
6359,593100
6360,614100
6361,607700
6362,592900
6363,607100
6364,602000
6365,601400
6366,614300
6367,597600
6368,604800
6369,653000
6370,605000
6371,630200
6372,609400
6373,612500
6374,610700
6375,598600
6376,616200
6377,601400
6378,601700
6379,587900
6380,621200
6381,599500
6382,602600
6383,598300
6384,606000
6385,604800
6386,601000
6387,590400
6388,609000
6389,602400
6390,621600
6391,591100
6392,731100
6393,615400
6394,677400
6395,5318400
6396,613800
6397,615200
6398,619900
6399,614700
6400,615700
6401,599600
6402,610200
6403,610500
6404,593300
6405,619700
6406,603100
6407,613200
6408,609700
6409,603300
6410,610500
6411,603400
6412,592400
6413,765100
6414,836900
6415,683000
6416,621700
6417,639500
6418,612900
6419,612000
6420,595800
6421,608600
6422,603100
6423,606700
6424,606700
6425,600900
6426,611900
6427,603700
6428,817800
6429,609900
6430,610500
6431,619900
6432,598700
6433,607000
6434,607100
6435,608000
6436,591000
6437,675500
6438,5572300
6439,690700
6440,671400
6441,667000
6442,651800
6443,653100
6444,647700
6445,653600
6446,662500
6447,639800
6448,640000
6449,637300
6450,633800
6451,635100
6452,631700
6453,649100
6454,886800
6455,932900
6456,783200
6457,669500
6458,650600
6459,652800
6460,638300
6461,641200
6462,640300
6463,636600
6464,636700
6465,637900
6466,634400
6467,635400
6468,642400
6469,639600
6470,632800
6471,633000
6472,634000
6473,636400
6474,642400
6475,632900
6476,628400
6477,770600
6478,818400
6479,614100
6480,643700
6481,670200
6482,647000
6483,663600
6484,636800
6485,634600
6486,629900
6487,634300
6488,632300
6489,633800
6490,636100
6491,632700
6492,742500
6493,636300
6494,632000
6495,632100
6496,632900
6497,871300
6498,649900
6499,641800
6500,770900
6501,978800
6502,784000
6503,758800
6504,737300
6505,729000
6506,724700
6507,731500
6508,655200
6509,647200
6510,656000
6511,635600
6512,664000
6513,635400
6514,634100
6515,634700
6516,633600
6517,636100
6518,634600
6519,639000
6520,632500
6521,634600
6522,631400
6523,865600
6524,966000
6525,674400
6526,669100
6527,644900
6528,640400
6529,637600
6530,636900
6531,637200
6532,744400
6533,637500
6534,632900
6535,642300
6536,636900
6537,636500
6538,643200
6539,637000
6540,630900
6541,636700
6542,641800
6543,634700
6544,633500
6545,635300
6546,828200
6547,908100
6548,695400
6549,639300
6550,626400
6551,612300
6552,611300
6553,616100
6554,618400
6555,600000
6556,617700
6557,608900
6558,640100
6559,607500
6560,611100
6561,602600
6562,606300
6563,608700
6564,595700
6565,614900
6566,600400
6567,596200
6568,611900
6569,599700
6570,627600
6571,641600
6572,890300
6573,625100
6574,619200
6575,609600
6576,618000
6577,600100
6578,607500
6579,608100
6580,593000
6581,609700
6582,603000
6583,597800
6584,611800
6585,600900
6586,612700
6587,592600
6588,616100
6589,604000
6590,607700
6591,601200
6592,597100
6593,606500
6594,611600
6595,636400
6596,636200
6597,797700
6598,745900
6599,661600
6600,662300
6601,654000
6602,649600
6603,652700
6604,647500
6605,652200
6606,650900
6607,636500
6608,639800
6609,638000
6610,637900
6611,637400
6612,792600
6613,638300
6614,639000
6615,632400
6616,634300
6617,633400
6618,636500
6619,788300
6620,942100
6621,702500
6622,701000
6623,663700
6624,652000
6625,653700
6626,633900
6627,637200
6628,642100
6629,636700
6630,634100
6631,633500
6632,634000
6633,638600
6634,638500
6635,641500
6636,631900
6637,633300
6638,633300
6639,636400
6640,631500
6641,637200
6642,679300
6643,760500
6644,731300
6645,701800
6646,608200
6647,614600
6648,605700
6649,866800
6650,613700
6651,613000
6652,611300
6653,605100
6654,606700
6655,601200
6656,603100
6657,594300
6658,614400
6659,607500
6660,604200
6661,609400
6662,605000
6663,605200
6664,602500
6665,608900
6666,606600
6667,639800
6668,612100
6669,628400
6670,615000
6671,621000
6672,596900
6673,604000
6674,607100
6675,607600
6676,613000
6677,598400
6678,614700
6679,599500
6680,593100
6681,608300
6682,601900
6683,610900
6684,595800
6685,607800
6686,590900
6687,612300
6688,606800
6689,600400
6690,593100
6691,608900
6692,713300
6693,860600
6694,910100
6695,801900
6696,795700
6697,770400
6698,653400
6699,642500
6700,640700
6701,638200
6702,639600
6703,638900
6704,641600
6705,641800
6706,633900
6707,635800
6708,638100
6709,633600
6710,631700
6711,634300
6712,633000
6713,649800
6714,635700
6715,693400
6716,742000
6717,735900
6718,619900
6719,620900
6720,604300
6721,627200
6722,623000
6723,606000
6724,616400
6725,610300
6726,598600
6727,821600
6728,611800
6729,609600
6730,612800
6731,602800
6732,609600
6733,602900
6734,602800
6735,605500
6736,594500
6737,613800
6738,602400
6739,594000
6740,697700
6741,817000
6742,714500
6743,631300
6744,610200
6745,616000
6746,610000
6747,603500
6748,606100
6749,596800
6750,611800
6751,603900
6752,592200
6753,614500
6754,601600
6755,595000
6756,612500
6757,605200
6758,603000
6759,596900
6760,604400
6761,618700
6762,605800
6763,598300
6764,601400
6765,679400
6766,942600
6767,636900
6768,619300
6769,639300
6770,625100
6771,603800
6772,725500
6773,614700
6774,593200
6775,610600
6776,603500
6777,600800
6778,611300
6779,601900
6780,603700
6781,609800
6782,596700
6783,612700
6784,593100
6785,608100
6786,605800
6787,595100
6788,608900
6789,607300
6790,659600
6791,609400
6792,631400
6793,621400
6794,639400
6795,609800
6796,601900
6797,607100
6798,603200
6799,606500
6800,594800
6801,613600
6802,601100
6803,609300
6804,587100
6805,608400
6806,601700
6807,590900
6808,827000
6809,619100
6810,602000
6811,604900
6812,605100
6813,601800
6814,609600
6815,728300
6816,817600
6817,689900
6818,638700
6819,601800
6820,617600
6821,605800
6822,605800
6823,599500
6824,604300
6825,608100
6826,604700
6827,608000
6828,598700
6829,610000
6830,608500
6831,602800
6832,601100
6833,614800
6834,606000
6835,610500
6836,589400
6837,614300
6838,599400
6839,595400
6840,649600
6841,616600
6842,626800
6843,622600
6844,619200
6845,603400
6846,627300
6847,613500
6848,625200
6849,591700
6850,608600
6851,596800
6852,597000
6853,719700
6854,605400
6855,597000
6856,600600
6857,612900
6858,604100
6859,615200
6860,597000
6861,603500
6862,599300
6863,604200
6864,604600
6865,592100
6866,764900
6867,958700
6868,624500
6869,627700
6870,605600
6871,615500
6872,610000
6873,615500
6874,603100
6875,592700
6876,618300
6877,606400
6878,614200
6879,598200
6880,606200
6881,589500
6882,607700
6883,606600
6884,597700
6885,601500
6886,606400
6887,589300
6888,827400
6889,610300
6890,623800
6891,632600
6892,719800
6893,755500
6894,715700
6895,665700
6896,607700
6897,611100
6898,610400
6899,606900
6900,609400
6901,606300
6902,606800
6903,605600
6904,593300
6905,598500
6906,594000
6907,595000
6908,600900
6909,587700
6910,595900
6911,595500
6912,591600
6913,594600
6914,605700
6915,596800
6916,769800
6917,845200
6918,687100
6919,754900
6920,636200
6921,612200
6922,627800
6923,608600
6924,620100
6925,597700
6926,612500
6927,615400
6928,620000
6929,606900
6930,607000
6931,611800
6932,589100
6933,618400
6934,600100
6935,598800
6936,713400
6937,610200
6938,609600
6939,602800
6940,731000
6941,823200
6942,704600
6943,630500
6944,612900
6945,617000
6946,604200
6947,609000
6948,600900
6949,606700
6950,594400
6951,610100
6952,602400
6953,602200
6954,600100
6955,604200
6956,608600
6957,605800
6958,598200
6959,607700
6960,603200
6961,594000
6962,626600
6963,600500
6964,594100
6965,720900
6966,855100
6967,845000
6968,637600
6969,638800
6970,792500
6971,777000
6972,645200
6973,640800
6974,685700
6975,732800
6976,728100
6977,747000
6978,647900
6979,639000
6980,645400
6981,641600
6982,669700
6983,643200
6984,662700
6985,662000
6986,642100
6987,700400
6988,768400
6989,714900
6990,707500
6991,708400
6992,615100
6993,608500
6994,606900
6995,610100
6996,607300
6997,594500
6998,598200
6999,592300
7000,596900
7001,594300
7002,598000
7003,593700
7004,593500
7005,596300
7006,595300
7007,607900
7008,597400
7009,595400
7010,597400
7011,587800
7012,589900
7013,820200
7014,766900
7015,853300
7016,606900
7017,605800
7018,602800
7019,610000
7020,616800
7021,595100
7022,593400
7023,597200
7024,595200
7025,591900
7026,593100
7027,592300
7028,595300
7029,595200
7030,593300
7031,616800
7032,598000
7033,594500
7034,592900
7035,591700
7036,590300
7037,594400
7038,618100
7039,600400
7040,619900
7041,599900
7042,596900
7043,592800
7044,597200
7045,866900
7046,598000
7047,590800
7048,595000
7049,593000
7050,592200
7051,590500
7052,591000
7053,590300
7054,592900
7055,589100
7056,608700
7057,588600
7058,588500
7059,587400
7060,588300
7061,593500
7062,591000
7063,590900
7064,648700
7065,5355000
7066,771300
7067,702600
7068,648200
7069,656700
7070,649400
7071,659600
7072,5097700
7073,800900
7074,687000
7075,989200
7076,5533500
7077,675600
7078,663900
7079,692200
7080,711000
7081,653900
7082,648600
7083,636400
7084,640900
7085,637200
7086,647300
7087,635800
7088,740400
7089,809300
7090,786200
7091,783600
7092,779400
7093,779100
7094,781300
7095,779000
7096,826300
7097,818600
7098,950200
7099,659900
7100,656400
7101,639500
7102,635200
7103,712800
7104,636500
7105,636100
7106,631400
7107,631800
7108,633600
7109,634700
7110,896800
7111,864500
7112,662700
7113,658400
7114,648900
7115,641400
7116,661000
7117,650000
7118,641000
7119,637300
7120,5580400
7121,646000
7122,647400
7123,647200
7124,645700
7125,771400
7126,775600
7127,721200
7128,674800
7129,655400
7130,647800
7131,643800
7132,643000
7133,646000
7134,660300
7135,642700
7136,696800
7137,668600
7138,648000
7139,644900
7140,639500
7141,639800
7142,759700
7143,645000
7144,641400
7145,639200
7146,640000
7147,641800
7148,652700
7149,725900
7150,871500
7151,750500
7152,719300
7153,709800
7154,605800
7155,608400
7156,604200
7157,614000
7158,612200
7159,602100
7160,602100
7161,619500
7162,602400
7163,598600
7164,598900
7165,598200
7166,889900
7167,600000
7168,598900
7169,598100
7170,594900
7171,597800
7172,599900
7173,689100
7174,744400
7175,711100
7176,719900
7177,668200
7178,611400
7179,613700
7180,609800
7181,604700
7182,602700
7183,605000
7184,622400
7185,605100
7186,601700
7187,597100
7188,597100
7189,598600
7190,596800
7191,597000
7192,602700
7193,598300
7194,597800
7195,596000
7196,596000
7197,597400
7198,755600
7199,5561900
7200,892000
7201,762800
7202,674900
7203,663700
7204,674400
7205,652200
7206,672600
7207,647400
7208,649900
7209,646300
7210,650400
7211,638000
7212,645500
7213,752200
7214,985700
7215,844200
7216,659800
7217,655700
7218,646900
7219,640200
7220,646000
7221,651000
7222,666000
7223,639400
7224,636200
7225,632100
7226,631400
7227,631600
7228,633200
7229,630400
7230,637300
7231,635700
7232,632800
7233,635600
7234,634300
7235,936600
7236,684900
7237,761200
7238,716500
7239,701400
7240,598500
7241,589100
7242,598400
7243,5506700
7244,773300
7245,725200
7246,647200
7247,629100
7248,623000
7249,622400
7250,614000
7251,613400
7252,605500
7253,591800
7254,677700
7255,763200
7256,737400
7257,707200
7258,660100
7259,609400
7260,601700
7261,604700
7262,603500
7263,608700
7264,606400
7265,597800
7266,597200
7267,593200
7268,596000
7269,597500
7270,595400
7271,597500
7272,591300
7273,597300
7274,588900
7275,593600
7276,590400
7277,590800
7278,592500
7279,645500
7280,737500
7281,760300
7282,731700
7283,729100
7284,750500
7285,613100
7286,600100
7287,599900
7288,602200
7289,601100
7290,602400
7291,610500
7292,596000
7293,597000
7294,596400
7295,599900
7296,595800
7297,597300
7298,595600
7299,596800
7300,596800
7301,594000
7302,591300
7303,783200
7304,5784200
7305,963500
7306,666300
7307,656800
7308,650900
7309,662200
7310,651300
7311,635800
7312,639800
7313,639400
7314,643400
7315,635500
7316,634100
7317,632300
7318,635700
7319,883300
7320,970400
7321,760300
7322,727500
7323,684800
7324,605900
7325,602200
7326,604900
7327,603100
7328,612400
7329,602200
7330,602600
7331,603000
7332,596000
7333,591600
7334,590800
7335,594200
7336,592400
7337,593400
7338,590400
7339,598800
7340,594200
7341,590000
7342,588900
7343,619700
7344,597100
7345,638200
7346,685500
7347,663800
7348,691600
7349,649600
7350,646000
7351,642400
7352,642000
7353,644100
7354,643400
7355,642300
7356,748800
7357,644800
7358,634300
7359,634900
7360,647100
7361,633900
7362,631600
7363,639000
7364,639200
7365,632500
7366,632900
7367,819600
7368,1031900
7369,628300
7370,673800
7371,655600
7372,643000
7373,639400
7374,894700
7375,655500
7376,637700
7377,639900
7378,724600
7379,638300
7380,638200
7381,635700
7382,633200
7383,637200
7384,630300
7385,637400
7386,632100
7387,632000
7388,635300
7389,636300
7390,902200
7391,1061400
7392,759100
7393,728400
7394,610700
7395,617200
7396,608000
7397,619800
7398,612200
7399,597400
7400,622500
7401,606700
7402,593000
7403,618000
7404,605500
7405,597800
7406,603700
7407,603100
7408,601800
7409,604400
7410,598100
7411,593300
7412,612500
7413,604400
7414,815900
7415,935500
7416,746300
7417,705800
7418,691300
7419,599200
7420,600900
7421,605000
7422,599500
7423,610500
7424,592300
7425,593400
7426,587800
7427,592200
7428,591100
7429,590500
7430,588700
7431,588100
7432,594300
7433,699300
7434,592200
7435,590700
7436,598200
7437,590600
7438,625300
7439,590400
7440,609200
7441,613800
7442,808900
7443,720300
7444,667800
7445,649800
7446,647900
7447,650500
7448,645800
7449,641000
7450,644900
7451,849800
7452,655400
7453,637600
7454,634800
7455,635600
7456,638100
7457,636600
7458,643500
7459,636400
7460,634600
7461,657800
7462,687200
7463,746100
7464,719700
7465,702300
7466,607700
7467,606900
7468,605700
7469,606100
7470,609600
7471,598100
7472,595200
7473,594200
7474,595800
7475,593200
7476,597900
7477,594600
7478,594400
7479,610900
7480,595100
7481,595400
7482,601200
7483,591700
7484,597500
7485,609800
7486,597500
7487,592800
7488,691100
7489,882300
7490,709300
7491,654600
7492,653200
7493,643900
7494,643200
7495,638600
7496,637900
7497,635100
7498,639200
7499,650800
7500,644200
7501,635500
7502,635500
7503,634100
7504,636600
7505,635400
7506,637900
7507,636200
7508,653600
7509,634900
7510,632800
7511,750000
7512,740900
7513,855400
7514,663300
7515,605900
7516,606100
7517,608600
7518,593500
7519,599000
7520,589600
7521,599800
7522,596900
7523,598600
7524,592900
7525,594800
7526,594500
7527,598100
7528,592800
7529,819100
7530,597700
7531,601000
7532,612500
7533,594900
7534,593200
7535,594700
7536,624900
7537,598200
7538,595300
7539,592700
7540,589800
7541,593100
7542,594900
7543,598200
7544,589700
7545,588300
7546,587600
7547,591400
7548,589100
7549,588500
7550,588700
7551,590600
7552,589300
7553,590400
7554,589500
7555,590700
7556,600900
7557,610000
7558,589700
7559,593500
7560,588700
7561,590800
7562,640500
7563,598600
7564,620000
7565,601900
7566,601200
7567,599500
7568,598400
7569,605000
7570,596600
7571,597300
7572,599600
7573,597200
7574,591400
7575,597100
7576,593900
7577,596600
7578,595300
7579,596800
7580,595300
7581,598000
7582,611400
7583,593000
7584,593100
7585,596100
7586,593500
7587,593900
7588,626300
7589,602000
7590,594000
7591,597000
7592,600500
7593,595700
7594,749500
7595,754500
7596,649500
7597,781700
7598,653200
7599,647500
7600,650800
7601,645500
7602,634600
7603,636700
7604,634600
7605,632700
7606,637300
7607,634900
7608,631600
7609,631700
7610,632600
7611,843300
7612,892200
7613,920500
7614,743700
7615,709500
7616,623200
7617,607500
7618,603800
7619,608700
7620,602500
7621,651200
7622,612600
7623,605300
7624,593700
7625,591800
7626,591000
7627,595800
7628,599800
7629,591700
7630,589100
7631,590700
7632,587400
7633,590700
7634,587300
7635,590400
7636,616500
7637,604400
7638,603700
7639,602900
7640,599500
7641,606000
7642,605100
7643,604400
7644,602700
7645,596600
7646,602300
7647,601100
7648,603700
7649,595300
7650,591200
7651,599700
7652,603700
7653,605000
7654,593900
7655,597900
7656,591000
7657,595100
7658,586400
7659,595900
7660,589800
7661,593900
7662,633500
7663,601400
7664,605100
7665,669800
7666,679400
7667,725800
7668,740300
7669,644500
7670,649600
7671,645700
7672,643200
7673,648200
7674,641700
7675,638700
7676,650600
7677,643100
7678,744600
7679,635700
7680,630500
7681,633100
7682,635100
7683,635400
7684,631500
7685,635200
7686,691000
7687,756900
7688,763400
7689,975900
7690,625100
7691,622000
7692,619300
7693,608700
7694,611200
7695,608900
7696,612100
7697,618300
7698,602500
7699,604700
7700,618300
7701,591000
7702,613100
7703,599700
7704,596000
7705,613600
7706,604500
7707,614900
7708,601800
7709,609300
7710,607300
7711,787600
7712,855000
7713,774200
7714,718100
7715,704300
7716,648000
7717,622900
7718,615400
7719,605200
7720,605800
7721,611200
7722,622600
7723,599200
7724,592700
7725,595200
7726,600400
7727,599900
7728,599600
7729,599300
7730,597700
7731,597700
7732,601900
7733,601300
7734,606100
7735,659400
7736,608300
7737,755400
7738,668700
7739,651300
7740,632400
7741,629200
7742,605700
7743,660000
7744,615500
7745,619900
7746,613700
7747,630800
7748,604500
7749,618200
7750,609300
7751,604600
7752,596500
7753,598800
7754,601600
7755,607700
7756,601700
7757,603000
7758,601400
7759,714000
7760,788400
7761,862100
7762,818000
7763,723200
7764,646400
7765,651600
7766,710700
7767,879500
7768,665000
7769,646800
7770,652000
7771,634300
7772,632900
7773,640400
7774,634500
7775,648000
7776,693200
7777,680300
7778,656300
7779,685700
7780,656600
7781,640300
7782,754500
7783,839000
7784,720800
7785,663900
7786,604600
7787,600200
7788,602300
7789,596500
7790,599500
7791,598000
7792,615500
7793,601300
7794,596700
7795,599700
7796,592600
7797,597400
7798,596500
7799,598500
7800,593600
7801,594900
7802,595500
7803,597400
7804,595000
7805,595000
7806,591200
7807,720100
7808,738700
7809,764600
7810,723000
7811,662700
7812,607600
7813,615000
7814,612400
7815,612600
7816,620700
7817,600200
7818,605500
7819,603600
7820,595400
7821,606100
7822,600000
7823,608900
7824,604600
7825,602400
7826,635600
7827,611700
7828,610000
7829,614800
7830,611100
7831,645300
7832,736300
7833,809900
7834,761400
7835,640200
7836,618100
7837,783700
7838,617000
7839,609600
7840,618400
7841,613700
7842,610800
7843,611400
7844,606200
7845,1072400
7846,609200
7847,612000
7848,608100
7849,626500
7850,613300
7851,641800
7852,687000
7853,700500
7854,670200
7855,635400
7856,624600
7857,628200
7858,619400
7859,637900
7860,663700
7861,694200
7862,683500
7863,665500
7864,663200
7865,898700
7866,997900
7867,747100
7868,623100
7869,622000
7870,652000
7871,625700
7872,615500
7873,611200
7874,783200
7875,625300
7876,607600
7877,613700
7878,628800
7879,616500
7880,610400
7881,641500
7882,626600
7883,613700
7884,599000
7885,629500
7886,603300
7887,613600
7888,612100
7889,646500
7890,644400
7891,614000
7892,609200
7893,606400
7894,607200
7895,620100
7896,610300
7897,612000
7898,638800
7899,622500
7900,699100
7901,607600
7902,610500
7903,606100
7904,825900
7905,646100
7906,658500
7907,695700
7908,677000
7909,656300
7910,699600
7911,737800
7912,646600
7913,639700
7914,999900
7915,638400
7916,883200
7917,694400
7918,636400
7919,620700
7920,1032500
7921,622700
7922,618500
7923,758000
7924,645800
7925,653000
7926,769500
7927,729400
7928,647200
7929,619800
7930,636800
7931,659200
7932,813700
7933,671200
7934,675100
7935,806300
7936,1032800
7937,745800
7938,717500
7939,635800
7940,615600
7941,610900
7942,613100
7943,610300
7944,612800
7945,607700
7946,602200
7947,619500
7948,614900
7949,668700
7950,771900
7951,746000
7952,719400
7953,734400
7954,720800
7955,725500
7956,788400
7957,666800
7958,691100
7959,662700
7960,651200
7961,654100
7962,649300
7963,649000
7964,724100
7965,682500
7966,657100
7967,653400
7968,726000
7969,667800
7970,735400
7971,843600
7972,5699100
7973,765000
7974,857700
7975,848800
7976,936700
7977,654800
7978,629600
7979,782300
7980,612200
7981,610100
7982,656900
7983,628500
7984,720400
7985,1126200
7986,689500
7987,837300
7988,932400
7989,860000
7990,743100
7991,869800
7992,656800
7993,696100
7994,982900
7995,753100
7996,664300
7997,693700
7998,765400
7999,849200
8000,659600
8001,623800
8002,677000
8003,885500
8004,985500
8005,647300
8006,625800
8007,614200
8008,612500
8009,609300
8010,944800
8011,826700
8012,795300
8013,768600
8014,865700
8015,710300
8016,771100
8017,884600
8018,947600
8019,677700
8020,759100
8021,856900
8022,1060800
8023,653600
8024,633100
8025,635500
8026,616700
8027,783900
8028,827700
8029,939200
8030,671400
8031,837300
8032,651800
8033,639000
8034,774400
8035,896200
8036,964900
8037,648000
8038,626300
8039,610000
8040,607900
8041,605100
8042,603500
8043,606500
8044,601300
8045,601700
8046,603400
8047,613200
8048,805000
8049,685300
8050,671700
8051,666000
8052,1110800
8053,654500
8054,655900
8055,662500
8056,658700
8057,653000
8058,648400
8059,655600
8060,647900
8061,642400
8062,647500
8063,642800
8064,646100
8065,641900
8066,644300
8067,643800
8068,668300
8069,691700
8070,762300
8071,711600
8072,741300
8073,641600
8074,617200
8075,609800
8076,614300
8077,615700
8078,609800
8079,607600
8080,605900
8081,598800
8082,603600
8083,599300
8084,604200
8085,600800
8086,597500
8087,598700
8088,601600
8089,601900
8090,593300
8091,603000
8092,597700
8093,608000
8094,600700
8095,798100
8096,763300
8097,748900
8098,745500
8099,748200
8100,746300
8101,738700
8102,757700
8103,809500
8104,730600
8105,609600
8106,607500
8107,605400
8108,599100
8109,598100
8110,607100
8111,597200
8112,592200
8113,603500
8114,606800
8115,611800
8116,597900
8117,593300
8118,628200
8119,731900
8120,750400
8121,715700
8122,706600
8123,607100
8124,610500
8125,782400
8126,610600
8127,611700
8128,1036500
8129,609000
8130,602900
8131,602000
8132,600600
8133,600600
8134,596500
8135,598000
8136,602400
8137,595700
8138,622600
8139,596200
8140,597300
8141,651000
8142,756000
8143,745400
8144,659400
8145,620300
8146,611400
8147,599800
8148,605700
8149,1395100
8150,744100
8151,669100
8152,689000
8153,663900
8154,645300
8155,650200
8156,666900
8157,645700
8158,645500
8159,671300
8160,641200
8161,639300
8162,638100
8163,723600
8164,1020500
8165,931600
8166,651200
8167,620000
8168,640900
8169,615900
8170,606800
8171,619700
8172,614200
8173,609800
8174,625700
8175,610500
8176,612800
8177,609700
8178,611600
8179,624100
8180,612900
8181,630600
8182,625400
8183,610800
8184,627200
8185,616900
8186,609800
8187,726300
8188,632900
8189,648000
8190,629600
8191,618900
8192,615600
8193,607300
8194,602200
8195,618100
8196,601700
8197,603500
8198,601800
8199,593400
8200,611800
8201,602800
8202,601400
8203,599900
8204,1150300
8205,612200
8206,625400
8207,609100
8208,620600
8209,608500
8210,601100
8211,605200
8212,637100
8213,739600
8214,750200
8215,725000
8216,722200
8217,631000
8218,608400
8219,604600
8220,612100
8221,612000
8222,600400
8223,597900
8224,594300
8225,598700
8226,596500
8227,597400
8228,594700
8229,595500
8230,618700
8231,597500
8232,602000
8233,598100
8234,592000
8235,596700
8236,671100
8237,609800
8238,735300
8239,604600
8240,594300
8241,602100
8242,592200
8243,592800
8244,592500
8245,591600
8246,595200
8247,594200
8248,599500
8249,596700
8250,591700
8251,592300
8252,593300
8253,591900
8254,606600
8255,594100
8256,591600
8257,594300
8258,592700
8259,595400
8260,594900
8261,587200
8262,640200
8263,599200
8264,597600
8265,637600
8266,701100
8267,777700
8268,675700
8269,657600
8270,646600
8271,651700
8272,643000
8273,642500
8274,633400
8275,635900
8276,635900
8277,640200
8278,651300
8279,643800
8280,637000
8281,633200
8282,631800
8283,874300
8284,653300
8285,745400
8286,903100
8287,917600
8288,658200
8289,673000
8290,654500
8291,649300
8292,634700
8293,636000
8294,637300
8295,636800
8296,631900
8297,632600
8298,633700
8299,644200
8300,648200
8301,635800
8302,642100
8303,636800
8304,645800
8305,725100
8306,637100
8307,635900
8308,630800
8309,641400
8310,907900
8311,5444600
8312,648000
8313,646800
8314,638800
8315,643500
8316,652000
8317,641300
8318,642200
8319,648100
8320,634200
8321,634600
8322,645500
8323,634500
8324,632600
8325,633900
8326,848000
8327,990000
8328,764200
8329,736400
8330,697200
8331,602200
8332,620300
8333,612900
8334,602700
8335,623900
8336,604500
8337,603100
8338,612500
8339,608500
8340,607500
8341,609000
8342,601000
8343,611000
8344,603400
8345,604500
8346,601500
8347,597900
8348,611100
8349,606600
8350,659000
8351,610400
8352,888900
8353,628100
8354,631600
8355,731800
8356,615500
8357,610100
8358,611800
8359,600600
8360,613600
8361,597600
8362,622200
8363,593200
8364,611500
8365,611500
8366,593700
8367,608100
8368,607600
8369,609300
8370,606200
8371,598900
8372,608000
8373,604900
8374,609200
8375,848200
8376,989300
8377,5193300
8378,689800
8379,616500
8380,615600
8381,613800
8382,607100
8383,614100
8384,603900
8385,616300
8386,603400
8387,594700
8388,616900
8389,601200
8390,611300
8391,639400
8392,864000
8393,827800
8394,738800
8395,613500
8396,619000
8397,604100
8398,611500
8399,604900
8400,605100
8401,618400
8402,604700
8403,595400
8404,603700
8405,606200
8406,594500
8407,609200
8408,602400
8409,598700
8410,602400
8411,604000
8412,604000
8413,606700
8414,594600
8415,603800
8416,656500
8417,604500
8418,616500
8419,607400
8420,628700
8421,609200
8422,607400
8423,879600
8424,610100
8425,634700
8426,628400
8427,959200
8428,735900
8429,664700
8430,647800
8431,639900
8432,646500
8433,646300
8434,655700
8435,670000
8436,651800
8437,647700
8438,645000
8439,747100
8440,898600
8441,682500
8442,651900
8443,651600
8444,639600
8445,636000
8446,634700
8447,652900
8448,634200
8449,632600
8450,635600
8451,635100
8452,634900
8453,634400
8454,642600
8455,631900
8456,633100
8457,639500
8458,633200
8459,634200
8460,630400
8461,633000
8462,636800
8463,633100
8464,814500
8465,1000200
8466,748600
8467,711900
8468,624800
8469,604400
8470,623000
8471,613800
8472,606200
8473,601100
8474,594800
8475,594400
8476,592900
8477,593500
8478,594700
8479,594500
8480,594200
8481,600900
8482,592400
8483,593500
8484,596600
8485,592800
8486,592400
8487,592100
8488,679500
8489,760100
8490,751000
8491,740200
8492,665000
8493,629700
8494,627400
8495,610000
8496,602800
8497,599100
8498,614300
8499,595100
8500,869600
8501,610000
8502,604900
8503,608600
8504,599600
8505,605600
8506,607700
8507,714700
8508,607800
8509,610500
8510,602500
8511,604100
8512,689300
8513,630500
8514,787800
8515,639600
8516,679400
8517,659800
8518,641700
8519,639800
8520,643500
8521,639700
8522,640500
8523,635900
8524,635100
8525,633200
8526,639200
8527,632900
8528,641900
8529,634300
8530,635600
8531,634200
8532,645000
8533,633500
8534,636500
8535,631900
8536,724000
8537,679900
8538,1069100
8539,889800
8540,700500
8541,764700
8542,707200
8543,615400
8544,603600
8545,623500
8546,609000
8547,610100
8548,609600
8549,611800
8550,601400
8551,606400
8552,598100
8553,610200
8554,599600
8555,605500
8556,608300
8557,595200
8558,614000
8559,611000
8560,816200
8561,992100
8562,751500
8563,709900
8564,622000
8565,606700
8566,606700
8567,609800
8568,615800
8569,598300
8570,597100
8571,596500
8572,597800
8573,595800
8574,599500
8575,598800
8576,872700
8577,609600
8578,609900
8579,604600
8580,604100
8581,600500
8582,601200
8583,739300
8584,1225900
8585,845000
8586,632400
8587,627300
8588,630900
8589,609900
8590,603600
8591,624900
8592,607200
8593,613300
8594,610000
8595,613400
8596,610700
8597,609500
8598,605300
8599,604000
8600,613900
8601,602900
8602,608900
8603,609800
8604,598000
8605,618700
8606,595000
8607,717500
8608,732200
8609,740300
8610,679500
8611,611300
8612,612700
8613,607000
8614,606200
8615,606500
8616,603900
8617,606000
8618,607900
8619,593900
8620,598400
8621,596000
8622,596300
8623,606700
8624,668600
8625,600000
8626,653700
8627,591800
8628,597500
8629,592600
8630,592800
8631,592300
8632,619400
8633,599900
8634,607800
8635,611300
8636,609900
8637,605600
8638,597900
8639,598100
8640,600600
8641,599500
8642,595500
8643,604100
8644,595100
8645,601200
8646,594300
8647,601800
8648,598700
8649,599500
8650,599200
8651,596800
8652,593000
8653,596900
8654,595600
8655,594200
8656,821500
8657,632100
8658,5385200
8659,1064300
8660,761400
8661,663400
8662,647300
8663,650500
8664,663700
8665,645400
8666,633900
8667,634200
8668,636700
8669,636900
8670,633300
8671,635200
8672,640700
8673,823500
8674,832700
8675,752500
8676,710600
8677,637900
8678,610200
8679,609700
8680,609000
8681,603600
8682,602500
8683,615000
8684,596700
8685,595200
8686,593800
8687,593800
8688,595600
8689,592700
8690,624800
8691,606900
8692,594600
8693,597500
8694,593100
8695,601000
8696,594000
8697,596000
8698,659200
8699,598500
8700,630400
8701,683500
8702,677500
8703,657200
8704,645100
8705,647600
8706,642400
8707,637600
8708,640900
8709,641200
8710,642900
8711,635400
8712,678300
8713,642300
8714,636600
8715,641000
8716,636700
8717,640300
8718,634600
8719,632400
8720,642100
8721,634200
8722,954100
8723,985800
8724,676300
8725,886600
8726,693500
8727,645100
8728,643000
8729,706100
8730,641600
8731,634500
8732,636300
8733,635100
8734,635400
8735,635800
8736,633800
8737,632800
8738,739400
8739,636600
8740,635900
8741,669600
8742,649800
8743,632200
8744,725800
8745,776300
8746,759000
8747,731000
8748,614600
8749,613100
8750,615800
8751,611700
8752,615300
8753,606800
8754,595700
8755,615000
8756,605200
8757,622600
8758,604600
8759,609100
8760,605300
8761,598800
8762,609300
8763,599600
8764,611100
8765,603000
8766,592300
8767,649300
8768,605200
8769,596200
8770,780600
8771,846000
8772,679500
8773,623300
8774,636900
8775,623500
8776,616800
8777,596600
8778,604400
8779,601500
8780,608000
8781,607100
8782,597200
8783,609900
8784,608800
8785,590400
8786,608700
8787,595000
8788,610500
8789,620200
8790,622300
8791,608800
8792,600900
8793,606500
8794,651700
8795,625500
8796,645500
8797,621700
8798,607400
8799,607100
8800,600200
8801,593800
8802,614400
8803,824600
8804,609800
8805,624900
8806,606500
8807,609800
8808,604100
8809,607000
8810,612200
8811,603700
8812,604500
8813,614400
8814,610700
8815,604600
8816,605300
8817,728500
8818,859000
8819,733100
8820,5717200
8821,631600
8822,625500
8823,610100
8824,611400
8825,611700
8826,599400
8827,615700
8828,606400
8829,609300
8830,610900
8831,611100
8832,612300
8833,605500
8834,599900
8835,656000
8836,595200
8837,744400
8838,634600
8839,613800
8840,615400
8841,595100
8842,597800
8843,595000
8844,672700
8845,615300
8846,614000
8847,605800
8848,609500
8849,591200
8850,618600
8851,596500
8852,594200
8853,617100
8854,604600
8855,606200
8856,594500
8857,607200
8858,594900
8859,612100
8860,644500
8861,5468700
8862,695400
8863,670400
8864,666600
8865,660300
8866,650500
8867,1002000
8868,665400
8869,636500
8870,639300
8871,728600
8872,639600
8873,642100
8874,637600
8875,636700
8876,858300
8877,725500
8878,708400
8879,657000
8880,608600
8881,603500
8882,743000
8883,610900
8884,610500
8885,605900
8886,595400
8887,599900
8888,595100
8889,600500
8890,598800
8891,590700
8892,611600
8893,597300
8894,592600
8895,600100
8896,589100
8897,596800
8898,591800
8899,594300
8900,594000
8901,636000
8902,765700
8903,780700
8904,727700
8905,637700
8906,620300
8907,600600
8908,625700
8909,632500
8910,603100
8911,608500
8912,604800
8913,607700
8914,619600
8915,630600
8916,632700
8917,615300
8918,622800
8919,616100
8920,601100
8921,618700
8922,595900
8923,593700
8924,612500
8925,609200
8926,627100
8927,608000
8928,643800
8929,601800
8930,614800
8931,605600
8932,613600
8933,609300
8934,611900
8935,602500
8936,590500
8937,620400
8938,601300
8939,609300
8940,603100
8941,600300
8942,609600
8943,604700
8944,599700
8945,598300
8946,879400
8947,610900
8948,598200
8949,608600
8950,602900
8951,790300
8952,950300
8953,642300
8954,621300
8955,594200
8956,615300
8957,602600
8958,612500
8959,621200
8960,607800
8961,610100
8962,616500
8963,734800
8964,621400
8965,601200
8966,608200
8967,601200
8968,593000
8969,614300
8970,601800
8971,595100
8972,623800
8973,603200
8974,603400
8975,672700
8976,622400
8977,615800
8978,608600
8979,613200
8980,614600
8981,602000
8982,605200
8983,602200
8984,593800
8985,613100
8986,604500
8987,604500
8988,604300
8989,605100
8990,602400
8991,602600
8992,601700
8993,594000
8994,602100
8995,607400
8996,603200
8997,602900
8998,594200
8999,602200
9000,603100
9001,590700
9002,821600
9003,938900
9004,767300
9005,726800
9006,697200
9007,623400
9008,596500
9009,595300
9010,594700
9011,601500
9012,597600
9013,595200
9014,599000
9015,603200
9016,589100
9017,594600
9018,595100
9019,591300
9020,594200
9021,593700
9022,590600
9023,591400
9024,591600
9025,954100
9026,5433600
9027,707800
9028,732500
9029,752300
9030,652800
9031,648900
9032,649100
9033,663000
9034,658200
9035,636800
9036,641600
9037,772200
9038,642200
9039,636000
9040,641500
9041,725000
9042,869000
9043,785000
9044,670200
9045,753900
9046,702700
9047,646200
9048,665300
9049,658800
9050,655700
9051,659800
9052,646400
9053,649600
9054,645200
9055,655200
9056,649300
9057,646900
9058,643100
9059,648100
9060,633800
9061,644300
9062,634900
9063,639800
9064,740100
9065,872700
9066,771900
9067,653300
9068,647800
9069,647100
9070,634300
9071,639900
9072,5250700
9073,645200
9074,637200
9075,643300
9076,648400
9077,641900
9078,647000
9079,642400
9080,708900
9081,741700
9082,738000
9083,711100
9084,612800
9085,861200
9086,608000
9087,616700
9088,610000
9089,604400
9090,594700
9091,589000
9092,590500
9093,590600
9094,592000
9095,590000
9096,589700
9097,617700
9098,600500
9099,599000
9100,589600
9101,586800
9102,595800
9103,589900
9104,588600
9105,659500
9106,603900
9107,737500
9108,602600
9109,598400
9110,607100
9111,594900
9112,595400
9113,607600
9114,592900
9115,591900
9116,589100
9117,591300
9118,590800
9119,588800
9120,592000
9121,587400
9122,590700
9123,589400
9124,589000
9125,588400
9126,587100
9127,587500
9128,589800
9129,588100
9130,589300
9131,619500
9132,764800
9133,800900
9134,767600
9135,747300
9136,644000
9137,637400
9138,636100
9139,640800
9140,637000
9141,632400
9142,638800
9143,635000
9144,634100
9145,635900
9146,634800
9147,633800
9148,637200
9149,631600
9150,631700
9151,639900
9152,632100
9153,634600
9154,631400
9155,880900
9156,876600
9157,667800
9158,665100
9159,704300
9160,658000
9161,648900
9162,652200
9163,643200
9164,1003000
9165,657000
9166,636100
9167,633500
9168,715000
9169,630700
9170,634200
9171,633800
9172,640500
9173,635000
9174,632300
9175,633800
9176,634400
9177,745100
9178,667100
9179,657900
9180,652800
9181,643900
9182,649800
9183,638600
9184,635200
9185,634200
9186,778700
9187,663000
9188,637000
9189,636800
9190,647000
9191,633400
9192,635000
9193,640200
9194,696800
9195,632500
9196,653900
9197,630400
9198,637000
9199,633100
9200,633700
9201,801100
9202,921900
9203,838200
9204,701500
9205,617900
9206,631300
9207,697300
9208,747400
9209,642100
9210,619700
9211,655000
9212,612700
9213,602400
9214,608900
9215,589100
9216,596200
9217,589400
9218,591900
9219,593600
9220,594500
9221,592600
9222,591900
9223,592200
9224,590700
9225,630600
9226,592800
9227,621200
9228,601700
9229,626400
9230,607700
9231,604800
9232,596400
9233,591300
9234,603500
9235,598300
9236,591900
9237,592400
9238,592100
9239,592300
9240,589900
9241,589300
9242,829800
9243,595900
9244,589900
9245,595900
9246,613600
9247,592600
9248,591600
9249,590800
9250,803200
9251,654900
9252,648700
9253,635100
9254,649800
9255,620600
9256,606200
9257,603800
9258,610500
9259,600200
9260,599800
9261,604300
9262,599900
9263,609400
9264,599900
9265,595700
9266,611400
9267,707900
9268,602300
9269,603600
9270,603500
9271,597300
9272,590800
9273,596000
9274,596900
9275,659900
9276,1038700
9277,975900
9278,650200
9279,621400
9280,610300
9281,605900
9282,614400
9283,617700
9284,594700
9285,657700
9286,606100
9287,609200
9288,592000
9289,609800
9290,598700
9291,606700
9292,606500
9293,609900
9294,607500
9295,597500
9296,608100
9297,591100
9298,617500
9299,652500
9300,631100
9301,780300
9302,633200
9303,626500
9304,609100
9305,627300
9306,621100
9307,620200
9308,620500
9309,602500
9310,605700
9311,598200
9312,607600
9313,594600
9314,608300
9315,606100
9316,593700
9317,604800
9318,603000
9319,603800
9320,603700
9321,834400
9322,607200
9323,624500
9324,766500
9325,1034400
9326,718900
9327,667200
9328,650300
9329,655100
9330,644800
9331,645300
9332,632500
9333,637900
9334,636500
9335,632400
9336,631700
9337,644200
9338,633500
9339,636300
9340,628800
9341,633500
9342,632300
9343,632700
9344,629100
9345,641400
9346,747800
9347,694100
9348,1029100
9349,997700
9350,714000
9351,627100
9352,615900
9353,609700
9354,609800
9355,609700
9356,610400
9357,608600
9358,598800
9359,620700
9360,605000
9361,607200
9362,607600
9363,612600
9364,605600
9365,612200
9366,596300
9367,602000
9368,608000
9369,629700
9370,603200
9371,696500
9372,745900
9373,700200
9374,664800
9375,598000
9376,588000
9377,600100
9378,1995900
9379,714900
9380,659900
9381,659800
9382,649700
9383,649100
9384,648300
9385,639500
9386,634800
9387,635100
9388,635300
9389,638700
9390,640600
9391,633600
9392,633700
9393,860000
9394,629700
9395,998900
9396,704100
9397,648600
9398,643900
9399,637300
9400,633600
9401,634400
9402,635300
9403,637400
9404,634000
9405,634800
9406,634200
9407,634400
9408,633100
9409,636000
9410,636600
9411,665000
9412,650800
9413,639500
9414,634800
9415,635600
9416,681500
9417,637100
9418,650200
9419,638100
9420,632600
9421,636900
9422,743400
9423,651000
9424,700900
9425,632800
9426,657800
9427,651600
9428,638300
9429,636600
9430,632400
9431,634900
9432,631300
9433,637000
9434,631900
9435,648000
9436,634400
9437,633100
9438,635600
9439,634600
9440,630500
9441,836100
9442,1007100
9443,769600
9444,713900
9445,709300
9446,670100
9447,597700
9448,604700
9449,600900
9450,593900
9451,603000
9452,603800
9453,602800
9454,603600
9455,598600
9456,593700
9457,638900
9458,617900
9459,599000
9460,593700
9461,595100
9462,592000
9463,599200
9464,597100
9465,645100
9466,620100
9467,602900
9468,651300
9469,675800
9470,658500
9471,659400
9472,971700
9473,675500
9474,639100
9475,746300
9476,625400
9477,636500
9478,635200
9479,636300
9480,634400
9481,637300
9482,648000
9483,639500
9484,635200
9485,638900
9486,634300
9487,634100
9488,664700
9489,921800
9490,948700
9491,689600
9492,664500
9493,647700
9494,643900
9495,638000
9496,640900
9497,642600
9498,638300
9499,752000
9500,637300
9501,638600
9502,665100
9503,654400
9504,641300
9505,634500
9506,632100
9507,635200
9508,637400
9509,634900
9510,634000
9511,633100
9512,672400
9513,642100
9514,637600
9515,636400
9516,635800
9517,637400
9518,693000
9519,644400
9520,642700
9521,637700
9522,639600
9523,640100
9524,631700
9525,632200
9526,640100
9527,631900
9528,634700
9529,633600
9530,633300
9531,635500
9532,629000
9533,634400
9534,667200
9535,633100
9536,843300
9537,914900
9538,798500
9539,742000
9540,637800
9541,616300
9542,611300
9543,616500
9544,619600
9545,595400
9546,612300
9547,940500
9548,603000
9549,631800
9550,600100
9551,609400
9552,606000
9553,609600
9554,599400
9555,604100
9556,610800
9557,605100
9558,611100
9559,644500
9560,633000
9561,756200
9562,629400
9563,628700
9564,640100
9565,624200
9566,602100
9567,610300
9568,608200
9569,632600
9570,604900
9571,603600
9572,610100
9573,614300
9574,615800
9575,597500
9576,608600
9577,594000
9578,744600
9579,602500
9580,631700
9581,610000
9582,612500
9583,601200
9584,750000
9585,742900
9586,721700
9587,649900
9588,620100
9589,616500
9590,612300
9591,593000
9592,593600
9593,594200
9594,599200
9595,594400
9596,638600
9597,610700
9598,596900
9599,594700
9600,598000
9601,589700
9602,591500
9603,589500
9604,589800
9605,589100
9606,592400
9607,589800
9608,592900
9609,589100
9610,656900
9611,604700
9612,628900
9613,601100
9614,596900
9615,597300
9616,590900
9617,590700
9618,596000
9619,591800
9620,592900
9621,587700
9622,627300
9623,589400
9624,590300
9625,591200
9626,588600
9627,590600
9628,908600
9629,620700
9630,592300
9631,592100
9632,601800
9633,593000
9634,590300
9635,587400
9636,625900
9637,827500
9638,644000
9639,620300
9640,619500
9641,612700
9642,615600
9643,606000
9644,602800
9645,600100
9646,619000
9647,601300
9648,601100
9649,599700
9650,596000
9651,594300
9652,595100
9653,596200
9654,598700
9655,594000
9656,606000
9657,595400
9658,600000
9659,595300
9660,594400
9661,727000
9662,609300
9663,599600
9664,784300
9665,748200
9666,731400
9667,629500
9668,616900
9669,614200
9670,624200
9671,606000
9672,606000
9673,623400
9674,592500
9675,614200
9676,598600
9677,640000
9678,620900
9679,601900
9680,604900
9681,603200
9682,609300
9683,605300
9684,606100
9685,675900
9686,794900
9687,797100
9688,759800
9689,671000
9690,650900
9691,648400
9692,693800
9693,660100
9694,645400
9695,647800
9696,644500
9697,637400
9698,635400
9699,636100
9700,633700
9701,633900
9702,631500
9703,636300
9704,634400
9705,638500
9706,932900
9707,676900
9708,766100
9709,6176400
9710,618400
9711,606800
9712,627400
9713,618600
9714,650700
9715,627500
9716,630000
9717,614900
9718,600500
9719,608600
9720,612200
9721,604000
9722,607300
9723,601500
9724,757800
9725,6034800
9726,709200
9727,696700
9728,609700
9729,618200
9730,610200
9731,613600
9732,611500
9733,601500
9734,601900
9735,596900
9736,607900
9737,614800
9738,600200
9739,605200
9740,659700
9741,621800
9742,624100
9743,610700
9744,605100
9745,604700
9746,607600
9747,613600
9748,599900
9749,611000
9750,604000
9751,590500
9752,612700
9753,598400
9754,638900
9755,613600
9756,604300
9757,604400
9758,597000
9759,605900
9760,613900
9761,600500
9762,600700
9763,604100
9764,609200
9765,600400
9766,662300
9767,598600
9768,1031300
9769,637200
9770,610300
9771,634200
9772,606900
9773,614500
9774,608500
9775,603800
9776,607400
9777,600500
9778,613900
9779,605600
9780,603700
9781,600500
9782,604600
9783,594800
9784,610000
9785,604500
9786,597500
9787,604200
9788,608100
9789,604100
9790,603800
9791,850600
9792,9946200
9793,882400
9794,726000
9795,655500
9796,650600
9797,649100
9798,650900
9799,860600
9800,929200
9801,733300
9802,650900
9803,629500
9804,623600
9805,612500
9806,627100
9807,626700
9808,612600
9809,628800
9810,614500
9811,628000
9812,614100
9813,621700
9814,623600
9815,607000
9816,610400
9817,609000
9818,611200
9819,609600
9820,615200
9821,603200
9822,622600
9823,722800
9824,820000
9825,723700
9826,630500
9827,618200
9828,617900
9829,613000
9830,603800
9831,969600
9832,604000
9833,612300
9834,613600
9835,605300
9836,606000
9837,608100
9838,607500
9839,610100
9840,597500
9841,617100
9842,607200
9843,612300
9844,603900
9845,605800
9846,595500
9847,760200
9848,936600
9849,700400
9850,652100
9851,651700
9852,649800
9853,640900
9854,638000
9855,647700
9856,641400
9857,643500
9858,646200
9859,636900
9860,633500
9861,631300
9862,633700
9863,645400
9864,634200
9865,632100
9866,635900
9867,631300
9868,634600
9869,630600
9870,746900
9871,769100
9872,5636000
9873,5435200
9874,673800
9875,713900
9876,650800
9877,644700
9878,638800
9879,643500
9880,709700
9881,643200
9882,639800
9883,639200
9884,653300
9885,625800
9886,630500
9887,629300
9888,643900
9889,763200
9890,811600
9891,639800
9892,1017600
9893,611600
9894,614300
9895,607000
9896,615900
9897,606000
9898,620900
9899,621000
9900,611100
9901,612500
9902,634700
9903,611300
9904,881500
9905,942900
9906,633800
9907,617400
9908,611200
9909,615300
9910,608600
9911,605400
9912,601300
9913,594100
9914,617200
9915,610900
9916,611000
9917,605300
9918,614000
9919,604600
9920,606000
9921,606300
9922,600500
9923,591800
9924,610400
9925,599500
9926,616200
9927,603200
9928,671700
9929,611400
9930,610900
9931,608800
9932,616800
9933,593200
9934,754800
9935,609500
9936,609600
9937,604700
9938,594800
9939,607500
9940,603000
9941,602300
9942,601900
9943,609800
9944,596300
9945,605500
9946,592200
9947,607900
9948,603500
9949,599400
9950,609400
9951,608500
9952,605200
9953,605900
9954,849700
9955,872000
9956,629700
9957,623000
9958,612600
9959,607300
9960,609700
9961,605700
9962,594900
9963,605600
9964,608100
9965,594000
9966,607200
9967,606700
9968,606400
9969,603800
9970,605900
9971,590600
9972,971600
9973,613000
9974,624400
9975,601600
9976,611200
9977,602300
9978,597800
9979,828200
9980,908100
9981,741600
9982,741300
9983,676700
9984,612900
9985,605200
9986,602800
9987,603700
9988,610000
9989,603400
9990,602600
9991,602300
9992,594000
9993,590800
9994,598800
9995,591000
9996,589500
9997,600900
9998,598900
9999,592200
10000,592300
10001,590400
10002,590800
10003,658000
10004,593500
10005,614900
10006,595400
10007,592500
10008,595300
10009,595900
10010,587800
10011,596100
10012,588700
10013,593400
10014,594500
10015,697000
10016,594100
10017,594200
10018,591400
10019,592600
10020,593100
10021,593000
10022,606400
10023,594000
10024,589000
10025,591000
10026,591400
10027,591100
10028,590800
10029,632100
10030,591800
10031,618600
10032,721300
10033,784000
10034,788600
10035,754400
10036,657900
10037,647000
10038,643300
10039,645500
10040,641700
10041,643900
10042,642300
10043,646900
10044,633200
10045,661300
10046,636400
10047,636100
10048,637700
10049,637300
10050,630600
10051,944100
10052,966100
10053,774300
10054,853800
10055,1045200
10056,964900
10057,876100
10058,720500
10059,725100
10060,671200
10061,608600
10062,611400
10063,607500
10064,604800
10065,603600
10066,622600
10067,602600
10068,605200
10069,595800
10070,592500
10071,594100
10072,594000
10073,594500
10074,633100
10075,594800
10076,587900
10077,597000
10078,599300
10079,592900
10080,588400
10081,587600
10082,590500
10083,593200
10084,588300
10085,592900
10086,590100
10087,591600
10088,596100
10089,590400
10090,589100
10091,612700
10092,587400
10093,590900
10094,696900
10095,595400
10096,590200
10097,590400
10098,593400
10099,590600
10100,634500
10101,604800
10102,614500
10103,598300
10104,589700
10105,589700
10106,591500
10107,591200
10108,591100
10109,592000
10110,588300
10111,593000
10112,590100
10113,601700
10114,589400
10115,592300
10116,597500
10117,590500
10118,588800
10119,591100
10120,587500
10121,589500
10122,587700
10123,592600
10124,588600
10125,594600
10126,704900
10127,741500
10128,743500
10129,1054300
10130,619000
10131,612300
10132,616200
10133,607100
10134,608600
10135,608100
10136,601300
10137,599400
10138,597700
10139,598000
10140,620200
10141,594400
10142,595300
10143,594800
10144,593600
10145,593300
10146,595800
10147,595100
10148,594300
10149,592800
10150,595700
10151,616400
10152,938800
10153,766200
10154,743700
10155,626300
10156,631600
10157,617200
10158,617200
10159,619100
10160,602200
10161,620800
10162,614400
10163,619700
10164,600700
10165,603600
10166,604300
10167,605600
10168,596400
10169,607700
10170,607000
10171,646800
10172,608600
10173,615700
10174,607300
10175,809800
10176,1077500
10177,628300
10178,630900
10179,604400
10180,611200
10181,610100
10182,604000
10183,610600
10184,599700
10185,611600
10186,611700
10187,596100
10188,627800
10189,606400
10190,607800
10191,610900
10192,596500
10193,604300
10194,617700
10195,591500
10196,802500
10197,881200
10198,935900
10199,745200
10200,731100
10201,649300
10202,609700
10203,603700
10204,617900
10205,600600
10206,607400
10207,932900
10208,638400
10209,629800
10210,599100
10211,595400
10212,598400
10213,594200
10214,593400
10215,592700
10216,594300
10217,591700
10218,608500
10219,592800
10220,594500
10221,592100
10222,595800
10223,630000
10224,759300
10225,765500
10226,765800
10227,667400
10228,654300
10229,642800
10230,643200
10231,640100
10232,643300
10233,638200
10234,656500
10235,637700
10236,638300
10237,639900
10238,638600
10239,661800
10240,640100
10241,634300
10242,638800
10243,639200
10244,634000
10245,639200
10246,637200
10247,784400
10248,887200
10249,714400
10250,658600
10251,664100
10252,651600
10253,646500
10254,763300
10255,654800
10256,653800
10257,639000
10258,639200
10259,638900
10260,636500
10261,637200
10262,635800
10263,633400
10264,634800
10265,632500
10266,633700
10267,631300
10268,635200
10269,640400
10270,748800
10271,722800
10272,711400
10273,669800
10274,615900
10275,611600
10276,612800
10277,591700
10278,603100
10279,593600
10280,597700
10281,592000
10282,594900
10283,595600
10284,876400
10285,616900
10286,611400
10287,588900
10288,591900
10289,585200
10290,592300
10291,587000
10292,589600
10293,597500
10294,590600
10295,587900
10296,615200
10297,588100
10298,616900
10299,593700
10300,591700
10301,593400
10302,588200
10303,616400
10304,594500
10305,603800
10306,597600
10307,586100
10308,600300
10309,600800
10310,590700
10311,583300
10312,587400
10313,596100
10314,586400
10315,585500
10316,587500
10317,584100
10318,588000
10319,596600
10320,587700
10321,586100
10322,711800
10323,782400
10324,735400
10325,649500
10326,649400
10327,657700
10328,646700
10329,665200
10330,649100
10331,630200
10332,640100
10333,636800
10334,646400
10335,809800
10336,656500
10337,720900
10338,644400
10339,650600
10340,649200
10341,648300
10342,650100
10343,642000
10344,638100
10345,750700
10346,759600
10347,707600
10348,658400
10349,611400
10350,616200
10351,625500
10352,605900
10353,615600
10354,599600
10355,595600
10356,591300
10357,589200
10358,592100
10359,590500
10360,585700
10361,589000
10362,588400
10363,591900
10364,945300
10365,599300
10366,598600
10367,594900
10368,608600
10369,607800
10370,622000
10371,819100
10372,676300
10373,666100
10374,651200
10375,642200
10376,646100
10377,640500
10378,647100
10379,639400
10380,664700
10381,671400
10382,635100
10383,634400
10384,634800
10385,626800
10386,633800
10387,646800
10388,634200
10389,633100
10390,626600
10391,637700
10392,633200
10393,630000
10394,627300
10395,874800
10396,933900
10397,659900
10398,643500
10399,637100
10400,632000
10401,634500
10402,631300
10403,630400
10404,628900
10405,629100
10406,633500
10407,629300
10408,627300
10409,631200
10410,629000
10411,635000
10412,628300
10413,629100
10414,738900
10415,632100
10416,629000
10417,628300
10418,699500
10419,672300
10420,660000
10421,638300
10422,651400
10423,757900
10424,895800
10425,950800
10426,922100
10427,816400
10428,709900
10429,663500
10430,645400
10431,641500
10432,646300
10433,651100
10434,638900
10435,638100
10436,642300
10437,630800
10438,878300
10439,719600
10440,747500
10441,777300
10442,646500
10443,611300
10444,614800
10445,604900
10446,617100
10447,606100
10448,602800
10449,587600
10450,616400
10451,595000
10452,622700
10453,606300
10454,623400
10455,613100
10456,614700
10457,616600
10458,618500
10459,615300
10460,632100
10461,619600
10462,608100
10463,658300
10464,641900
10465,601600
10466,627800
10467,617200
10468,618700
10469,613300
10470,610900
10471,604900
10472,604200
10473,612800
10474,614300
10475,602600
10476,628600
10477,607200
10478,603400
10479,614900
10480,603700
10481,604600
10482,615700
10483,623900
10484,619600
10485,607000
10486,605100
10487,617800
10488,603200
10489,634600
10490,610700
10491,623800
10492,760300
10493,610200
10494,619900
10495,622700
10496,622500
10497,613100
10498,599700
10499,600900
10500,607400
10501,606000
10502,605200
10503,605600
10504,610100
10505,604300
10506,604100
10507,607400
10508,597000
10509,612700
10510,607200
10511,588000
10512,615900
10513,611900
10514,599000
10515,644200
10516,609300
10517,622200
10518,603000
10519,948500
10520,614900
10521,612000
10522,614000
10523,611200
10524,610700
10525,601000
10526,605700
10527,595800
10528,614000
10529,622600
10530,600600
10531,613600
10532,605800
10533,605800
10534,600000
10535,615900
10536,611000
10537,619600
10538,603400
10539,612200
10540,635200
10541,650100
10542,702200
10543,662800
10544,658900
10545,646000
10546,645200
10547,643600
10548,644700
10549,641900
10550,646500
10551,646000
10552,663300
10553,645400
10554,637100
10555,644800
10556,639400
10557,633800
10558,635200
10559,631600
10560,632300
10561,639300
10562,640100
10563,630400
10564,822200
10565,873200
10566,751300
10567,654900
10568,655600
10569,653900
10570,646600
10571,646900
10572,760300
10573,636700
10574,644100
10575,636900
10576,635900
10577,639700
10578,639700
10579,633400
10580,633400
10581,634700
10582,646600
10583,631300
10584,630700
10585,629000
10586,630800
10587,759800
10588,893800
10589,730800
10590,712300
10591,700500
10592,630800
10593,601800
10594,599600
10595,1137900
10596,598200
10597,596300
10598,595500
10599,611000
10600,593500
10601,590700
10602,589200
10603,628000
10604,631600
10605,622200
10606,605600
10607,596100
10608,600500
10609,599700
10610,726500
10611,741600
10612,723200
10613,703000
10614,609800
10615,604400
10616,602200
10617,602700
10618,608200
10619,595100
10620,602200
10621,594700
10622,593200
10623,592200
10624,592400
10625,593000
10626,594400
10627,592900
10628,596400
10629,588000
10630,617400
10631,646400
10632,594400
10633,593500
10634,590200
10635,710500
10636,609100
10637,11570500
10638,5648100
10639,709200
10640,679500
10641,670000
10642,654600
10643,656000
10644,647100
10645,677600
10646,653700
10647,636900
10648,633200
10649,1425700
10650,647800
10651,648300
10652,733900
10653,631800
10654,630700
10655,630000
10656,756500
10657,784000
10658,707600
10659,646700
10660,642400
10661,654800
10662,634500
10663,635100
10664,648400
10665,625600
10666,635700
10667,635200
10668,634400
10669,627000
10670,628200
10671,629800
10672,629500
10673,641200
10674,632500
10675,625000
10676,626300
10677,624900
10678,629900
10679,626200
10680,896700
10681,920600
10682,759500
10683,730400
10684,625900
10685,607800
10686,614400
10687,598300
10688,618000
10689,607800
10690,587900
10691,608700
10692,599500
10693,584700
10694,607700
10695,596900
10696,604700
10697,607800
10698,599500
10699,602700
10700,592100
10701,590700
10702,599600
10703,601000
10704,597800
10705,823000
10706,1027500
10707,633700
10708,610300
10709,599600
10710,609500
10711,602600
10712,600900
10713,604500
10714,593700
10715,730900
10716,598700
10717,600800
10718,597400
10719,590200
10720,621400
10721,597000
10722,600400
10723,592000
10724,596900
10725,1132000
10726,597100
10727,602800
10728,590500
10729,736700
10730,730200
10731,638800
10732,608700
10733,613700
10734,611600
10735,630300
10736,618200
10737,628200
10738,644200
10739,625600
10740,602700
10741,599400
10742,595900
10743,613000
10744,592400
10745,591200
10746,593400
10747,592900
10748,594300
10749,597100
10750,587800
10751,586800
10752,591500
10753,586000
10754,586000
10755,700400
10756,741000
10757,713700
10758,690600
10759,620400
10760,609300
10761,599000
10762,598400
10763,601200
10764,598000
10765,597200
10766,598100
10767,592900
10768,620800
10769,591700
10770,590100
10771,585400
10772,588600
10773,595500
10774,585400
10775,589500
10776,584600
10777,586300
10778,587200
10779,584200
10780,587800
10781,616600
10782,962200
10783,663900
10784,656300
10785,660800
10786,646900
10787,644900
10788,644100
10789,639500
10790,640400
10791,634400
10792,628700
10793,627400
10794,627200
10795,628900
10796,741000
10797,628000
10798,629900
10799,626700
10800,694900
10801,631000
10802,629900
10803,625600
10804,1165400
10805,1023300
10806,616700
10807,734500
10808,640800
10809,631300
10810,631600
10811,629900
10812,626400
10813,630400
10814,638800
10815,627500
10816,625600
10817,626700
10818,628000
10819,627600
10820,639500
10821,623400
10822,627100
10823,628000
10824,626700
10825,626900
10826,625600
10827,739400
10828,804300
10829,703000
10830,705700
10831,647300
10832,603500
10833,605700
10834,600100
10835,600800
10836,611200
10837,605900
10838,592800
10839,590300
10840,592000
10841,590100
10842,596600
10843,598000
10844,591500
10845,589200
10846,603300
10847,589800
10848,591100
10849,596700
10850,588600
10851,588900
10852,586500
10853,642100
10854,858200
10855,674600
10856,656300
10857,646500
10858,635600
10859,633600
10860,630700
10861,627800
10862,638800
10863,631400
10864,630500
10865,633100
10866,628200
10867,630100
10868,638500
10869,630000
10870,624500
10871,626400
10872,625500
10873,629300
10874,628200
10875,733300
10876,630400
10877,775000
10878,753700
10879,707000
10880,698200
10881,1096300
10882,592500
10883,600700
10884,593300
10885,592500
10886,590000
10887,587300
10888,588700
10889,585000
10890,584700
10891,584700
10892,584900
10893,594500
10894,583300
10895,585300
10896,585700
10897,584800
10898,585900
10899,586600
10900,587900
10901,583500
10902,605700
10903,714000
10904,742500
10905,743500
10906,628200
10907,627200
10908,600500
10909,634300
10910,610100
10911,612700
10912,624700
10913,593600
10914,615300
10915,602600
10916,616400
10917,606800
10918,598300
10919,607900
10920,590100
10921,605400
10922,598100
10923,595600
10924,599900
10925,593900
10926,600600
10927,656800
10928,597800
10929,637100
10930,600500
10931,599800
10932,618100
10933,605600
10934,597300
10935,591600
10936,597200
10937,602600
10938,597500
10939,601300
10940,591100
10941,591200
10942,603200
10943,600100
10944,597500
10945,593300
10946,598800
10947,602700
10948,599100
10949,596800
10950,592200
10951,594600
10952,603400
10953,635100
10954,604500
10955,610800
10956,598900
10957,729400
10958,607200
10959,593500
10960,599200
10961,586800
10962,601500
10963,835400
10964,603300
10965,601000
10966,600400
10967,591500
10968,599100
10969,603700
10970,595300
10971,604200
10972,591700
10973,602900
10974,587800
10975,608300
10976,599900
10977,583900
10978,736800
10979,721200
10980,704300
10981,633100
10982,611500
10983,602400
10984,606800
10985,598900
10986,602900
10987,599800
10988,590400
10989,584300
10990,587400
10991,592700
10992,582200
10993,588500
10994,590200
10995,583700
10996,590100
10997,582700
10998,594100
10999,587400
11000,582900
11001,584700
11002,586100
11003,585100
11004,608700
11005,601300
11006,628000
11007,582100
11008,590700
11009,586400
11010,590500
11011,592000
11012,581900
11013,584800
11014,585800
11015,583000
11016,587600
11017,582300
11018,584800
11019,581400
11020,583000
11021,580300
11022,581300
11023,581100
11024,582200
11025,582200
11026,583800
11027,582600
11028,587500
11029,582300
11030,774100
11031,781800
11032,804400
11033,770100
11034,673100
11035,642300
11036,641600
11037,642300
11038,649400
11039,628100
11040,735500
11041,635100
11042,630500
11043,629700
11044,839000
11045,643800
11046,629900
11047,627900
11048,628300
11049,636400
11050,629000
11051,624200
11052,627300
11053,740300
11054,868200
11055,759300
11056,653300
11057,665000
11058,649300
11059,647100
11060,635800
11061,630200
11062,624100
11063,629400
11064,628700
11065,647600
11066,635500
11067,626400
11068,626800
11069,628100
11070,625400
11071,635700
11072,630800
11073,629300
11074,626400
11075,627300
11076,635600
11077,821200
11078,5508400
11079,766800
11080,724600
11081,672700
11082,605300
11083,613600
11084,601300
11085,610600
11086,607200
11087,610400
11088,606900
11089,592000
11090,601200
11091,595300
11092,595500
11093,614400
11094,660000
11095,824100
11096,827900
11097,628100
11098,619700
11099,599100
11100,601700
11101,597200
11102,597400
11103,604400
11104,594900
11105,602200
11106,598200
11107,599200
11108,601600
11109,587500
11110,602300
11111,736500
11112,599000
11113,592000
11114,859400
11115,600300
11116,602700
11117,603100
11118,608500
11119,782800
11120,955100
11121,5292800
11122,611700
11123,598200
11124,601100
11125,601000
11126,598600
11127,596400
11128,593100
11129,594200
11130,599800
11131,599800
11132,594400
11133,609200
11134,600400
11135,609200
11136,658600
11137,601000
11138,625000
11139,613000
11140,615900
11141,605400
11142,595500
11143,591500
11144,599100
11145,599400
11146,597700
11147,597200
11148,591900
11149,598100
11150,583900
11151,602300
11152,596100
11153,586500
11154,606100
11155,601300
11156,596500
11157,585300
11158,610000
11159,592900
11160,598800
11161,600600
11162,627500
11163,603700
11164,617100
11165,597800
11166,603000
11167,601100
11168,603300
11169,595400
11170,584600
11171,604800
11172,594500
11173,600000
11174,590700
11175,596400
11176,598800
11177,594400
11178,604900
11179,587200
11180,597400
11181,596400
11182,609900
11183,599300
11184,587300
11185,596000
11186,599700
11187,583700
11188,952300
11189,625500
11190,626500
11191,614700
11192,627500
11193,616800
11194,604700
11195,602600
11196,621500
11197,608900
11198,606400
11199,602400
11200,597400
11201,608700
11202,602600
11203,587400
11204,608300
11205,592300
11206,607100
11207,597700
11208,611300
11209,598800
11210,597600
11211,604500
11212,598700
11213,632900
11214,597400
11215,609100
11216,585200
11217,609800
11218,602100
11219,601200
11220,602700
11221,597400
11222,595600
11223,602200
11224,598500
11225,590100
11226,598600
11227,599800
11228,595400
11229,599600
11230,591100
11231,607000
11232,596800
11233,586200
11234,603600
11235,605200
11236,587500
11237,615300
11238,595600
11239,636600
11240,697700
11241,738400
11242,720400
11243,641600
11244,609500
11245,595100
11246,596200
11247,597100
11248,594900
11249,596400
11250,589500
11251,591700
11252,590700
11253,593100
11254,589200
11255,601100
11256,604300
11257,588100
11258,593800
11259,593800
11260,587900
11261,589200
11262,586500
11263,594300
11264,680800
11265,737100
11266,756600
11267,680600
11268,615200
11269,865000
11270,615500
11271,715000
11272,611300
11273,615800
11274,600600
11275,600400
11276,597400
11277,595800
11278,604600
11279,601100
11280,600400
11281,583800
11282,613000
11283,598900
11284,584200
11285,597700
11286,598600
11287,600900
11288,602800
11289,630700
11290,786000
11291,632900
11292,612900
11293,615500
11294,605100
11295,614800
11296,596300
11297,589500
11298,622300
11299,595100
11300,601500
11301,592600
11302,592100
11303,603600
11304,609700
11305,596200
11306,599900
11307,590700
11308,600900
11309,599500
11310,594400
11311,602300
11312,591800
11313,602400
11314,586200
11315,647500
11316,604300
11317,603800
11318,621900
11319,604500
11320,605700
11321,593600
11322,591100
11323,600300
11324,598800
11325,595500
11326,603800
11327,588800
11328,603500
11329,606100
11330,597400
11331,588100
11332,593300
11333,593600
11334,585500
11335,601000
11336,596100
11337,597300
11338,595400
11339,595400
11340,601300
11341,616900
11342,602500
11343,603700
11344,608500
11345,610100
11346,622800
11347,598800
11348,615100
11349,610000
11350,595000
11351,822000
11352,598100
11353,603900
11354,611300
11355,702200
11356,600600
11357,595900
11358,603200
11359,593800
11360,597500
11361,597900
11362,600600
11363,599800
11364,595300
11365,594600
11366,646900
11367,592000
11368,627500
11369,605000
11370,612300
11371,602600
11372,600100
11373,597100
11374,590500
11375,597900
11376,598600
11377,597700
11378,609500
11379,594100
11380,586800
11381,605700
11382,593900
11383,600100
11384,585400
11385,595900
11386,601500
11387,595100
11388,593900
11389,595000
11390,590300
11391,599900
11392,770300
11393,832700
11394,797400
11395,844200
11396,663100
11397,638000
11398,640500
11399,644100
11400,665200
11401,629100
11402,638800
11403,630100
11404,628200
11405,629700
11406,626500
11407,625400
11408,628000
11409,627900
11410,629800
11411,630200
11412,625000
11413,627800
11414,625400
11415,741000
11416,847100
11417,732500
11418,709400
11419,629800
11420,602600
11421,598500
11422,596400
11423,597200
11424,602500
11425,619700
11426,589800
11427,590200
11428,591000
11429,587900
11430,813000
11431,601300
11432,587000
11433,591300
11434,592300
11435,586800
11436,691200
11437,593100
11438,589700
11439,586800
11440,690000
11441,597300
11442,834800
11443,778300
11444,737700
11445,694500
11446,653500
11447,666700
11448,632100
11449,624000
11450,622700
11451,620800
11452,617500
11453,624400
11454,660500
11455,631700
11456,629600
11457,628400
11458,627200
11459,630200
11460,628400
11461,635700
11462,632200
11463,824500
11464,883900
11465,714800
11466,660500
11467,645400
11468,629900
11469,629500
11470,628600
11471,642600
11472,629000
11473,631200
11474,630700
11475,631500
11476,632100
11477,628100
11478,638700
11479,627500
11480,625800
11481,626600
11482,625700
11483,628000
11484,625500
11485,624200
11486,626100
11487,856200
11488,1005400
11489,742400
11490,705700
11491,629500
11492,593800
11493,599900
11494,592000
11495,585200
11496,599700
11497,2200000
11498,761600
11499,722500
11500,610200
11501,615300
11502,609900
11503,615300
11504,908600
11505,595700
11506,597100
11507,752700
11508,712200
11509,695300
11510,691300
11511,676600
11512,722700
11513,603000
11514,607100
11515,596900
11516,594800
11517,585000
11518,586000
11519,583900
11520,594000
11521,587800
11522,586300
11523,585500
11524,587500
11525,584100
11526,584700
11527,585200
11528,586500
11529,584200
11530,585400
11531,584100
11532,665900
11533,736200
11534,706900
11535,709300
11536,636100
11537,592700
11538,606700
11539,597000
11540,594500
11541,596500
11542,590000
11543,590200
11544,593600
11545,590100
11546,588500
11547,590500
11548,591800
11549,588400
11550,588100
11551,587300
11552,590400
11553,589300
11554,591900
11555,589600
11556,591800
11557,589200
11558,890900
11559,911400
11560,899100
11561,823300
11562,738100
11563,961000
11564,849500
11565,652700
11566,649800
11567,650700
11568,645100
11569,630000
11570,632500
11571,626100
11572,631400
11573,628900
11574,626600
11575,629100
11576,627100
11577,626300
11578,627500
11579,623900
11580,656600
11581,631500
11582,883900
11583,640400
11584,640700
11585,716600
11586,631200
11587,630900
11588,629200
11589,622900
11590,622900
11591,728300
11592,631200
11593,628800
11594,628400
11595,628700
11596,625500
11597,626100
11598,643700
11599,623900
11600,627200
11601,624800
11602,626300
11603,625400
11604,875000
11605,903500
11606,718700
11607,706600
11608,689500
11609,617500
11610,597900
11611,592500
11612,598900
11613,600700
11614,588300
11615,584100
11616,582200
11617,591100
11618,586700
11619,585000
11620,587200
11621,583600
11622,585200
11623,586100
11624,583200
11625,582800
11626,585300
11627,582900
11628,584400
11629,711800
11630,623600
11631,596700
11632,592600
11633,583700
11634,588200
11635,588500
11636,8170700
11637,5732500
11638,728300
11639,727000
11640,1008500
11641,654700
11642,639800
11643,640800
11644,630100
11645,631600
11646,628700
11647,633000
11648,628700
11649,628900
11650,623100
11651,630400
11652,763800
11653,632800
11654,625100
11655,629700
11656,626100
11657,634000
11658,777500
11659,5520800
11660,671800
11661,657400
11662,648600
11663,641500
11664,648000
11665,654000
11666,640200
11667,635600
11668,631700
11669,629400
11670,631800
11671,633000
11672,623800
11673,672000
11674,627100
11675,888100
11676,927000
11677,755000
11678,694600
11679,606300
11680,593200
11681,626700
11682,603100
11683,598200
11684,607700
11685,599900
11686,609600
11687,593800
11688,602000
11689,596600
11690,594900
11691,601400
11692,591600
11693,607200
11694,586200
11695,606400
11696,597000
11697,599700
11698,601900
11699,661700
11700,591900
11701,611200
11702,596100
11703,685100
11704,885900
11705,878100
11706,885300
11707,731300
11708,607900
11709,860800
11710,608900
11711,590100
11712,614400
11713,604400
11714,589700
11715,602200
11716,603100
11717,598000
11718,600900
11719,609500
11720,603800
11721,596300
11722,598300
11723,769100
11724,720700
11725,743700
11726,721700
11727,619500
11728,601600
11729,601700
11730,608600
11731,601300
11732,595700
11733,591900
11734,590300
11735,590800
11736,595500
11737,588600
11738,591900
11739,590600
11740,594600
11741,589100
11742,589800
11743,595800
11744,619200
11745,600100
11746,619500
11747,589800
11748,677500
11749,743900
11750,744900
11751,653700
11752,599000
11753,598200
11754,598100
11755,596900
11756,595600
11757,595000
11758,598800
11759,597400
11760,584900
11761,588200
11762,589200
11763,587100
11764,586100
11765,583500
11766,584100
11767,582700
11768,602800
11769,583600
11770,585300
11771,584700
11772,581700
11773,588400
11774,582100
11775,643600
11776,602800
11777,678400
11778,628900
11779,611300
11780,611200
11781,606500
11782,596500
11783,601400
11784,596000
11785,598700
11786,596600
11787,597500
11788,597800
11789,598900
11790,818700
11791,605700
11792,592600
11793,612800
11794,593500
11795,593100
11796,593600
11797,595100
11798,598500
11799,727000
11800,778000
11801,748000
11802,649700
11803,621000
11804,615800
11805,621100
11806,730100
11807,600300
11808,600100
11809,593400
11810,611700
11811,606500
11812,589700
11813,612300
11814,601100
11815,600000
11816,612700
11817,594300
11818,605900
11819,615800
11820,602100
11821,599800
11822,593200
11823,611200
11824,626700
11825,606600
11826,622900
11827,610800
11828,608000
11829,586300
11830,610600
11831,594500
11832,588400
11833,604700
11834,592200
11835,603000
11836,594900
11837,592900
11838,587100
11839,599700
11840,594600
11841,596800
11842,593900
11843,627500
11844,604700
11845,597400
11846,583200
11847,595000
11848,595300
11849,603800
11850,638500
11851,611900
11852,616500
11853,617400
11854,609000
11855,606600
11856,602700
11857,589800
11858,605100
11859,584200
11860,597700
11861,611200
11862,590500
11863,613300
11864,606500
11865,604900
11866,622700
11867,591300
11868,599400
11869,598700
11870,594000
11871,604400
11872,863400
11873,608300
11874,596100
11875,590200
11876,655300
11877,596900
11878,610700
11879,599200
11880,609500
11881,5368200
11882,608400
11883,621700
11884,589300
11885,609800
11886,601400
11887,593700
11888,613400
11889,595000
11890,599000
11891,594100
11892,591900
11893,614100
11894,642000
11895,602900
11896,609800
11897,615100
11898,606500
11899,593000
11900,604500
11901,594300
11902,601100
11903,598200
11904,584200
11905,606000
11906,596800
11907,601400
11908,605000
11909,594800
11910,601800
11911,590900
11912,592600
11913,590200
11914,604400
11915,593300
11916,603300
11917,584900
11918,613400
11919,593300
11920,622000
11921,604500
11922,604700
11923,630900
11924,964100
11925,828800
11926,609000
11927,625100
11928,632900
11929,609900
11930,612600
11931,626100
11932,587900
11933,606700
11934,602500
11935,593000
11936,600600
11937,602100
11938,601200
11939,595700
11940,602200
11941,613400
11942,606100
11943,600400
11944,777300
11945,1093600
11946,619900
11947,611500
11948,600100
11949,593500
11950,2019000
11951,769400
11952,719700
11953,602900
11954,598000
11955,596200
11956,594400
11957,592500
11958,603300
11959,592800
11960,597400
11961,735300
11962,600700
11963,586200
11964,583300
11965,586500
11966,649300
11967,643000
11968,865700
11969,664900
11970,673900
11971,657200
11972,640500
11973,634700
11974,650800
11975,649800
11976,651400
11977,640900
11978,648500
11979,642600
11980,639800
11981,643500
11982,646700
11983,643800
11984,652700
11985,648600
11986,643800
11987,645500
11988,646500
11989,800600
11990,872200
11991,755200
11992,722900
11993,714100
11994,650800
11995,619000
11996,607700
11997,615400
11998,607100
11999,610400
12000,603400
12001,591200
12002,594500
12003,591000
12004,617200
12005,595600
12006,590400
12007,595700
12008,596300
12009,588100
12010,598100
12011,592000
12012,592800
12013,591600
12014,653300
12015,602000
12016,655200
12017,674000
12018,611900
12019,615000
12020,1028000
12021,613000
12022,597100
12023,616700
12024,593800
12025,585600
12026,590000
12027,585600
12028,591400
12029,593200
12030,591100
12031,599700
12032,589700
12033,588600
12034,592300
12035,591800
12036,595900
12037,594900
12038,594300
12039,618300
12040,596100
12041,717700
12042,600100
12043,594200
12044,593700
12045,591500
12046,591100
12047,592600
12048,618100
12049,594300
12050,588800
12051,587600
12052,591300
12053,591100
12054,594900
12055,591500
12056,596800
12057,590400
12058,593600
12059,588200
12060,596700
12061,597400
12062,590300
12063,599500
12064,597700
12065,623300
12066,595400
12067,599500
12068,709400
12069,644600
12070,637400
12071,633900
12072,650700
12073,627700
12074,626000
12075,612400
12076,619600
12077,610700
12078,614200
12079,606800
12080,602400
12081,622700
12082,607300
12083,611500
12084,620000
12085,613600
12086,607700
12087,628600
12088,619600
12089,615200
12090,606800
12091,627200
12092,631800
12093,605000
12094,624800
12095,613600
12096,635700
12097,618800
12098,620300
12099,600300
12100,604500
12101,618600
12102,1043200
12103,615500
12104,617800
12105,603900
12106,615800
12107,605100
12108,609900
12109,603700
12110,608500
12111,616500
12112,591000
12113,612200
12114,610300
12115,724300
12116,613500
12117,618000
12118,661400
12119,649600
12120,640300
12121,612700
12122,616200
12123,785100
12124,611700
12125,622800
12126,615200
12127,617300
12128,614900
12129,618900
12130,621200
12131,617500
12132,617300
12133,608500
12134,621100
12135,617500
12136,618000
12137,612900
12138,633600
12139,617300
12140,649800
12141,615400
12142,616200
12143,620600
12144,602500
12145,636600
12146,611900
12147,625900
12148,619300
12149,604800
12150,609700
12151,610100
12152,646400
12153,620000
12154,617700
12155,606400
12156,620800
12157,614300
12158,618300
12159,613900
12160,605400
12161,620900
12162,606400
12163,614400
12164,612600
12165,603300
12166,750000
12167,823100
12168,712900
12169,611600
12170,617900
12171,611400
12172,602000
12173,598700
12174,599500
12175,613800
12176,596200
12177,604900
12178,604700
12179,592400
12180,603500
12181,1016500
12182,609900
12183,602600
12184,619100
12185,603300
12186,617500
12187,597100
12188,604900
12189,590200
12190,669000
12191,609000
12192,695500
12193,609600
12194,614700
12195,609200
12196,662200
12197,607000
12198,613600
12199,590800
12200,600200
12201,596700
12202,598800
12203,600900
12204,595300
12205,702600
12206,619500
12207,604500
12208,589900
12209,603800
12210,587000
12211,601000
12212,597300
12213,587900
12214,592500
12215,749000
12216,749300
12217,744000
12218,709900
12219,651300
12220,599500
12221,594900
12222,594200
12223,591500
12224,594600
12225,594600
12226,589300
12227,591300
12228,590700
12229,591700
12230,589100
12231,595000
12232,581200
12233,581400
12234,584100
12235,582800
12236,583200
12237,581600
12238,583600
12239,582600
12240,650100
12241,732900
12242,731200
12243,621700
12244,616800
12245,594500
12246,615900
12247,599300
12248,610600
12249,609100
12250,585400
12251,612400
12252,592900
12253,599400
12254,586600
12255,624600
12256,611900
12257,589800
12258,607200
12259,599200
12260,599700
12261,600700
12262,889800
12263,604000
12264,629200
12265,675800
12266,611200
12267,638300
12268,603100
12269,606600
12270,592400
12271,767100
12272,828800
12273,847100
12274,874800
12275,871700
12276,772400
12277,620500
12278,614900
12279,605400
12280,638100
12281,610800
12282,615000
12283,606300
12284,596600
12285,735100
12286,607700
12287,607200
12288,689100
12289,610400
12290,684000
12291,672600
12292,665500
12293,781000
12294,724700
12295,636000
12296,641700
12297,637500
12298,640200
12299,631700
12300,637200
12301,633300
12302,631300
12303,628800
12304,631400
12305,629600
12306,650900
12307,627200
12308,645600
12309,627100
12310,645900
12311,630500
12312,771000
12313,866500
12314,709400
12315,640400
12316,639500
12317,635600
12318,627200
12319,627800
12320,630700
12321,626700
12322,628600
12323,637900
12324,628000
12325,625000
12326,628000
12327,623400
12328,629400
12329,638100
12330,630000
12331,626900
12332,684900
12333,645700
12334,629400
12335,629200
12336,843300
12337,1129800
12338,5337200
12339,632700
12340,636600
12341,633700
12342,640500
12343,635500
12344,632700
12345,628600
12346,640100
12347,642700
12348,631000
12349,626600
12350,628700
12351,628900
12352,820200
12353,1015000
12354,717700
12355,669000
12356,641900
12357,645200
12358,649100
12359,645400
12360,643400
12361,648500
12362,637800
12363,636000
12364,636300
12365,632800
12366,630300
12367,626900
12368,631700
12369,631900
12370,644300
12371,638800
12372,626500
12373,628600
12374,629400
12375,625900
12376,811800
12377,930400
12378,801000
12379,743100
12380,885800
12381,865700
12382,747500
12383,732000
12384,736200
12385,731700
12386,741400
12387,724800
12388,593200
12389,608000
12390,629500
12391,621600
12392,594100
12393,588000
12394,622900
12395,597100
12396,605400
12397,593200
12398,659900
12399,808000
12400,747700
12401,614900
12402,610500
12403,601300
12404,854800
12405,597500
12406,594500
12407,603200
12408,599400
12409,592600
12410,603400
12411,588500
12412,600500
12413,600300
12414,597500
12415,614900
12416,590100
12417,597100
12418,603000
12419,582600
12420,613900
12421,589400
12422,632100
12423,756400
12424,813300
12425,5457300
12426,609700
12427,591500
12428,615200
12429,606500
12430,635900
12431,613500
12432,596200
12433,596700
12434,595400
12435,597100
12436,599500
12437,596600
12438,599500
12439,600200
12440,661300
12441,605500
12442,627800
12443,598000
12444,618100
12445,597500
12446,613900
12447,601100
12448,593400
12449,605400
12450,599000
12451,596400
12452,598100
12453,594600
12454,594500
12455,604500
12456,611500
12457,595200
12458,587300
12459,601100
12460,585300
12461,601300
12462,600900
12463,615200
12464,603100
12465,595900
12466,793800
12467,935300
12468,5476900
12469,910500
12470,715800
12471,685000
12472,725800
12473,643200
12474,628900
12475,628000
12476,627600
12477,628700
12478,628900
12479,629800
12480,627300
12481,726500
12482,664700
12483,641600
12484,633000
12485,667600
12486,638600
12487,635300
12488,650900
12489,629500
12490,786900
12491,775500
12492,773900
12493,777700
12494,773200
12495,779200
12496,919800
12497,788100
12498,727600
12499,678600
12500,636100
12501,636100
12502,630600
12503,744300
12504,863900
12505,749100
12506,647800
12507,638000
12508,644000
12509,633500
12510,628300
12511,626700
12512,629200
12513,627100
12514,674400
12515,636200
12516,630800
12517,626900
12518,626700
12519,627000
12520,630600
12521,625800
12522,630800
12523,629900
12524,626600
12525,626400
12526,629600
12527,626000
12528,5398300
12529,646500
12530,631200
12531,642700
12532,638300
12533,633600
12534,630600
12535,628600
12536,890800
12537,655700
12538,659500
12539,632800
12540,630000
12541,638700
12542,629100
12543,648300
12544,739900
12545,782400
12546,684700
12547,665700
12548,637800
12549,632900
12550,636000
12551,627000
12552,628400
12553,685900
12554,639700
12555,638800
12556,640500
12557,637500
12558,665800
12559,631800
12560,627000
12561,625400
12562,626700
12563,629200
12564,626900
12565,628000
12566,625500
12567,783500
12568,867200
12569,998300
12570,752800
12571,708200
12572,680800
12573,599400
12574,599800
12575,603000
12576,603100
12577,600300
12578,588500
12579,591500
12580,588700
12581,585100
12582,588500
12583,602900
12584,596800
12585,587800
12586,589400
12587,591200
12588,587200
12589,585800
12590,584100
12591,588800
12592,712900
12593,739200
12594,735300
12595,659700
12596,599100
12597,608400
12598,599900
12599,609900
12600,621400
12601,600000
12602,592400
12603,583400
12604,589800
12605,583500
12606,584200
12607,600400
12608,586700
12609,592200
12610,590700
12611,586300
12612,587200
12613,596100
12614,901800
12615,605100
12616,618800
12617,654400
12618,605200
12619,595300
12620,601900
12621,594900
12622,603500
12623,596500
12624,585400
12625,594700
12626,587300
12627,586500
12628,587000
12629,587300
12630,586400
12631,587500
12632,594400
12633,601900
12634,585100
12635,588600
12636,583200
12637,583600
12638,581600
12639,581400
12640,579900
12641,585900
12642,582700
12643,675400
12644,761700
12645,741700
12646,658400
12647,612600
12648,731700
12649,612100
12650,631200
12651,608200
12652,593000
12653,599400
12654,599200
12655,599100
12656,598800
12657,608400
12658,607400
12659,599200
12660,599600
12661,599500
12662,586100
12663,598400
12664,601800
12665,610200
12666,585100
12667,602800
12668,740500
12669,5424700
12670,897800
12671,665500
12672,667300
12673,677200
12674,639700
12675,644800
12676,637900
12677,632300
12678,626500
12679,628300
12680,627300
12681,625100
12682,634000
12683,628400
12684,703100
12685,713200
12686,1004000
12687,628800
12688,600400
12689,603600
12690,598200
12691,595800
12692,593500
12693,605500
12694,587900
12695,588800
12696,588100
12697,588900
12698,587700
12699,586700
12700,587900
12701,581100
12702,580700
12703,582400
12704,594900
12705,595700
12706,584000
12707,581400
12708,584700
12709,580700
12710,637500
12711,591400
12712,594700
12713,588000
12714,605200
12715,580100
12716,594000
12717,581300
12718,584100
12719,582800
12720,587700
12721,598000
12722,594200
12723,699700
12724,584800
12725,581800
12726,584100
12727,580400
12728,586500
12729,580800
12730,584100
12731,580200
12732,582000
12733,580000
12734,585300
12735,584300
12736,582400
12737,644800
12738,637100
12739,804600
12740,737900
12741,634000
12742,630600
12743,633500
12744,628600
12745,627200
12746,633100
12747,623000
12748,629500
12749,623900
12750,625800
12751,633800
12752,627800
12753,650200
12754,639800
12755,627400
12756,628900
12757,626400
12758,629500
12759,628800
12760,624900
12761,832100
12762,995500
12763,746600
12764,727200
12765,706300
12766,885100
12767,601700
12768,626100
12769,605500
12770,602600
12771,591600
12772,583800
12773,587800
12774,582600
12775,587700
12776,586300
12777,584100
12778,585700
12779,588800
12780,586300
12781,586300
12782,586400
12783,592500
12784,588300
12785,650200
12786,607800
12787,594000
12788,630100
12789,660800
12790,643700
12791,638900
12792,640700
12793,636000
12794,639700
12795,637900
12796,626900
12797,629600
12798,630900
12799,628300
12800,660300
12801,637000
12802,735700
12803,635200
12804,626500
12805,625500
12806,626300
12807,630300
12808,625400
12809,754900
12810,862900
12811,763100
12812,667300
12813,655500
12814,632900
12815,692200
12816,636400
12817,635700
12818,633100
12819,637900
12820,633000
12821,636300
12822,626100
12823,631300
12824,626300
12825,626500
12826,625600
12827,629100
12828,631500
12829,631800
12830,622800
12831,660700
12832,626900
12833,876000
12834,937200
12835,714800
12836,714600
12837,671500
12838,602500
12839,602500
12840,603100
12841,599400
12842,597700
12843,588700
12844,809100
12845,592700
12846,589400
12847,586300
12848,590800
12849,586000
12850,588400
12851,585900
12852,588000
12853,588800
12854,591200
12855,604600
12856,589000
12857,612000
12858,594700
12859,600900
12860,596900
12861,587200
12862,601000
12863,597200
12864,592400
12865,590200
12866,588400
12867,587000
12868,588000
12869,587500
12870,588300
12871,587900
12872,588900
12873,587900
12874,591900
12875,587200
12876,590500
12877,583300
12878,590700
12879,596500
12880,596700
12881,598200
12882,592900
12883,811500
12884,779000
12885,735800
12886,782900
12887,589700
12888,591900
12889,585200
12890,598200
12891,582800
12892,585700
12893,583200
12894,586600
12895,633500
12896,587500
12897,583700
12898,586000
12899,582600
12900,583800
12901,583500
12902,582500
12903,585000
12904,593000
12905,591500
12906,583700
12907,581800
12908,685800
12909,599200
12910,597400
12911,603100
12912,600900
12913,604500
12914,595000
12915,605700
12916,600700
12917,598500
12918,596700
12919,596000
12920,595200
12921,595700
12922,595600
12923,600000
12924,595000
12925,594200
12926,594800
12927,827000
12928,643500
12929,603200
12930,610400
12931,597300
12932,596800
12933,594200
12934,648700
12935,607600
12936,607500
12937,604000
12938,607700
12939,632700
12940,787100
12941,765800
12942,689900
12943,624900
12944,691100
12945,703300
12946,698100
12947,696400
12948,660400
12949,626200
12950,622600
12951,632600
12952,631100
12953,637400
12954,630000
12955,631100
12956,640000
12957,632300
12958,778400
12959,846900
12960,813700
12961,631500
12962,626000
12963,633600
12964,733100
12965,620400
12966,620700
12967,616900
12968,617800
12969,618500
12970,614700
12971,616600
12972,614700
12973,618400
12974,630000
12975,620000
12976,617200
12977,616400
12978,612900
12979,619500
12980,612000
12981,617000
12982,755900
12983,824400
12984,736600
12985,637000
12986,630500
12987,619300
12988,630800
12989,619700
12990,627100
12991,617600
12992,614400
12993,622400
12994,626100
12995,634200
12996,617100
12997,617000
12998,628500
12999,612500
13000,616700
13001,611600
13002,611600
13003,613400
13004,869900
13005,618000
13006,776700
13007,818700
13008,706200
13009,626200
13010,632000
13011,625300
13012,616300
13013,622500
13014,613800
13015,614400
13016,613300
13017,613800
13018,614900
13019,613600
13020,614500
13021,629000
13022,613100
13023,614000
13024,611300
13025,611400
13026,613800
13027,611900
13028,619700
13029,619900
13030,713400
13031,745600
13032,704700
13033,668300
13034,597700
13035,601000
13036,595500
13037,603000
13038,599400
13039,587400
13040,587200
13041,585800
13042,586900
13043,584600
13044,587800
13045,704900
13046,593700
13047,588200
13048,587400
13049,588000
13050,586700
13051,583600
13052,587800
13053,587700
13054,585800
13055,582800
13056,768400
13057,958800
13058,846500
13059,726100
13060,962500
13061,857600
13062,785000
13063,655800
13064,637000
13065,631100
13066,618900
13067,621500
13068,633800
13069,617000
13070,613300
13071,615800
13072,614400
13073,615100
13074,612700
13075,612400
13076,614600
13077,612200
13078,637200
13079,615000
13080,618300
13081,841300
13082,615300
13083,633100
13084,625400
13085,624900
13086,612400
13087,616600
13088,629100
13089,614300
13090,613800
13091,617700
13092,626300
13093,615500
13094,612100
13095,611200
13096,611500
13097,611800
13098,618200
13099,619900
13100,613000
13101,615700
13102,614000
13103,612800
13104,815900
13105,940900
13106,740900
13107,705600
13108,695700
13109,642900
13110,586700
13111,586200
13112,584500
13113,586200
13114,587600
13115,604600
13116,583400
13117,588400
13118,585300
13119,586000
13120,585000
13121,583800
13122,584900
13123,590600
13124,687100
13125,586700
13126,585900
13127,586200
13128,583100
13129,729200
13130,752400
13131,735600
13132,643300
13133,616500
13134,596300
13135,615900
13136,596700
13137,602500
13138,607900
13139,607400
13140,596600
13141,597900
13142,591000
13143,604100
13144,585000
13145,611400
13146,599200
13147,598600
13148,598800
13149,595900
13150,599400
13151,584900
13152,602000
13153,622700
13154,585200
13155,674700
13156,599000
13157,633000
13158,598700
13159,593900
13160,595300
13161,836000
13162,598400
13163,599100
13164,603000
13165,601500
13166,589200
13167,588000
13168,605000
13169,589500
13170,595600
13171,613200
13172,591000
13173,597200
13174,592300
13175,600200
13176,592700
13177,583900
13178,603000
13179,597700
13180,597700
13181,888300
13182,848600
13183,759800
13184,740000
13185,684200
13186,619900
13187,650400
13188,627400
13189,622200
13190,626100
13191,629800
13192,615700
13193,615900
13194,615700
13195,613800
13196,611400
13197,611300
13198,610600
13199,614100
13200,609700
13201,611100
13202,611400
13203,621800
13204,609900
13205,859900
13206,5753000
13207,731100
13208,694900
13209,597700
13210,593000
13211,596400
13212,597400
13213,597700
13214,587600
13215,583600
13216,581800
13217,592200
13218,584100
13219,585000
13220,583100
13221,582900
13222,617200
13223,597000
13224,592200
13225,584900
13226,585100
13227,584100
13228,602400
13229,626700
13230,582400
13231,587400
13232,583900
13233,841400
13234,598700
13235,593800
13236,587100
13237,587800
13238,585100
13239,585500
13240,583300
13241,584100
13242,584900
13243,587600
13244,587600
13245,585100
13246,583600
13247,583700
13248,624000
13249,592200
13250,595000
13251,597700
13252,613100
13253,595000
13254,591300
13255,597500
13256,588600
13257,594000
13258,595200
13259,5457100
13260,758800
13261,743100
13262,684300
13263,639200
13264,622900
13265,782300
13266,827800
13267,693100
13268,655900
13269,632900
13270,5329500
13271,628100
13272,632600
13273,627000
13274,629000
13275,616900
13276,12766800
13277,793000
13278,975800
13279,618300
13280,600100
13281,595600
13282,590500
13283,604700
13284,597700
13285,592200
13286,582000
13287,630200
13288,602100
13289,603800
13290,594200
13291,597800
13292,584500
13293,588400
13294,588400
13295,585800
13296,584100
13297,583600
13298,589300
13299,583900
13300,583500
13301,584800
13302,588300
13303,585900
13304,586300
13305,584500
13306,603000
13307,589600
13308,585200
13309,583000
13310,581600
13311,580700
13312,581400
13313,700100
13314,5549800
13315,750500
13316,728600
13317,632900
13318,625900
13319,624000
13320,639100
13321,631200
13322,616400
13323,663400
13324,803500
13325,626900
13326,627700
13327,620500
13328,618700
13329,701600
13330,740500
13331,836900
13332,746800
13333,644900
13334,607700
13335,603100
13336,604100
13337,603700
13338,602500
13339,606600
13340,590300
13341,600000
13342,589000
13343,592100
13344,588400
13345,591000
13346,591200
13347,590200
13348,590800
13349,589900
13350,940000
13351,597100
13352,591400
13353,601900
13354,619100
13355,593800
13356,594700
13357,647700
13358,770000
13359,753600
13360,683800
13361,627800
13362,628200
13363,625900
13364,622000
13365,630400
13366,628100
13367,625100
13368,613500
13369,613600
13370,611800
13371,613300
13372,613000
13373,614900
13374,614500
13375,610600
13376,610100
13377,624800
13378,721500
13379,772400
13380,742400
13381,698000
13382,652800
13383,615400
13384,604900
13385,601000
13386,613600
13387,600900
13388,589100
13389,603200
13390,595200
13391,598000
13392,602500
13393,595300
13394,612800
13395,591600
13396,603100
13397,586400
13398,599200
13399,594600
13400,604500
13401,589000
13402,599500
13403,732600
13404,626000
13405,623400
13406,727200
13407,607700
13408,600000
13409,611200
13410,607000
13411,594900
13412,597600
13413,646100
13414,604000
13415,631100
13416,613700
13417,597300
13418,610600
13419,598900
13420,614000
13421,595600
13422,604600
13423,617300
13424,608400
13425,609700
13426,586900
13427,610200
13428,673000
13429,729100
13430,1000600
13431,607100
13432,598900
13433,664300
13434,603700
13435,593900
13436,745100
13437,812800
13438,628800
13439,663600
13440,591200
13441,588200
13442,584600
13443,582300
13444,576500
13445,578700
13446,1901800
13447,790000
13448,736900
13449,636600
13450,646900
13451,2939800
13452,660400
13453,636000
13454,642300
13455,630300
13456,646000
13457,636700
13458,635700
13459,631900
13460,626900
13461,628100
13462,623800
13463,621100
13464,624100
13465,624900
13466,621800
13467,619700
13468,616500
13469,617200
13470,619200
13471,796800
13472,826100
13473,696800
13474,631300
13475,638200
13476,629400
13477,626200
13478,626600
13479,795600
13480,630400
13481,629800
13482,624000
13483,622500
13484,617900
13485,619400
13486,614800
13487,620700
13488,633300
13489,620400
13490,619300
13491,611900
13492,619000
13493,620500
13494,614800
13495,812800
13496,835200
13497,694800
13498,642200
13499,633100
13500,620000
13501,1058500
13502,625200
13503,636800
13504,628900
13505,626100
13506,621000
13507,616600
13508,616900
13509,614600
13510,612500
13511,610100
13512,635000
13513,617400
13514,611800
13515,614000
13516,610300
13517,618200
13518,763500
13519,778200
13520,709100
13521,657500
13522,635500
13523,640500
13524,630600
13525,627900
13526,630100
13527,628900
13528,627100
13529,610800
13530,617800
13531,617000
13532,612100
13533,619200
13534,612200
13535,623800
13536,616600
13537,612200
13538,614400
13539,612400
13540,613300
13541,612000
13542,610800
13543,613200
13544,684700
13545,762600
13546,642100
13547,630400
13548,621400
13549,633100
13550,617300
13551,617200
13552,615300
13553,621700
13554,614700
13555,619100
13556,617700
13557,617700
13558,740500
13559,636800
13560,617900
13561,614500
13562,615100
13563,618900
13564,615100
13565,629100
13566,613100
13567,614400
13568,792200
13569,833500
13570,861400
13571,844200
13572,853000
13573,852800
13574,837500
13575,835200
13576,836900
13577,1138100
13578,632100
13579,626900
13580,614000
13581,618100
13582,615200
13583,614400
13584,609600
13585,614200
13586,610300
13587,616900
13588,608300
13589,742200
13590,833500
13591,749600
13592,692400
13593,602200
13594,600400
13595,601100
13596,593800
13597,599500
13598,598500
13599,592600
13600,593200
13601,586300
13602,587400
13603,596500
13604,589000
13605,584500
13606,582800
13607,583900
13608,583400
13609,584000
13610,584500
13611,583100
13612,582000
13613,581600
13614,677600
13615,760400
13616,738800
13617,660000
13618,625300
13619,611300
13620,603000
13621,608700
13622,605700
13623,602700
13624,613200
13625,600400
13626,606300
13627,597700
13628,602800
13629,595200
13630,638600
13631,616300
13632,587900
13633,617500
13634,595400
13635,585100
13636,717100
13637,607000
13638,591900
13639,641100
13640,586000
13641,667000
13642,773300
13643,659100
13644,621900
13645,620100
13646,621900
13647,614400
13648,618200
13649,614400
13650,625600
13651,615800
13652,612500
13653,612900
13654,616500
13655,611800
13656,881000
13657,631200
13658,618100
13659,638400
13660,610000
13661,612300
13662,612900
13663,612700
13664,754000
13665,770700
13666,657600
13667,624400
13668,635200
13669,668700
13670,631600
13671,621000
13672,615700
13673,625100
13674,617900
13675,611400
13676,613000
13677,609100
13678,614900
13679,611500
13680,611600
13681,610000
13682,618300
13683,613900
13684,611300
13685,609800
13686,609700
13687,615700
13688,613900
13689,751400
13690,821900
13691,720700
13692,630700
13693,625900
13694,619000
13695,617400
13696,621900
13697,628500
13698,616100
13699,612200
13700,612600
13701,675000
13702,620400
13703,613600
13704,619200
13705,613600
13706,612900
13707,610100
13708,614500
13709,609500
13710,623500
13711,610700
13712,614500
13713,703000
13714,1036200
13715,842000
13716,745000
13717,632100
13718,621600
13719,602200
13720,614600
13721,596100
13722,614400
13723,598500
13724,606100
13725,604200
13726,594800
13727,619300
13728,605100
13729,598600
13730,610500
13731,594300
13732,611800
13733,586100
13734,859400
13735,615300
13736,598800
13737,720800
13738,826000
13739,756100
13740,615400
13741,606500
13742,629600
13743,625800
13744,634200
13745,634700
13746,656300
13747,620100
13748,611500
13749,625800
13750,616500
13751,611700
13752,613300
13753,604700
13754,613600
13755,614800
13756,616500
13757,608600
13758,608100
13759,600300
13760,603100
13761,587000
13762,639000
13763,643800
13764,710200
13765,646600
13766,635300
13767,632300
13768,652500
13769,623500
13770,619600
13771,620500
13772,630400
13773,618300
13774,616700
13775,615400
13776,622500
13777,616500
13778,617000
13779,616400
13780,614500
13781,616700
13782,612400
13783,622100
13784,613600
13785,614700
13786,698800
13787,765800
13788,705700
13789,702600
13790,669400
13791,611400
13792,606600
13793,599600
13794,601100
13795,599300
13796,708400
13797,604200
13798,600400
13799,586200
13800,585600
13801,586400
13802,598200
13803,585400
13804,586900
13805,584800
13806,586600
13807,583700
13808,587800
13809,586200
13810,589000
13811,607100
13812,614100
13813,840300
13814,597800
13815,623200
13816,618000
13817,599200
13818,596000
13819,584100
13820,591100
13821,587700
13822,589100
13823,587900
13824,584900
13825,586600
13826,588000
13827,591200
13828,590700
13829,585500
13830,586200
13831,588700
13832,583800
13833,589000
13834,589300
13835,586300
13836,583500
13837,718700
13838,736700
13839,720700
13840,616400
13841,623600
13842,594500
13843,604400
13844,622500
13845,601400
13846,605900
13847,593600
13848,600700
13849,596800
13850,587100
13851,586200
13852,590400
13853,600300
13854,586400
13855,591200
13856,596800
13857,587300
13858,587800
13859,589700
13860,582700
13861,588600
13862,590900
13863,610400
13864,610400
13865,611900
13866,593900
13867,599500
13868,599800
13869,596000
13870,595400
13871,593400
13872,590100
13873,598900
13874,591500
13875,589200
13876,589600
13877,591500
13878,594100
13879,588800
13880,584800
13881,692900
13882,592100
13883,591600
13884,587600
13885,589800
13886,585100
13887,590300
13888,586100
13889,669900
13890,780300
13891,709400
13892,625000
13893,619300
13894,614700
13895,605700
13896,813000
13897,620800
13898,600900
13899,606900
13900,591800
13901,594800
13902,600400
13903,596500
13904,584200
13905,604300
13906,590300
13907,600000
13908,599000
13909,591700
13910,592800
13911,607400
13912,582100
13913,614400
13914,700600
13915,609000
13916,616700
13917,606000
13918,604900
13919,601000
13920,593700
13921,585000
13922,611100
13923,596500
13924,582000
13925,646300
13926,718000
13927,702700
13928,652400
13929,672300
13930,602400
13931,599100
13932,593600
13933,590600
13934,597800
13935,589800
13936,596800
13937,584900
13938,602000
13939,640200
13940,832300
13941,831800
13942,605700
13943,592100
13944,615100
13945,593000
13946,597400
13947,599300
13948,593800
13949,604200
13950,586800
13951,597000
13952,591600
13953,583000
13954,611000
13955,597900
13956,584100
13957,604100
13958,592900
13959,602300
13960,597700
13961,589500
13962,593200
13963,714400
13964,612800
13965,629000
13966,638000
13967,744600
13968,645900
13969,651700
13970,635700
13971,640000
13972,626900
13973,619100
13974,620300
13975,618500
13976,830400
13977,625900
13978,633300
13979,639700
13980,614000
13981,618700
13982,613100
13983,619100
13984,613400
13985,611900
13986,628800
13987,613500
13988,614800
13989,818500
13990,861900
13991,787000
13992,718800
13993,633000
13994,605600
13995,598500
13996,599000
13997,606200
13998,602100
13999,603300
14000,584700
14001,609100
14002,603500
14003,600000
14004,604300
14005,590600
14006,595400
14007,599900
14008,590700
14009,593600
14010,601500
14011,595900
14012,588200
14013,706800
14014,731200
14015,702800
14016,616500
14017,608800
14018,599000
14019,601700
14020,598800
14021,598100
14022,594300
14023,588800
14024,583700
14025,588300
14026,584300
14027,586000
14028,585200
14029,586100
14030,585600
14031,585400
14032,584700
14033,587500
14034,588400
14035,603600
14036,585800
14037,587500
14038,587800
14039,625100
14040,730700
14041,809600
14042,788900
14043,832700
14044,633700
14045,631200
14046,629400
14047,626100
14048,618600
14049,614900
14050,622200
14051,617700
14052,613400
14053,613400
14054,613100
14055,802900
14056,619100
14057,624800
14058,631400
14059,622600
14060,613600
14061,617200
14062,615100
14063,672100
14064,613400
14065,636700
14066,627200
14067,621900
14068,615800
14069,615500
14070,613100
14071,612600
14072,611800
14073,623100
14074,612300
14075,614400
14076,612000
14077,614500
14078,640700
14079,623100
14080,613100
14081,618200
14082,628000
14083,624600
14084,609900
14085,616800
14086,615600
14087,612400
14088,828700
14089,839400
14090,724600
14091,699300
14092,619400
14093,599500
14094,595600
14095,602800
14096,593000
14097,597700
14098,584900
14099,583400
14100,583300
14101,585400
14102,583200
14103,583800
14104,582500
14105,587000
14106,601800
14107,589700
14108,583200
14109,589700
14110,581800
14111,585700
14112,578900
14113,584200
14114,614400
14115,628300
14116,805600
14117,675000
14118,648200
14119,636800
14120,632500
14121,632500
14122,631300
14123,626000
14124,626500
14125,775500
14126,642400
14127,622400
14128,618400
14129,615200
14130,628500
14131,614000
14132,613300
14133,614700
14134,612200
14135,819800
14136,619800
14137,616500
14138,850900
14139,952500
14140,624100
14141,633300
14142,628100
14143,653500
14144,616600
14145,616000
14146,614300
14147,613600
14148,615200
14149,611000
14150,612900
14151,618100
14152,613700
14153,622200
14154,615600
14155,613800
14156,612600
14157,612000
14158,613100
14159,614100
14160,617900
14161,620300
14162,811100
14163,954400
14164,753800
14165,702000
14166,619000
14167,5791100
14168,691400
14169,615300
14170,605900
14171,583500
14172,584400
14173,595100
14174,588700
14175,584400
14176,585000
14177,716600
14178,735700
14179,697500
14180,615900
14181,592600
14182,589300
14183,595500
14184,592200
14185,588300
14186,586200
14187,760400
14188,658300
14189,637500
14190,644200
14191,642900
14192,626700
14193,627700
14194,634700
14195,796300
14196,638800
14197,630800
14198,625700
14199,623200
14200,631300
14201,610400
14202,800500
14203,825800
14204,1110700
14205,632300
14206,622700
14207,620300
14208,616400
14209,613900
14210,610000
14211,622900
14212,616200
14213,611700
14214,621600
14215,615500
14216,614500
14217,617600
14218,615100
14219,612800
14220,610100
14221,619200
14222,613700
14223,612500
14224,612200
14225,612100
14226,652200
14227,786000
14228,626400
14229,627900
14230,623300
14231,635500
14232,622000
14233,618000
14234,613600
14235,671700
14236,626800
14237,627700
14238,621800
14239,613700
14240,614500
14241,612400
14242,613900
14243,613700
14244,614400
14245,616000
14246,632000
14247,619000
14248,614200
14249,624100
14250,618100
14251,692600
14252,892600
14253,5210700
14254,757300
14255,734100
14256,709500
14257,626300
14258,630700
14259,625000
14260,638300
14261,624000
14262,612800
14263,623600
14264,616600
14265,614100
14266,618500
14267,754000
14268,851500
14269,984700
14270,741800
14271,710300
14272,680100
14273,935400
14274,604400
14275,607600
14276,603400
14277,598200
14278,597100
14279,585700
14280,584700
14281,584900
14282,586600
14283,586600
14284,584300
14285,584900
14286,581600
14287,585600
14288,585000
14289,588100
14290,592000
14291,633100
14292,751800
14293,711200
14294,701800
14295,631400
14296,601800
14297,600000
14298,601300
14299,598300
14300,601500
14301,589900
14302,590800
14303,588500
14304,584700
14305,585800
14306,584800
14307,585700
14308,584900
14309,590800
14310,587600
14311,584000
14312,596700
14313,587800
14314,589500
14315,588300
14316,583100
14317,649900
14318,928400
14319,725100
14320,711400
14321,625000
14322,608600
14323,596900
14324,607700
14325,597200
14326,593500
14327,598100
14328,584700
14329,583200
14330,582100
14331,585600
14332,580600
14333,583400
14334,584500
14335,581300
14336,587100
14337,579500
14338,593400
14339,582600
14340,580000
14341,580300
14342,617500
14343,591900
14344,761500
14345,760200
14346,752500
14347,675900
14348,741100
14349,644700
14350,629500
14351,625300
14352,619800
14353,830100
14354,627900
14355,627500
14356,621200
14357,613600
14358,615200
14359,614600
14360,611600
14361,612100
14362,613000
14363,613500
14364,611300
14365,612600
14366,793400
14367,826100
14368,687500
14369,632300
14370,627200
14371,631500
14372,620200
14373,617500
14374,614000
14375,612900
14376,611400
14377,611600
14378,612400
14379,612200
14380,614400
14381,618200
14382,613500
14383,614400
14384,610000
14385,613200
14386,613300
14387,616600
14388,611000
14389,613600
14390,724700
14391,782200
14392,690700
14393,613900
14394,631500
14395,673600
14396,626300
14397,620900
14398,598100
14399,616100
14400,589800
14401,600800
14402,596200
14403,596000
14404,602400
14405,590900
14406,603500
14407,594000
14408,593000
14409,601000
14410,591200
14411,594700
14412,593300
14413,592000
14414,604600
14415,669400
14416,736200
14417,703300
14418,709600
14419,727100
14420,590400
14421,589000
14422,587500
14423,593400
14424,588900
14425,586500
14426,590000
14427,586400
14428,590600
14429,695300
14430,590700
14431,595600
14432,587900
14433,823600
14434,596500
14435,588600
14436,590700
14437,584000
14438,590700
14439,587000
14440,711300
14441,749700
14442,684800
14443,625400
14444,638300
14445,655100
14446,811400
14447,629900
14448,632500
14449,617400
14450,673700
14451,699100
14452,692600
14453,697000
14454,720900
14455,630400
14456,625300
14457,622900
14458,625000
14459,627600
14460,622300
14461,637400
14462,633000
14463,642400
14464,793400
14465,818600
14466,752800
14467,630600
14468,644600
14469,637900
14470,631200
14471,617100
14472,613100
14473,612600
14474,616500
14475,611800
14476,611600
14477,615300
14478,615600
14479,610700
14480,613100
14481,616200
14482,613100
14483,611000
14484,613000
14485,611200
14486,611500
14487,610500
14488,719900
14489,823100
14490,767300
14491,736800
14492,640500
14493,619800
14494,625600
14495,612700
14496,617500
14497,611400
14498,616800
14499,609700
14500,610900
14501,610800
14502,613500
14503,613500
14504,612300
14505,612700
14506,610600
14507,610600
14508,748000
14509,614200
14510,937700
14511,619300
14512,807800
14513,885700
14514,795300
14515,728200
14516,699100
14517,598700
14518,605100
14519,594900
14520,596600
14521,597400
14522,591500
14523,599800
14524,598600
14525,600700
14526,595200
14527,594600
14528,590100
14529,607100
14530,597700
14531,586200
14532,604700
14533,591400
14534,599400
14535,589100
14536,707100
14537,746200
14538,678700
14539,632100
14540,641700
14541,629600
14542,637200
14543,628900
14544,624300
14545,613400
14546,616900
14547,611000
14548,613000
14549,611800
14550,614500
14551,610800
14552,613000
14553,613800
14554,611600
14555,609700
14556,613800
14557,609400
14558,612500
14559,623100
14560,614300
14561,888000
14562,754600
14563,795700
14564,989400
14565,695100
14566,769100
14567,856700
14568,686800
14569,623400
14570,609700
14571,613400
14572,599900
14573,610500
14574,594300
14575,623800
14576,609900
14577,594400
14578,612400
14579,598900
14580,605400
14581,620200
14582,604700
14583,602100
14584,655600
14585,608600
14586,600400
14587,932800
14588,603100
14589,605200
14590,600200
14591,621000
14592,596900
14593,591100
14594,608600
14595,593500
14596,602400
14597,598800
14598,598900
14599,598900
14600,592700
14601,595700
14602,597600
14603,601500
14604,596600
14605,600700
14606,605200
14607,601800
14608,590300
14609,701100
14610,597400
14611,648800
14612,609000
14613,611500
14614,593400
14615,608500
14616,595200
14617,596300
14618,597800
14619,583500
14620,604000
14621,602300
14622,593700
14623,592200
14624,610300
14625,599100
14626,599500
14627,619000
14628,606600
14629,609700
14630,621100
14631,593100
14632,594200
14633,595800
14634,590400
14635,792800
14636,744200
14637,743600
14638,741000
14639,747600
14640,736400
14641,740900
14642,748800
14643,829300
14644,675600
14645,604000
14646,604400
14647,591700
14648,594600
14649,600700
14650,583600
14651,621100
14652,593500
14653,623600
14654,584300
14655,603500
14656,603100
14657,584100
14658,771700
14659,847600
14660,628900
14661,618100
14662,594900
14663,627200
14664,585100
14665,605300
14666,848500
14667,590600
14668,720600
14669,616300
14670,600500
14671,597800
14672,607800
14673,600400
14674,599600
14675,597500
14676,594200
14677,615900
14678,590400
14679,590700
14680,598400
14681,594500
14682,583200
14683,665200
14684,623300
14685,778800
14686,641500
14687,620800
14688,612600
14689,605100
14690,622600
14691,602000
14692,603000
14693,602100
14694,599000
14695,609400
14696,600300
14697,604100
14698,589100
14699,609300
14700,601600
14701,607800
14702,589700
14703,618800
14704,590200
14705,597600
14706,596000
14707,598800
14708,776200
14709,884400
14710,642300
14711,615600
14712,600000
14713,606800
14714,601700
14715,594700
14716,585800
14717,588900
14718,592400
14719,591400
14720,595000
14721,592100
14722,585100
14723,591500
14724,587700
14725,588900
14726,602200
14727,590300
14728,589800
14729,584900
14730,586500
14731,585400
14732,586300
14733,703900
14734,730100
14735,746000
14736,648900
14737,608600
14738,609600
14739,605100
14740,602200
14741,605400
14742,598800
14743,619800
14744,629500
14745,600500
14746,594600
14747,821000
14748,602600
14749,586300
14750,1037800
14751,901000
14752,888100
14753,785100
14754,619100
14755,616600
14756,648100
14757,599200
14758,606600
14759,601800
14760,603500
14761,587200
14762,605600
14763,607800
14764,599300
14765,592500
14766,607700
14767,594200
14768,593700
14769,597700
14770,593200
14771,595300
14772,594200
14773,618200
14774,592800
14775,594300
14776,589000
14777,594600
14778,596200
14779,590800
14780,589500
14781,594100
14782,581100
14783,663500
14784,597900
14785,610500
14786,614300
14787,596300
14788,598500
14789,592800
14790,594700
14791,598100
14792,592300
14793,603500
14794,585600
14795,598000
14796,592600
14797,599200
14798,599700
14799,602600
14800,592700
14801,597800
14802,583300
14803,605100
14804,593500
14805,588100
14806,590700
14807,589400
14808,594000
14809,700800
14810,739600
14811,737000
14812,697500
14813,692000
14814,721500
14815,597600
14816,593800
14817,597400
14818,602700
14819,600700
14820,586100
14821,607200
14822,584100
14823,588500
14824,587200
14825,592400
14826,584300
14827,797500
14828,592500
14829,592500
14830,588400
14831,589300
14832,697400
14833,697100
14834,598800
14835,594800
14836,608000
14837,606700
14838,608500
14839,600400
14840,600100
14841,597800
14842,594900
14843,594600
14844,589100
14845,591100
14846,605200
14847,591500
14848,590400
14849,591100
14850,589400
14851,592100
14852,585400
14853,587900
14854,594100
14855,593600
14856,589000
14857,589400
14858,588000
14859,594200
14860,720200
14861,731800
14862,721000
14863,695900
14864,605400
14865,599600
14866,594000
14867,597400
14868,597100
14869,584000
14870,588300
14871,584800
14872,582700
14873,585500
14874,587900
14875,583400
14876,584000
14877,583500
14878,582600
14879,586000
14880,580100
14881,594400
14882,612700
14883,585500
14884,585600
14885,653400
14886,613600
14887,603300
14888,592400
14889,589500
14890,584900
14891,580700
14892,583200
14893,587900
14894,582600
14895,642400
14896,621400
14897,628000
14898,614000
14899,586300
14900,584400
14901,587500
14902,581800
14903,589500
14904,581400
14905,584700
14906,583100
14907,586100
14908,583200
14909,582800
14910,822800
14911,648300
14912,599200
14913,598800
14914,596700
14915,703700
14916,590000
14917,592200
14918,596900
14919,590900
14920,596300
14921,589500
14922,589600
14923,585600
14924,588100
14925,585700
14926,582300
14927,585000
14928,593200
14929,587300
14930,584100
14931,582800
14932,583600
14933,586300
14934,586000
14935,588300
14936,583300
14937,658100
14938,605500
14939,644400
14940,594900
14941,585700
14942,583000
14943,585500
14944,583600
14945,609600
14946,585900
14947,583200
14948,581900
14949,585100
14950,580000
14951,585800
14952,582200
14953,586500
14954,581800
14955,584600
14956,580000
14957,582800
14958,586900
14959,582700
14960,580300
14961,583200
14962,591800
14963,682100
14964,600800
14965,604500
14966,596900
14967,603800
14968,593400
14969,589200
14970,588500
14971,609500
14972,588700
14973,593300
14974,583200
14975,583800
14976,582700
14977,584300
14978,590300
14979,589900
14980,579800
14981,583500
14982,587900
14983,588500
14984,584400
14985,582700
14986,585700
14987,583900
14988,583300
14989,644300
14990,858400
14991,732400
14992,659600
14993,821200
14994,611100
14995,617700
14996,589900
14997,594900
14998,589300
14999,588000
15000,586400
15001,693200
15002,590400
15003,591100
15004,588500
15005,587900
15006,586000
15007,585300
15008,587900
15009,589200
15010,585600
15011,598500
15012,585900
15013,585200
15014,727600
15015,784000
15016,716300
15017,704200
15018,620400
15019,609800
15020,600000
15021,604900
15022,601200
15023,612500
15024,599900
15025,591600
15026,586100
15027,593900
15028,588400
15029,590500
15030,591300
15031,590200
15032,593800
15033,593900
15034,588000
15035,588600
15036,589500
15037,592800
15038,586300
15039,686600
15040,773700
15041,723300
15042,666300
15043,599300
15044,611000
15045,598100
15046,599000
15047,595100
15048,584300
15049,585000
15050,586400
15051,585200
15052,587900
15053,587900
15054,585500
15055,582100
15056,581600
15057,584800
15058,584300
15059,585900
15060,586700
15061,584500
15062,581000
15063,582600
15064,580100
15065,696800
15066,743200
15067,731700
15068,744800
15069,748600
15070,738800
15071,732700
15072,723600
15073,1050000
15074,746500
15075,598100
15076,590500
15077,595500
15078,594800
15079,585100
15080,585800
15081,585300
15082,691500
15083,589000
15084,584300
15085,586100
15086,582800
15087,583700
15088,588200
15089,625700
15090,589200
15091,619100
15092,593900
15093,594500
15094,585500
15095,586300
15096,585300
15097,580100
15098,5513800
15099,582900
15100,590700
15101,590600
15102,600800
15103,584100
15104,582300
15105,580700
15106,583900
15107,631200
15108,597200
15109,620100
15110,592100
15111,591200
15112,589800
15113,586400
15114,589600
15115,581400
15116,580300
15117,577700
15118,582500
15119,585400
15120,581000
15121,579000
15122,583900
15123,580300
15124,583300
15125,583800
15126,582900
15127,583300
15128,584500
15129,582000
15130,587300
15131,584500
15132,584500
15133,617100
15134,768300
15135,719500
15136,628500
15137,606600
15138,614300
15139,617700
15140,608200
15141,600800
15142,602900
15143,611600
15144,600400
15145,612800
15146,608500
15147,858300
15148,614200
15149,599200
15150,594500
15151,595300
15152,601900
15153,599300
15154,602300
15155,587700
15156,605100
15157,599500
15158,799000
15159,825400
15160,720100
15161,607600
15162,597300
15163,622000
15164,595000
15165,592600
15166,600100
15167,588100
15168,603300
15169,591400
15170,593600
15171,591200
15172,608400
15173,592000
15174,595600
15175,592200
15176,597500
15177,597900
15178,599600
15179,584100
15180,605500
15181,590700
15182,609500
15183,732600
15184,762400
15185,716600
15186,626700
15187,631700
15188,633900
15189,627500
15190,625100
15191,615800
15192,626900
15193,621800
15194,620400
15195,619000
15196,615800
15197,613500
15198,612800
15199,612500
15200,621400
15201,632600
15202,632600
15203,614300
15204,610700
15205,613900
15206,619200
15207,663000
15208,741000
15209,729200
15210,686600
15211,592600
15212,595900
15213,593000
15214,601600
15215,598700
15216,592200
15217,587000
15218,588100
15219,595900
15220,584200
15221,592700
15222,589900
15223,584400
15224,580400
15225,584800
15226,580000
15227,581400
15228,825700
15229,584400
15230,592500
15231,582900
15232,584800
15233,5579000
15234,1014700
15235,667800
15236,612600
15237,608700
15238,609700
15239,605300
15240,605600
15241,603400
15242,592700
15243,589400
15244,591300
15245,586600
15246,611000
15247,589400
15248,593200
15249,629100
15250,790000
15251,759600
15252,694300
15253,606400
15254,613800
15255,593200
15256,612500
15257,600400
15258,603300
15259,600900
15260,592800
15261,592700
15262,597800
15263,593900
15264,595600
15265,600000
15266,589500
15267,606300
15268,597500
15269,596500
15270,610800
15271,592000
15272,584600
15273,606000
15274,589900
15275,665400
15276,737500
15277,5997800
15278,643500
15279,615900
15280,686900
15281,652000
15282,600800
15283,598000
15284,597000
15285,602400
15286,592800
15287,602100
15288,591000
15289,582800
15290,585800
15291,888700
15292,780800
15293,747000
15294,712800
15295,632500
15296,612700
15297,607800
15298,596200
15299,694500
15300,846200
15301,847100
15302,856600
15303,843600
15304,861100
15305,1020400
15306,885600
15307,834300
15308,663400
15309,615900
15310,633400
15311,742900
15312,751800
15313,836000
15314,755500
15315,726400
15316,669200
15317,607900
15318,612300
15319,608700
15320,603400
15321,599700
15322,595400
15323,602300
15324,595700
15325,594100
15326,592300
15327,599600
15328,594900
15329,603300
15330,595500
15331,594900
15332,595100
15333,604400
15334,601900
15335,599600
15336,619200
15337,589900
15338,603000
15339,597600
15340,692000
15341,678000
15342,654600
15343,632300
15344,628500
15345,625700
15346,635600
15347,651400
15348,635600
15349,627100
15350,625900
15351,620400
15352,627500
15353,626100
15354,617800
15355,664700
15356,614700
15357,610000
15358,613900
15359,617700
15360,614700
15361,861900
15362,917000
15363,613700
15364,634400
15365,627700
15366,866500
15367,626600
15368,651400
15369,611600
15370,615000
15371,612100
15372,614800
15373,611300
15374,617500
15375,617300
15376,611500
15377,614800
15378,613500
15379,619100
15380,613800
15381,609400
15382,611700
15383,621800
15384,855700
15385,829800
15386,719900
15387,692200
15388,686800
15389,599900
15390,598500
15391,593400
15392,602500
15393,599800
15394,635800
15395,602100
15396,590300
15397,585400
15398,587100
15399,595500
15400,586000
15401,583400
15402,584900
15403,582500
15404,584900
15405,584700
15406,585500
15407,583800
15408,587200
15409,734500
15410,756000
15411,901100
15412,760800
15413,698600
15414,629500
15415,596600
15416,599500
15417,598100
15418,595200
15419,593000
15420,593800
15421,602000
15422,590600
15423,593200
15424,582800
15425,584200
15426,581500
15427,583300
15428,583800
15429,582300
15430,581500
15431,594500
15432,581300
15433,586700
15434,581700
15435,635200
15436,588400
15437,591800
15438,609200
15439,601200
15440,587100
15441,588100
15442,589100
15443,589100
15444,585600
15445,588200
15446,835600
15447,593300
15448,605200
15449,589700
15450,586900
15451,593200
15452,590600
15453,589600
15454,591400
15455,592400
15456,587200
15457,589600
15458,589100
15459,587600
15460,586500
15461,611100
15462,781400
15463,758000
15464,646200
15465,620100
15466,722400
15467,615200
15468,609100
15469,600700
15470,585700
15471,615000
15472,602300
15473,599200
15474,589300
15475,597300
15476,599200
15477,584400
15478,602300
15479,589200
15480,593000
15481,597200
15482,592700
15483,586200
15484,607900
15485,592200
15486,840900
15487,1038500
15488,741700
15489,758000
15490,690300
15491,626600
15492,623600
15493,632600
15494,624400
15495,632200
15496,611600
15497,613600
15498,613200
15499,613300
15500,612700
15501,615000
15502,611400
15503,614200
15504,612100
15505,609200
15506,609200
15507,611900
15508,609900
15509,701400
15510,844300
15511,724600
15512,651700
15513,595700
15514,598200
15515,597900
15516,595000
15517,603300
15518,600900
15519,605400
15520,595100
15521,583900
15522,582300
15523,587000
15524,582100
15525,804100
15526,584100
15527,583500
15528,587800
15529,587000
15530,584200
15531,584000
15532,581500
15533,583900
15534,659000
15535,737600
15536,692600
15537,700800
15538,644300
15539,596800
15540,595200
15541,594600
15542,595400
15543,606400
15544,602000
15545,590500
15546,582800
15547,693700
15548,591700
15549,586100
15550,598200
15551,586900
15552,583200
15553,588600
15554,583700
15555,591200
15556,587100
15557,588100
15558,584100
15559,585900
15560,651000
15561,640700
15562,793100
15563,672100
15564,651900
15565,640200
15566,635400
15567,620300
15568,622200
15569,620200
15570,613700
15571,615800
15572,613900
15573,614700
15574,613100
15575,624300
15576,611400
15577,609800
15578,617300
15579,613600
15580,613000
15581,613400
15582,610100
15583,614600
15584,686000
15585,631700
15586,628300
15587,619000
15588,617900
15589,618000
15590,616300
15591,625000
15592,619800
15593,612600
15594,635900
15595,616400
15596,615400
15597,611400
15598,613500
15599,612700
15600,611200
15601,611600
15602,609500
15603,610500
15604,609700
15605,610300
15606,810500
15607,627200
15608,614000
15609,760900
15610,838600
15611,724000
15612,642100
15613,639300
15614,622800
15615,621300
15616,617600
15617,615700
15618,622100
15619,611700
15620,617500
15621,615600
15622,617000
15623,615800
15624,613400
15625,609300
15626,611700
15627,611900
15628,745300
15629,619500
15630,613400
15631,613500
15632,613100
15633,786300
15634,627000
15635,653400
15636,625100
15637,628200
15638,642400
15639,630200
15640,625900
15641,611900
15642,612400
15643,612200
15644,610700
15645,612000
15646,622400
15647,613300
15648,610900
15649,611400
15650,609000
15651,614400
15652,609800
15653,612000
15654,611200
15655,627700
15656,614500
15657,611900
15658,626400
15659,828300
15660,858900
15661,812600
15662,653300
15663,622900
15664,600800
15665,604100
15666,603600
15667,600400
15668,602600
15669,593000
15670,595000
15671,593500
15672,588500
15673,597600
15674,596500
15675,594000
15676,597000
15677,583000
15678,611600
15679,591800
15680,590200
15681,592800
15682,590400
15683,595100
15684,629200
15685,886800
15686,776100
15687,662600
15688,637500
15689,631800
15690,630000
15691,630300
15692,629200
15693,637900
15694,630500
15695,626300
15696,624600
15697,614700
15698,616200
15699,617500
15700,612300
15701,613800
15702,622200
15703,619000
15704,615600
15705,616200
15706,614500
15707,612300
15708,802600
15709,5029000
15710,748800
15711,705700
15712,666600
15713,597300
15714,593900
15715,590300
15716,591600
15717,593600
15718,591900
15719,592300
15720,589900
15721,591000
15722,592400
15723,582500
15724,581700
15725,619900
15726,771300
15727,798900
15728,695400
15729,610400
15730,604500
15731,602300
15732,602300
15733,609600
15734,594200
15735,617100
15736,584500
15737,604700
15738,594200
15739,599300
15740,600400
15741,589700
15742,591700
15743,601100
15744,589000
15745,589900
15746,598800
15747,590500
15748,599500
15749,593400
15750,588600
15751,866100
15752,887600
15753,626700
15754,608100
15755,620100
15756,830200
15757,613200
15758,606700
15759,593100
15760,598100
15761,597800
15762,590500
15763,604500
15764,593500
15765,596200
15766,591000
15767,594600
15768,599200
15769,599500
15770,594100
15771,598400
15772,583300
15773,617200
15774,590900
15775,701400
15776,607400
15777,641300
15778,600400
15779,606800
15780,614700
15781,601100
15782,608500
15783,594100
15784,703100
15785,587700
15786,610000
15787,592500
15788,586100
15789,602300
15790,589500
15791,601700
15792,591500
15793,591900
15794,596000
15795,589100
15796,588000
15797,603200
15798,588700
15799,592000
15800,608300
15801,638500
15802,662000
15803,754000
15804,639100
15805,628600
15806,617900
15807,628100
15808,615600
15809,616100
15810,611600
15811,613500
15812,612100
15813,617500
15814,613900
15815,613800
15816,612500
15817,613100
15818,613700
15819,613400
15820,611100
15821,614400
15822,614700
15823,619000
15824,621900
15825,619800
15826,848500
15827,949800
15828,747400
15829,701800
15830,598800
15831,604600
15832,594300
15833,601600
15834,590800
15835,593600
15836,594300
15837,851500
15838,587200
15839,586700
15840,582500
15841,589500
15842,582700
15843,588700
15844,579100
15845,582800
15846,588200
15847,601600
15848,585200
15849,589800
15850,637500
15851,589400
15852,588500
15853,595600
15854,596100
15855,593500
15856,607900
15857,596600
15858,591200
15859,584400
15860,584800
15861,584000
15862,584300
15863,587400
15864,589300
15865,586600
15866,587300
15867,691500
15868,592200
15869,585100
15870,585700
15871,585700
15872,586000
15873,593300
15874,584100
15875,580400
15876,627000
15877,588600
15878,660100
15879,757200
15880,740400
15881,646700
15882,628500
15883,631000
15884,630900
15885,627700
15886,617800
15887,617800
15888,620200
15889,613200
15890,611100
15891,612000
15892,612500
15893,612500
15894,611900
15895,611500
15896,616900
15897,630600
15898,612400
15899,611300
15900,612300
15901,828600
15902,942200
15903,756100
15904,709600
15905,672000
15906,598900
15907,604300
15908,600200
15909,600000
15910,597000
15911,597200
15912,605400
15913,599200
15914,596500
15915,590500
15916,588700
15917,802500
15918,590600
15919,589200
15920,609200
15921,583900
15922,589400
15923,587400
15924,586700
15925,645000
15926,597400
15927,759900
15928,611300
15929,599200
15930,598800
15931,590200
15932,593500
15933,592600
15934,589400
15935,592800
15936,595300
15937,589900
15938,586200
15939,589600
15940,587800
15941,587800
15942,588400
15943,586300
15944,585500
15945,605600
15946,592200
15947,587400
15948,691700
15949,587200
15950,621000
15951,635500
15952,828200
15953,759900
15954,769000
15955,635200
15956,628500
15957,625700
15958,624600
15959,625700
15960,625700
15961,610300
15962,611600
15963,612300
15964,611000
15965,611600
15966,611700
15967,612700
15968,630800
15969,610200
15970,622700
15971,615400
15972,613800
15973,613200
15974,612800
15975,811100
15976,931900
15977,699000
15978,687800
15979,687100
15980,652000
15981,587400
15982,582600
15983,583300
15984,587200
15985,583300
15986,582100
15987,580100
15988,584900
15989,583500
15990,583100
15991,580800
15992,602200
15993,584100
15994,583500
15995,579700
15996,584500
15997,580200
15998,797700
15999,710400
16000,613600
16001,783700
16002,627600
16003,613500
16004,629800
16005,780500
16006,694300
16007,623600
16008,617100
16009,615000
16010,612100
16011,613500
16012,651700
16013,703400
16014,701700
16015,708000
16016,702200
16017,698700
16018,2019100
16019,678000
16020,735000
16021,840200
16022,803900
16023,640500
16024,641800
16025,760500
16026,624700
16027,5365600
16028,626700
16029,623600
16030,627300
16031,624400
16032,617600
16033,628900
16034,615200
16035,618400
16036,740400
16037,851900
16038,736500
16039,710900
16040,649500
16041,607200
16042,600100
16043,598800
16044,597000
16045,594100
16046,592900
16047,593200
16048,596100
16049,586000
16050,582500
16051,589400
16052,582500
16053,585800
16054,581700
16055,582000
16056,579500
16057,581000
16058,585900
16059,580700
16060,589000
16061,612300
16062,644900
16063,858900
16064,791400
16065,1155500
16066,638700
16067,629600
16068,631600
16069,638600
16070,629400
16071,620300
16072,619300
16073,623700
16074,626600
16075,618500
16076,610100
16077,610500
16078,610800
16079,613700
16080,615000
16081,610300
16082,616000
16083,611800
16084,608300
16085,771300
16086,814900
16087,705100
16088,623400
16089,627000
16090,630000
16091,615800
16092,610600
16093,614200
16094,610000
16095,607900
16096,616000
16097,733100
16098,621300
16099,613800
16100,611200
16101,609400
16102,610600
16103,611500
16104,616100
16105,611000
16106,610100
16107,609900
16108,611000
16109,755600
16110,5632500
16111,787800
16112,718700
16113,1128800
16114,995600
16115,976800
16116,743400
16117,642900
16118,615800
16119,605700
16120,604800
16121,601200
16122,602300
16123,607900
16124,673200
16125,607900
16126,608000
16127,581900
16128,605400
16129,577900
16130,596800
16131,2088600
16132,1031400
16133,650800
16134,634900
16135,628400
16136,624000
16137,618800
16138,622700
16139,613500
16140,618700
16141,621500
16142,612100
16143,616300
16144,615000
16145,618600
16146,658400
16147,5414100
16148,607900
16149,616700
16150,607800
16151,607400
16152,601300
16153,607000
16154,592800
16155,607500
16156,594400
16157,733000
16158,603500
16159,596400
16160,594700
16161,600500
16162,591100
16163,599700
16164,731700
16165,816500
16166,740700
16167,636800
16168,646600
16169,605500
16170,593300
16171,612100
16172,599700
16173,640700
16174,606800
16175,620700
16176,603000
16177,700100
16178,702400
16179,672300
16180,662200
16181,625100
16182,605600
16183,601200
16184,611700
16185,606300
16186,615600
16187,615300
16188,771300
16189,750500
16190,703900
16191,608000
16192,603400
16193,608400
16194,607100
16195,607100
16196,590400
16197,618300
16198,594000
16199,598400
16200,594000
16201,588900
16202,915300
16203,599300
16204,606000
16205,593100
16206,591700
16207,602100
16208,593800
16209,589200
16210,604100
16211,590300
16212,592300
16213,656400
16214,592100
16215,602100
16216,592000
16217,593800
16218,592100
16219,597600
16220,597100
16221,589700
16222,598600
16223,604900
16224,589200
16225,589000
16226,588600
16227,588000
16228,587400
16229,589400
16230,586100
16231,585400
16232,585000
16233,588400
16234,587800
16235,587900
16236,580500
16237,580500
16238,582900
16239,798300
16240,928700
16241,741400
16242,733600
16243,624300
16244,630700
16245,622000
16246,615300
16247,611100
16248,618200
16249,613700
16250,614500
16251,614300
16252,618000
16253,612900
16254,613700
16255,608400
16256,613000
16257,608100
16258,613200
16259,610000
16260,610800
16261,610200
16262,610900
16263,731600
16264,815900
16265,815400
16266,647300
16267,638700
16268,632700
16269,617400
16270,612500
16271,610900
16272,614200
16273,612900
16274,630300
16275,610600
16276,609900
16277,609700
16278,614500
16279,610100
16280,610400
16281,609200
16282,925000
16283,621900
16284,637400
16285,612500
16286,613600
16287,785000
16288,829300
16289,701600
16290,638600
16291,626400
16292,640900
16293,634900
16294,625200
16295,622400
16296,618000
16297,621100
16298,618600
16299,615500
16300,613600
16301,616300
16302,615900
16303,617400
16304,615200
16305,615800
16306,608400
16307,617900
16308,653700
16309,620400
16310,611800
16311,712300
16312,815100
16313,779000
16314,657200
16315,644600
16316,624100
16317,620800
16318,727300
16319,618100
16320,620000
16321,613000
16322,614100
16323,615800
16324,611500
16325,610500
16326,613500
16327,614200
16328,614200
16329,616700
16330,615000
16331,613200
16332,611200
16333,613400
16334,612600
16335,613700
16336,725400
16337,824100
16338,791200
16339,660100
16340,631500
16341,621100
16342,618100
16343,611800
16344,614000
16345,623700
16346,614900
16347,629600
16348,619000
16349,616900
16350,612000
16351,613500
16352,610700
16353,617100
16354,615100
16355,612800
16356,614600
16357,612400
16358,613000
16359,613200
16360,894900
16361,630200
16362,642100
16363,628100
16364,636300
16365,627300
16366,632100
16367,621300
16368,621600
16369,618800
16370,612900
16371,613500
16372,613400
16373,616000
16374,615600
16375,613100
16376,617100
16377,614800
16378,615500
16379,613600
16380,611500
16381,608800
16382,609800
16383,613600
16384,612400
16385,768000
16386,646700
16387,648800
16388,620800
16389,611900
16390,612800
16391,612000
16392,614100
16393,617500
16394,611200
16395,611200
16396,610800
16397,612700
16398,615400
16399,612800
16400,715900
16401,617200
16402,611800
16403,616000
16404,612600
16405,609600
16406,610000
16407,607300
16408,612700
16409,619200
16410,767700
16411,824700
16412,758400
16413,661100
16414,633700
16415,624700
16416,616500
16417,616200
16418,616200
16419,623300
16420,614700
16421,611200
16422,610700
16423,610000
16424,616800
16425,615500
16426,614200
16427,610600
16428,615500
16429,611400
16430,611500
16431,609800
16432,608500
16433,612900
16434,737700
16435,613500
16436,693800
16437,616600
16438,627700
16439,889100
16440,642700
16441,634900
16442,612200
16443,613100
16444,614500
16445,613200
16446,611200
16447,609700
16448,614300
16449,610900
16450,612200
16451,610000
16452,614100
16453,612800
16454,611600
16455,609500
16456,621300
16457,626700
16458,612300
16459,800300
16460,939700
16461,741600
16462,710900
16463,700000
16464,602200
16465,602400
16466,597500
16467,599700
16468,601300
16469,583100
16470,583500
16471,584600
16472,592300
16473,583500
16474,588000
16475,581800
16476,586200
16477,588700
16478,586000
16479,749600
16480,596300
16481,599800
16482,601900
16483,706500
16484,609100
16485,773200
16486,652700
16487,629100
16488,621200
16489,606400
16490,605500
16491,609600
16492,603300
16493,601100
16494,611700
16495,604000
16496,606600
16497,598100
16498,602700
16499,601600
16500,599800
16501,598700
16502,600400
16503,601400
16504,607100
16505,616900
16506,600800
16507,599400
16508,713200
16509,6320000
16510,1135500
16511,740000
16512,655200
16513,624000
16514,611400
16515,611700
16516,618600
16517,621700
16518,618200
16519,591900
16520,629500
16521,600400
16522,599700
16523,637200
16524,593400
16525,645600
16526,617900
16527,603800
16528,609600
16529,602700
16530,600900
16531,600400
16532,589400
16533,613500
16534,608600
16535,590700
16536,610300
16537,591300
16538,597100
16539,596500
16540,590000
16541,602400
16542,592000
16543,617200
16544,598900
16545,598100
16546,597100
16547,593000
16548,599500
16549,585300
16550,662000
16551,885100
16552,753800
16553,646000
16554,640500
16555,634900
16556,631300
16557,637000
16558,626400
16559,622200
16560,622500
16561,615500
16562,616900
16563,618900
16564,617800
16565,614600
16566,613600
16567,623600
16568,617800
16569,614100
16570,615500
16571,614000
16572,614600
16573,612800
16574,795000
16575,827500
16576,689400
16577,636200
16578,634600
16579,641300
16580,625000
16581,631900
16582,633600
16583,617600
16584,628400
16585,617600
16586,619600
16587,627300
16588,882100
16589,665600
16590,648000
16591,625900
16592,625500
16593,619000
16594,614500
16595,609900
16596,614200
16597,611200
16598,873900
16599,944300
16600,723400
16601,704400
16602,618400
16603,592900
16604,631500
16605,614100
16606,605500
16607,605300
16608,585700
16609,602400
16610,592400
16611,615000
16612,593800
16613,612800
16614,589500
16615,610100
16616,602300
16617,590600
16618,588700
16619,603300
16620,592900
16621,646500
16622,627700
16623,736900
16624,741700
16625,708400
16626,707800
16627,640500
16628,591300
16629,588400
16630,589200
16631,706500
16632,594200
16633,590500
16634,594400
16635,591100
16636,583300
16637,598600
16638,584500
16639,580700
16640,582500
16641,583700
16642,584400
16643,585300
16644,587100
16645,579500
16646,583200
16647,622900
16648,624700
16649,775800
16650,632300
16651,611500
16652,603800
16653,598400
16654,598800
16655,591500
16656,593500
16657,591800
16658,594400
16659,601300
16660,597300
16661,588700
16662,605600
16663,591700
16664,599000
16665,591900
16666,590000
16667,803300
16668,595800
16669,589300
16670,590600
16671,586100
16672,588800
16673,620000
16674,627300
16675,783900
16676,737900
16677,722900
16678,623000
16679,608200
16680,608600
16681,599900
16682,598100
16683,585000
16684,609800
16685,597000
16686,607300
16687,591800
16688,596900
16689,598500
16690,591900
16691,600100
16692,584800
16693,605100
16694,607200
16695,605800
16696,607100
16697,592000
16698,809900
16699,927600
16700,767900
16701,707000
16702,694100
16703,623200
16704,598600
16705,595500
16706,602100
16707,597600
16708,601100
16709,603500
16710,593200
16711,586100
16712,688600
16713,592700
16714,586300
16715,585000
16716,584800
16717,586500
16718,586900
16719,583200
16720,586500
16721,584200
16722,737600
16723,748600
16724,755400
16725,702600
16726,609300
16727,617600
16728,609000
16729,602500
16730,602000
16731,603500
16732,606400
16733,610800
16734,593100
16735,598500
16736,590600
16737,593000
16738,591100
16739,635500
16740,611800
16741,594400
16742,596600
16743,584900
16744,601800
16745,599500
16746,586800
16747,1006500
16748,1052200
16749,744400
16750,719800
16751,691600
16752,613100
16753,599000
16754,597300
16755,594700
16756,615100
16757,595500
16758,596800
16759,585300
16760,589300
16761,585400
16762,585800
16763,584100
16764,586400
16765,593600
16766,587400
16767,584300
16768,587300
16769,590600
16770,585100
16771,583300
16772,804600
16773,755300
16774,727500
16775,629700
16776,605100
16777,611000
16778,659100
16779,610200
16780,622400
16781,615800
16782,602800
16783,601200
16784,608300
16785,591900
16786,603700
16787,582900
16788,603200
16789,605200
16790,583700
16791,598900
16792,589300
16793,594500
16794,584900
16795,706600
16796,596000
16797,755700
16798,824800
16799,673600
16800,626600
16801,627900
16802,609800
16803,601100
16804,620500
16805,592500
16806,585500
16807,605900
16808,591200
16809,596700
16810,601900
16811,591600
16812,595000
16813,593700
16814,593600
16815,599300
16816,591500
16817,590700
16818,593700
16819,607400
16820,599600
16821,590800
16822,703300
16823,730000
16824,705900
16825,797800
16826,856400
16827,609400
16828,616200
16829,593500
16830,590500
16831,590400
16832,591900
16833,595100
16834,599000
16835,600100
16836,599900
16837,607700
16838,638300
16839,611000
16840,596800
16841,643000
16842,601000
16843,588900
16844,588300
16845,585900
16846,614500
16847,589700
16848,586900
16849,594000
16850,594800
16851,587800
16852,588300
16853,589300
16854,604700
16855,588100
16856,588000
16857,585700
16858,590400
16859,583700
16860,584000
16861,583700
16862,587100
16863,584800
16864,582100
16865,586800
16866,585100
16867,587400
16868,585000
16869,585100
16870,596100
16871,586000
16872,585200
16873,719300
16874,593800
16875,598900
16876,613300
16877,715700
16878,603400
16879,608100
16880,594200
16881,594200
16882,587200
16883,592400
16884,588500
16885,590700
16886,586900
16887,588500
16888,590000
16889,590300
16890,589300
16891,603300
16892,592000
16893,590800
16894,589300
16895,591500
16896,588400
16897,593000
16898,593200
16899,616600
16900,801800
16901,814100
16902,711300
16903,658900
16904,619200
16905,628200
16906,616200
16907,616800
16908,835300
16909,628300
16910,646100
16911,617200
16912,5655200
16913,620500
16914,624400
16915,857100
16916,1016300
16917,648900
16918,827500
16919,670100
16920,631200
16921,625300
16922,622300
16923,625900
16924,620300
16925,621900
16926,620100
16927,619400
16928,619200
16929,621300
16930,618800
16931,619000
16932,642000
16933,623900
16934,625000
16935,622500
16936,621400
16937,625900
16938,717500
16939,830100
16940,748600
16941,633900
16942,632000
16943,624900
16944,625100
16945,620600
16946,636000
16947,621100
16948,732700
16949,626600
16950,623000
16951,618200
16952,619600
16953,618500
16954,614600
16955,616000
16956,626900
16957,617400
16958,612800
16959,613000
16960,653700
16961,622300
16962,702100
16963,882200
16964,743900
16965,714100
16966,695500
16967,686800
16968,680000
16969,614600
16970,599800
16971,596000
16972,592400
16973,594200
16974,593100
16975,601800
16976,600600
16977,837600
16978,587100
16979,583800
16980,584800
16981,584700
16982,584900
16983,584100
16984,583000
16985,582900
16986,656400
16987,622900
16988,679800
16989,5485000
16990,755600
16991,700400
16992,630500
16993,625900
16994,628700
16995,624900
16996,620500
16997,626800
16998,617700
16999,614900
17000,627100
17001,639000
17002,620700
17003,788100
17004,820400
17005,704700
17006,627300
17007,620900
17008,629100
17009,613300
17010,615700
17011,618800
17012,618000
17013,614100
17014,612500
17015,609600
17016,608000
17017,606200
17018,620300
17019,610000
17020,718800
17021,613800
17022,609300
17023,610800
17024,609900
17025,618600
17026,643500
17027,617700
17028,739400
17029,810400
17030,774900
17031,629500
17032,616900
17033,622900
17034,613800
17035,612200
17036,615400
17037,613100
17038,612300
17039,609100
17040,612200
17041,612000
17042,612100
17043,612300
17044,621800
17045,611700
17046,612300
17047,608100
17048,871900
17049,651500
17050,634500
17051,615200
17052,752100
17053,816400
17054,749800
17055,640200
17056,630600
17057,618600
17058,5417100
17059,609700
17060,621200
17061,618800
17062,622300
17063,627100
17064,614300
17065,618800
17066,614700
17067,614000
17068,617900
17069,848600
17070,928900
17071,747900
17072,721500
17073,659700
17074,596200
17075,596000
17076,599500
17077,592800
17078,604300
17079,592800
17080,591700
17081,584200
17082,583500
17083,586100
17084,584900
17085,581100
17086,583700
17087,584200
17088,584400
17089,601200
17090,583700
17091,584500
17092,581800
17093,733300
17094,595900
17095,605700
17096,582100
17097,582200
17098,584900
17099,587300
17100,583400
17101,580900
17102,582900
17103,582800
17104,582600
17105,579800
17106,583000
17107,580200
17108,581200
17109,581100
17110,577700
17111,579700
17112,581400
17113,587000
17114,598700
17115,584400
17116,583000
17117,579800
17118,582700
17119,575800
17120,1126500
17121,755400
17122,733200
17123,644600
17124,629900
17125,626500
17126,638300
17127,850000
17128,700900
17129,643400
17130,637100
17131,624900
17132,622200
17133,621600
17134,632200
17135,620500
17136,627900
17137,625200
17138,655000
17139,617900
17140,624900
17141,643100
17142,618600
17143,835200
17144,946100
17145,627700
17146,662100
17147,640900
17148,635900
17149,618100
17150,615600
17151,629700
17152,619500
17153,624500
17154,616800
17155,614900
17156,611900
17157,615800
17158,616100
17159,614100
17160,620700
17161,615300
17162,614400
17163,618100
17164,615800
17165,613600
17166,616700
17167,689500
17168,668900
17169,781700
17170,704600
17171,603200
17172,770100
17173,603800
17174,601900
17175,598900
17176,600600
17177,608200
17178,598700
17179,599700
17180,583500
17181,608700
17182,600100
17183,596600
17184,607400
17185,592800
17186,599300
17187,597400
17188,599500
17189,596500
17190,589500
17191,596000
17192,632000
17193,592500
17194,645200
17195,602200
17196,596000
17197,600100
17198,825500
17199,610000
17200,600000
17201,593500
17202,595900
17203,595800
17204,598600
17205,591100
17206,591200
17207,593000
17208,591600
17209,606800
17210,596900
17211,590500
17212,594300
17213,586000
17214,599700
17215,603100
17216,599100
17217,674400
17218,774700
17219,739600
17220,783000
17221,748400
17222,675100
17223,634900
17224,637900
17225,641500
17226,625000
17227,614000
17228,622200
17229,619800
17230,618900
17231,621800
17232,623600
17233,616700
17234,614800
17235,610600
17236,610700
17237,622700
17238,613900
17239,610300
17240,610300
17241,610700
17242,786200
17243,823900
17244,675300
17245,632000
17246,621700
17247,614200
17248,616400
17249,611500
17250,615000
17251,608200
17252,619200
17253,612300
17254,717600
17255,612300
17256,629200
17257,617400
17258,612700
17259,613600
17260,612300
17261,611100
17262,609500
17263,618300
17264,611500
17265,609900
17266,701800
17267,856600
17268,626300
17269,629700
17270,621700
17271,614600
17272,616100
17273,613400
17274,614900
17275,610900
17276,612400
17277,841800
17278,624100
17279,614400
17280,621400
17281,613500
17282,613700
17283,614200
17284,613800
17285,618400
17286,614000
17287,607400
17288,614000
17289,610200
17290,612800
17291,856300
17292,944500
17293,759600
17294,640200
17295,614600
17296,613500
17297,605400
17298,601500
17299,596200
17300,602800
17301,597700
17302,619200
17303,584900
17304,609000
17305,605900
17306,598100
17307,583200
17308,620400
17309,595900
17310,596800
17311,591800
17312,594200
17313,597900
17314,587800
17315,655100
17316,596200
17317,616500
17318,591800
17319,593200
17320,582700
17321,604300
17322,592600
17323,591900
17324,595700
17325,595100
17326,594600
17327,619200
17328,598100
17329,591100
17330,591600
17331,589200
17332,601500
17333,595800
17334,592000
17335,693600
17336,599900
17337,582100
17338,614900
17339,592400
17340,585100
17341,689900
17342,610800
17343,624700
17344,610400
17345,612000
17346,597400
17347,612900
17348,603200
17349,593800
17350,600000
17351,593900
17352,630300
17353,585700
17354,606700
17355,599400
17356,598500
17357,868000
17358,609900
17359,622100
17360,606000
17361,602800
17362,606000
17363,601400
17364,613400
17365,593400
17366,689500
17367,837700
17368,752700
17369,618900
17370,607900
17371,603400
17372,592300
17373,602900
17374,598600
17375,621000
17376,608900
17377,607400
17378,614400
17379,603800
17380,606400
17381,592500
17382,593000
17383,595500
17384,596700
17385,585000
17386,602000
17387,589100
17388,592600
17389,599500
17390,592600
17391,673700
17392,601900
17393,607800
17394,610800
17395,600400
17396,594400
17397,599400
17398,591900
17399,606000
17400,600600
17401,593300
17402,583500
17403,617400
17404,600800
17405,584200
17406,600100
17407,590900
17408,598600
17409,602300
17410,589700
17411,596400
17412,589100
17413,592100
17414,599900
17415,591500
17416,596200
17417,638600
17418,599900
17419,630000
17420,723300
17421,607300
17422,588100
17423,609600
17424,594800
17425,604300
17426,602100
17427,593100
17428,601800
17429,587500
17430,596300
17431,590700
17432,588200
17433,604500
17434,591100
17435,586900
17436,603000
17437,593000
17438,601800
17439,850400
17440,593300
17441,605200
17442,584600
17443,679800
17444,603900
17445,620100
17446,594400
17447,604600
17448,611200
17449,605500
17450,630700
17451,598500
17452,600200
17453,592300
17454,595700
17455,599900
17456,588200
17457,593300
17458,591600
17459,593000
17460,592100
17461,601800
17462,587800
17463,598800
17464,588800
17465,588800
17466,601000
17467,589700
17468,583000
17469,725500
17470,775600
17471,737300
17472,777600
17473,604800
17474,608700
17475,605400
17476,598100
17477,600900
17478,602500
17479,598700
17480,599300
17481,587500
17482,589500
17483,589500
17484,586300
17485,597300
17486,585500
17487,592300
17488,583800
17489,584900
17490,582800
17491,592300
17492,589900
17493,587300
17494,656300
17495,598100
17496,613300
17497,591000
17498,589900
17499,612800
17500,585700
17501,588800
17502,696200
17503,592000
17504,586800
17505,598800
17506,583900
17507,587900
17508,582100
17509,589000
17510,582100
17511,588200
17512,585700
17513,582700
17514,580600
17515,584200
17516,583000
17517,585000
17518,583800
17519,580400
17520,676100
17521,5456400
17522,779400
17523,685500
17524,732000
17525,729000
17526,622600
17527,620600
17528,616100
17529,618100
17530,613500
17531,631800
17532,617300
17533,620400
17534,619000
17535,616600
17536,611000
17537,827100
17538,967000
17539,640400
17540,638900
17541,625800
17542,621300
17543,618000
17544,612400
17545,616800
17546,616000
17547,612100
17548,610300
17549,615800
17550,611200
17551,611800
17552,612100
17553,617700
17554,612400
17555,612100
17556,611100
17557,612800
17558,612600
17559,613700
17560,612400
17561,800300
17562,824400
17563,682700
17564,630100
17565,630400
17566,625600
17567,614100
17568,613400
17569,611900
17570,613000
17571,614300
17572,610900
17573,610400
17574,609900
17575,730000
17576,618700
17577,621300
17578,613100
17579,613500
17580,611700
17581,613000
17582,610200
17583,613500
17584,611900
17585,693500
17586,823300
17587,778200
17588,640600
17589,640000
17590,617000
17591,881600
17592,620000
17593,618900
17594,614800
17595,616600
17596,614500
17597,612600
17598,615600
17599,616200
17600,611700
17601,613100
17602,611800
17603,614500
17604,613600
17605,615800
17606,612900
17607,614300
17608,611700
17609,620300
17610,804500
17611,820600
17612,726400
17613,737300
17614,622900
17615,622600
17616,614200
17617,613500
17618,615700
17619,611600
17620,611700
17621,611100
17622,612800
17623,610300
17624,618300
17625,620700
17626,607000
17627,611800
17628,610200
17629,610100
17630,607900
17631,609900
17632,610000
17633,626900
17634,754300
17635,1157400
17636,738200
17637,901700
17638,950300
17639,906800
17640,653100
17641,623600
17642,618500
17643,620000
17644,614800
17645,614300
17646,616900
17647,612500
17648,613100
17649,614500
17650,613100
17651,614100
17652,611900
17653,721600
17654,650100
17655,625800
17656,669300
17657,853200
17658,712300
17659,697200
17660,684100
17661,594900
17662,600500
17663,607500
17664,602100
17665,600500
17666,586200
17667,861500
17668,597700
17669,592700
17670,594800
17671,585300
17672,588700
17673,589100
17674,586100
17675,589600
17676,581700
17677,587400
17678,598400
17679,589400
17680,586100
17681,735000
17682,734400
17683,657200
17684,606300
17685,611500
17686,605900
17687,595400
17688,594400
17689,593400
17690,596500
17691,594500
17692,593600
17693,593700
17694,591300
17695,593200
17696,592300
17697,591100
17698,589400
17699,592600
17700,590100
17701,605600
17702,592900
17703,604100
17704,592400
17705,593700
17706,590400
17707,618800
17708,979800
17709,5788400
17710,665900
17711,659700
17712,639400
17713,629000
17714,623500
17715,630500
17716,625800
17717,621500
17718,627600
17719,614100
17720,621400
17721,618200
17722,615400
17723,684300
17724,751300
17725,722500
17726,786100
17727,621700
17728,608700
17729,634800
17730,614000
17731,621300
17732,615700
17733,613600
17734,607300
17735,616800
17736,620300
17737,610300
17738,585500
17739,875000
17740,600500
17741,588100
17742,618700
17743,603100
17744,592200
17745,602200
17746,592300
17747,595100
17748,651500
17749,638900
17750,708300
17751,640300
17752,632500
17753,633600
17754,626200
17755,628100
17756,639000
17757,614500
17758,614300
17759,615500
17760,612800
17761,617900
17762,612100
17763,618300
17764,612300
17765,619300
17766,611400
17767,615800
17768,611600
17769,614000
17770,609800
17771,614600
17772,613900
17773,837600
17774,931900
17775,741800
17776,705600
17777,699500
17778,608300
17779,596700
17780,590900
17781,599100
17782,596200
17783,594700
17784,583500
17785,585800
17786,583400
17787,585600
17788,583600
17789,588500
17790,614500
17791,589800
17792,581800
17793,583500
17794,580600
17795,582800
17796,584500
17797,717700
17798,765600
17799,714500
17800,748100
17801,722400
17802,631000
17803,609000
17804,605000
17805,609600
17806,708400
17807,603100
17808,604500
17809,594800
17810,597900
17811,593700
17812,5522200
17813,1071200
17814,739600
17815,5913400
17816,736300
17817,667800
17818,631800
17819,615400
17820,619600
17821,599000
17822,600800
17823,588500
17824,614700
17825,607900
17826,607800
17827,608100
17828,614900
17829,866900
17830,925000
17831,622100
17832,614000
17833,593300
17834,599200
17835,587000
17836,603500
17837,602200
17838,587100
17839,601200
17840,603500
17841,593500
17842,599500
17843,611200
17844,594700
17845,595800
17846,590400
17847,596300
17848,597300
17849,590800
17850,597000
17851,593200
17852,583000
17853,646700
17854,846200
17855,738900
17856,729900
17857,739400
17858,738200
17859,739200
17860,733600
17861,753100
17862,842900
17863,641300
17864,601000
17865,626300
17866,596900
17867,609900
17868,604700
17869,711100
17870,606400
17871,593200
17872,598100
17873,594200
17874,593900
17875,599000
17876,591300
17877,879900
17878,1113500
17879,627800
17880,601000
17881,590000
17882,612200
17883,586500
17884,617000
17885,599800
17886,591900
17887,596500
17888,595800
17889,620100
17890,589300
17891,597800
17892,590000
17893,602400
17894,584000
17895,608500
17896,590300
17897,593500
17898,585300
17899,602400
17900,595800
17901,586700
17902,738400
17903,637200
17904,739700
17905,755200
17906,718400
17907,686500
17908,615000
17909,607700
17910,601200
17911,601000
17912,611100
17913,619800
17914,596500
17915,588100
17916,586600
17917,588500
17918,598300
17919,588700
17920,586700
17921,588700
17922,587900
17923,591100
17924,587500
17925,593200
17926,584800
17927,645000
17928,596600
17929,593300
17930,590200
17931,586100
17932,587500
17933,594200
17934,634900
17935,590200
17936,602300
17937,593000
17938,608500
17939,595700
17940,589300
17941,593800
17942,588200
17943,586500
17944,594400
17945,582400
17946,581100
17947,593700
17948,587700
17949,591000
17950,582100
17951,582600
17952,696600
17953,706600
17954,835400
17955,669200
17956,608500
17957,605000
17958,600000
17959,1004500
17960,611300
17961,608000
17962,615700
17963,601300
17964,600400
17965,586100
17966,586700
17967,583800
17968,592200
17969,592200
17970,581700
17971,591000
17972,587900
17973,591900
17974,584700
17975,586100
17976,590700
17977,591100
17978,657000
17979,619600
17980,609500
17981,594100
17982,585600
17983,584600
17984,587300
17985,586700
17986,584700
17987,593300
17988,587400
17989,583300
17990,582800
17991,580700
17992,580400
17993,584800
17994,581900
17995,581000
17996,579600
17997,583500
17998,582900
17999,583200
18000,582200
18001,582400
18002,582500
18003,583700
18004,664300
18005,764700
18006,715800
18007,619100
18008,617300
18009,612200
18010,607800
18011,615300
18012,628300
18013,621300
18014,610700
18015,610600
18016,640600
18017,614100
18018,606300
18019,603300
18020,598000
18021,599300
18022,594300
18023,590700
18024,597500
18025,580700
18026,605200
18027,600100
18028,594900
18029,581900
18030,750200
18031,824600
18032,684700
18033,664400
18034,717900
18035,618400
18036,600900
18037,592800
18038,594600
18039,591700
18040,598500
18041,854800
18042,599100
18043,603300
18044,593200
18045,606300
18046,587400
18047,637800
18048,606000
18049,624900
18050,605400
18051,605600
18052,595500
18053,605300
18054,668200
18055,786100
18056,667900
18057,636200
18058,606000
18059,615500
18060,600700
18061,598700
18062,599800
18063,601000
18064,593000
18065,589000
18066,588900
18067,586600
18068,592500
18069,588300
18070,588500
18071,588800
18072,593400
18073,588000
18074,588200
18075,618900
18076,607700
18077,588800
18078,590900
18079,588200
18080,620900
18081,5398500
18082,746700
18083,721500
18084,632800
18085,604800
18086,597600
18087,592700
18088,593400
18089,589600
18090,583900
18091,581900
18092,585700
18093,582200
18094,587300
18095,580700
18096,581600
18097,580800
18098,769200
18099,747100
18100,748000
18101,705800
18102,613700
18103,601300
18104,603600
18105,593900
18106,619500
18107,592600
18108,712000
18109,600600
18110,603600
18111,590600
18112,593200
18113,585300
18114,911800
18115,632300
18116,606400
18117,601700
18118,626300
18119,610400
18120,613800
18121,598900
18122,708600
18123,622300
18124,617200
18125,610900
18126,593500
18127,596800
18128,600300
18129,597700
18130,2413800
18131,711400
18132,659600
18133,846500
18134,990400
18135,672100
18136,641400
18137,632800
18138,694900
18139,977200
18140,652900
18141,624700
18142,695400
18143,843900
18144,727800
18145,706600
18146,623200
18147,605700
18148,613500
18149,599100
18150,602100
18151,598300
18152,601700
18153,588600
18154,604900
18155,588700
18156,591600
18157,593200
18158,588100
18159,587600
18160,590300
18161,584300
18162,590700
18163,598100
18164,597300
18165,587600
18166,584100
18167,655100
18168,607300
18169,784800
18170,763600
18171,723800
18172,709000
18173,662700
18174,611100
18175,605000
18176,613800
18177,601400
18178,601400
18179,604100
18180,602600
18181,602500
18182,596200
18183,601000
18184,773400
18185,600700
18186,597200
18187,592100
18188,1077700
18189,602400
18190,608900
18191,667600
18192,609000
18193,602700
18194,599000
18195,602800
18196,592600
18197,595100
18198,596000
18199,593700
18200,593000
18201,595400
18202,596300
18203,589200
18204,596100
18205,594600
18206,593600
18207,593500
18208,590800
18209,588700
18210,590500
18211,588500
18212,596500
18213,592600
18214,595200
18215,596500
18216,590000
18217,641200
18218,652200
18219,698800
18220,642100
18221,635900
18222,642700
18223,642200
18224,642600
18225,625300
18226,621700
18227,620400
18228,618400
18229,618800
18230,618700
18231,618900
18232,624400
18233,618900
18234,619700
18235,619000
18236,617900
18237,617600
18238,623900
18239,623300
18240,612100
18241,610200
18242,699200
18243,818600
18244,775800
18245,631700
18246,630900
18247,621400
18248,618200
18249,619900
18250,616100
18251,619300
18252,613600
18253,620200
18254,616100
18255,613800
18256,614400
18257,611600
18258,615100
18259,616500
18260,644900
18261,619700
18262,620800
18263,610400
18264,626100
18265,610800
18266,838200
18267,842600
18268,1177700
18269,695400
18270,690000
18271,613500
18272,600200
18273,596900
18274,601800
18275,600600
18276,594600
18277,583700
18278,587400
18279,584500
18280,586000
18281,591000
18282,589600
18283,588100
18284,584100
18285,582700
18286,601300
18287,583200
18288,584800
18289,587400
18290,588200
18291,616400
18292,601700
18293,603100
18294,598000
18295,589200
18296,598600
18297,603400
18298,598400
18299,601200
18300,584000
18301,586400
18302,585000
18303,589700
18304,587800
18305,589500
18306,591500
18307,582000
18308,584600
18309,585700
18310,591600
18311,601200
18312,584100
18313,635100
18314,586500
18315,637800
18316,641500
18317,664000
18318,752400
18319,742800
18320,710500
18321,605800
18322,603100
18323,617400
18324,600700
18325,600600
18326,598900
18327,597400
18328,609400
18329,605000
18330,598700
18331,599900
18332,595600
18333,607200
18334,580700
18335,609300
18336,591200
18337,609500
18338,596500
18339,591700
18340,593300
18341,583300
18342,690000
18343,612300
18344,638000
18345,604500
18346,594300
18347,593800
18348,701500
18349,834700
18350,600600
18351,596100
18352,597900
18353,595500
18354,584400
18355,608900
18356,606300
18357,590500
18358,642100
18359,845000
18360,824800
18361,831300
18362,851300
18363,853200
18364,861900
18365,931300
18366,670300
18367,670600
18368,692800
18369,642300
18370,637400
18371,649100
18372,624900
18373,622300
18374,624000
18375,626300
18376,625800
18377,627200
18378,638000
18379,646700
18380,629400
18381,630100
18382,618200
18383,620300
18384,618200
18385,618700
18386,616500
18387,620100
18388,806600
18389,838200
18390,719700
18391,629000
18392,625300
18393,625400
18394,630300
18395,633700
18396,627200
18397,625900
18398,630200
18399,617700
18400,614300
18401,614300
18402,613500
18403,628700
18404,612700
18405,614200
18406,613700
18407,611400
18408,612300
18409,612800
18410,610300
18411,617200
18412,664300
18413,619300
18414,630300
18415,622800
18416,610400
18417,612300
18418,625300
18419,615800
18420,610400
18421,613800
18422,610600
18423,611500
18424,612800
18425,886500
18426,752400
18427,634300
18428,614800
18429,614500
18430,611500
18431,618700
18432,610300
18433,614300
18434,614100
18435,614700
18436,611700
18437,843900
18438,992100
18439,745300
18440,711300
18441,701100
18442,683500
18443,590200
18444,594000
18445,631800
18446,603900
18447,595000
18448,585800
18449,589100
18450,603600
18451,584600
18452,585700
18453,583100
18454,582900
18455,582600
18456,581400
18457,580100
18458,582600
18459,584200
18460,583400
18461,649300
18462,589900
18463,602000
18464,594200
18465,662900
18466,707900
18467,709500
18468,620900
18469,617700
18470,620200
18471,617300
18472,619200
18473,614200
18474,622800
18475,616300
18476,614900
18477,612400
18478,615700
18479,613100
18480,611700
18481,611300
18482,613100
18483,610500
18484,612600
18485,750800
18486,623500
18487,695900
18488,688400
18489,626900
18490,598800
18491,602400
18492,591000
18493,593400
18494,587200
18495,606100
18496,596200
18497,583300
18498,607700
18499,603600
18500,601000
18501,591600
18502,592700
18503,598200
18504,586100
18505,810700
18506,597900
18507,702900
18508,598700
18509,597200
18510,583900
18511,774900
18512,874100
18513,783100
18514,749600
18515,639500
18516,630400
18517,625200
18518,627800
18519,626800
18520,615200
18521,621400
18522,627600
18523,616600
18524,611300
18525,612700
18526,611600
18527,613000
18528,612000
18529,617000
18530,610500
18531,630600
18532,611700
18533,612200
18534,610900
18535,611700
18536,702300
18537,692800
18538,761600
18539,614600
18540,611200
18541,621400
18542,620300
18543,598800
18544,587900
18545,605800
18546,611500
18547,608000
18548,590300
18549,596800
18550,597400
18551,583500
18552,603400
18553,600200
18554,599000
18555,599600
18556,599700
18557,592400
18558,596200
18559,588700
18560,596200
18561,587900
18562,672500
18563,617900
18564,615300
18565,607500
18566,607400
18567,593000
18568,599800
18569,592200
18570,592700
18571,604900
18572,599600
18573,602900
18574,583400
18575,601100
18576,595000
18577,597000
18578,599800
18579,588700
18580,592400
18581,594700
18582,590200
18583,598200
18584,592800
18585,814400
18586,600400
18587,675800
18588,717900
18589,714900
18590,727500
18591,709900
18592,642200
18593,599700
18594,595800
18595,620200
18596,606500
18597,596200
18598,588200
18599,588500
18600,588700
18601,588600
18602,587600
18603,587700
18604,609700
18605,587200
18606,591800
18607,586200
18608,586800
18609,587400
18610,583200
18611,595100
18612,584100
18613,633100
18614,729200
18615,647800
18616,614200
18617,604500
18618,596700
18619,595200
18620,611200
18621,594000
18622,588200
18623,594700
18624,592900
18625,593600
18626,588800
18627,595900
18628,590000
18629,593000
18630,592500
18631,586600
18632,587300
18633,588900
18634,587600
18635,589600
18636,592600
18637,589700
18638,727700
18639,761200
18640,772800
18641,692800
18642,603300
18643,621300
18644,598600
18645,602600
18646,607700
18647,599600
18648,599800
18649,590400
18650,605500
18651,594500
18652,596500
18653,601100
18654,591100
18655,592300
18656,580900
18657,609000
18658,592400
18659,588700
18660,601700
18661,593200
18662,599700
18663,670200
18664,777500
18665,613600
18666,812200
18667,644400
18668,609000
18669,609000
18670,595700
18671,697400
18672,603800
18673,591500
18674,616800
18675,592800
18676,607700
18677,592500
18678,592000
18679,594000
18680,590200
18681,599400
18682,594200
18683,592200
18684,592800
18685,594100
18686,590600
18687,598400
18688,585000
18689,814300
18690,724100
18691,707200
18692,733100
18693,628900
18694,589800
18695,596000
18696,590700
18697,590600
18698,595300
18699,592600
18700,590800
18701,589400
18702,584300
18703,590000
18704,587600
18705,588800
18706,585300
18707,585900
18708,589100
18709,586200
18710,614400
18711,588300
18712,585600
18713,588700
18714,694100
18715,646800
18716,769400
18717,775400
18718,644400
18719,665400
18720,629500
18721,622100
18722,614300
18723,617200
18724,614400
18725,613600
18726,612200
18727,627000
18728,614900
18729,614000
18730,609900
18731,5522400
18732,5794600
18733,886100
18734,633200
18735,629700
18736,626700
18737,624400
18738,777200
18739,644400
18740,615600
18741,613700
18742,614900
18743,614200
18744,619200
18745,612000
18746,767100
18747,829400
18748,712200
18749,631100
18750,627700
18751,620600
18752,617300
18753,618300
18754,613100
18755,616800
18756,624400
18757,617000
18758,613300
18759,611400
18760,612300
18761,615300
18762,616000
18763,613500
18764,611800
18765,606600
18766,610100
18767,610800
18768,610600
18769,611000
18770,660200
18771,764300
18772,726500
18773,637200
18774,617000
18775,609900
18776,604500
18777,595200
18778,600800
18779,598800
18780,598900
18781,600600
18782,591100
18783,596700
18784,587100
18785,603000
18786,594600
18787,593100
18788,599800
18789,595000
18790,594200
18791,608400
18792,592000
18793,601900
18794,592800
18795,599400
18796,639000
18797,600700
18798,614400
18799,607600
18800,615400
18801,611300
18802,603300
18803,610600
18804,590900
18805,609200
18806,597600
18807,588100
18808,598200
18809,584100
18810,841800
18811,598600
18812,594800
18813,594700
18814,606800
18815,594400
18816,595300
18817,586000
18818,601900
18819,615300
18820,707600
18821,659100
18822,599400
18823,639300
18824,609500
18825,591300
18826,610200
18827,591200
18828,601400
18829,592100
18830,589200
18831,595900
18832,590700
18833,591200
18834,597500
18835,590000
18836,597100
18837,582300
18838,613200
18839,602000
18840,592700
18841,594600
18842,583100
18843,602900
18844,598800
18845,599100
18846,596900
18847,800300
18848,733500
18849,740600
18850,749700
18851,748600
18852,724600
18853,746900
18854,749000
18855,864800
18856,789300
18857,682200
18858,647400
18859,633100
18860,664400
18861,626200
18862,617800
18863,612900
18864,615500
18865,614800
18866,614300
18867,618000
18868,629000
18869,675600
18870,5774100
18871,673800
18872,650300
18873,637800
18874,622500
18875,627800
18876,630200
18877,626000
18878,618500
18879,614300
18880,865100
18881,655300
18882,626500
18883,622200
18884,614200
18885,691200
18886,746800
18887,722000
18888,627100
18889,614700
18890,591300
18891,738800
18892,610700
18893,601100
18894,594600
18895,602500
18896,592000
18897,604900
18898,602300
18899,601900
18900,600100
18901,594300
18902,592800
18903,585400
18904,609500
18905,601600
18906,588800
18907,613400
18908,592700
18909,595600
18910,669400
18911,855200
18912,730200
18913,698200
18914,690800
18915,621000
18916,599000
18917,599500
18918,605200
18919,605400
18920,596100
18921,588900
18922,589300
18923,601700
18924,587600
18925,588000
18926,586100
18927,588600
18928,590100
18929,591100
18930,608900
18931,585900
18932,591900
18933,602400
18934,586600
18935,590500
18936,719600
18937,746500
18938,736700
18939,683300
18940,606900
18941,600700
18942,602600
18943,592800
18944,619500
18945,618900
18946,603700
18947,604600
18948,597500
18949,611700
18950,598800
18951,587300
18952,607600
18953,587500
18954,605600
18955,597800
18956,593000
18957,592500
18958,596000
18959,624500
18960,843600
18961,633700
18962,608800
18963,613800
18964,601200
18965,608800
18966,594000
18967,595800
18968,598600
18969,606400
18970,599300
18971,582500
18972,605700
18973,597700
18974,707000
18975,588100
18976,607500
18977,601900
18978,615700
18979,598400
18980,589600
18981,591000
18982,597500
18983,593500
18984,582500
18985,608800
18986,590600
18987,684900
18988,819500
18989,654800
18990,676600
18991,591900
18992,603700
18993,607900
18994,590500
18995,630100
18996,591700
18997,590500
18998,603900
18999,590300
19000,582700
19001,604800
19002,589800
19003,609600
19004,598800
19005,592800
19006,592300
19007,592800
19008,588200
19009,605700
19010,588400
19011,591000
19012,644100
19013,595900
19014,597400
19015,599700
19016,597700
19017,578800
19018,594000
19019,601600
19020,1571600
19021,797100
19022,743200
19023,632000
19024,636800
19025,629400
19026,637100
19027,635300
19028,614900
19029,621000
19030,628700
19031,616900
19032,612800
19033,614000
19034,611600
19035,705900
19036,5358500
19037,942500
19038,685500
19039,646300
19040,630900
19041,621500
19042,613400
19043,618100
19044,677300
19045,698300
19046,762900
19047,631600
19048,625300
19049,623600
19050,617000
19051,787500
19052,842100
19053,734700
19054,638600
19055,625200
19056,617100
19057,638300
19058,622200
19059,616600
19060,621000
19061,615800
19062,613600
19063,617800
19064,621900
19065,612200
19066,612300
19067,613100
19068,612500
19069,609300
19070,611200
19071,610800
19072,610500
19073,611300
19074,612000
19075,690000
19076,822700
19077,767400
19078,637400
19079,633200
19080,633600
19081,624800
19082,627600
19083,626000
19084,614000
19085,611000
19086,618000
19087,616500
19088,614900
19089,611600
19090,611700
19091,612600
19092,627600
19093,615200
19094,612300
19095,621600
19096,613600
19097,610700
19098,611300
19099,612500
19100,658500
19101,753300
19102,734000
19103,710000
19104,616100
19105,604400
19106,598500
19107,602300
19108,601600
19109,872000
19110,595700
19111,611700
19112,590800
19113,591300
19114,590200
19115,587100
19116,586100
19117,587100
19118,588400
19119,585700
19120,586000
19121,591400
19122,586700
19123,586300
19124,585100
19125,622300
19126,806200
19127,752800
19128,741500
19129,685400
19130,624600
19131,628200
19132,632100
19133,634800
19134,624700
19135,624100
19136,617400
19137,611000
19138,616400
19139,611900
19140,610000
19141,611200
19142,617800
19143,616300
19144,614400
19145,609300
19146,610900
19147,612400
19148,615900
19149,933900
19150,794100
19151,869900
19152,1015200
19153,704200
19154,845900
19155,638000
19156,637100
19157,637100
19158,617100
19159,615600
19160,613100
19161,614600
19162,615900
19163,617300
19164,613100
19165,614000
19166,611600
19167,613800
19168,612600
19169,615500
19170,610400
19171,616900
19172,857200
19173,950300
19174,749700
19175,733900
19176,754600
19177,665800
19178,607600
19179,604100
19180,612700
19181,595800
19182,601600
19183,591700
19184,586800
19185,862800
19186,594500
19187,591600
19188,589500
19189,590400
19190,587700
19191,587400
19192,586700
19193,588900
19194,588700
19195,665500
19196,617900
19197,786800
19198,654100
19199,634200
19200,637800
19201,627100
19202,613600
19203,626500
19204,732300
19205,619100
19206,611400
19207,614800
19208,613400
19209,615000
19210,612400
19211,612400
19212,614800
19213,619800
19214,610900
19215,613000
19216,613000
19217,612100
19218,611500
19219,622200
19220,779000
19221,833300
19222,672700
19223,638200
19224,635300
19225,622100
19226,614700
19227,620600
19228,614100
19229,616700
19230,616300
19231,619400
19232,613900
19233,617600
19234,620400
19235,618900
19236,622300
19237,632200
19238,624900
19239,620300
19240,608800
19241,610700
19242,609400
19243,614700
19244,612200
19245,768600
19246,814800
19247,721200
19248,633200
19249,624400
19250,624900
19251,622000
19252,611100
19253,615900
19254,612400
19255,614200
19256,611500
19257,611400
19258,612500
19259,611400
19260,612100
19261,622400
19262,609500
19263,613500
19264,866800
19265,621700
19266,625300
19267,616200
19268,615300
19269,784700
19270,820300
19271,717000
19272,632300
19273,629100
19274,632200
19275,626700
19276,624300
19277,611500
19278,618700
19279,620200
19280,612300
19281,624300
19282,611700
19283,618000
19284,720000
19285,615700
19286,612600
19287,610900
19288,613800
19289,610300
19290,608600
19291,610700
19292,619800
19293,787700
19294,868600
19295,730500
19296,703900
19297,719200
19298,605100
19299,599300
19300,595300
19301,608000
19302,599300
19303,596400
19304,589500
19305,591100
19306,587900
19307,589900
19308,592400
19309,597700
19310,586900
19311,586500
19312,588200
19313,595600
19314,587200
19315,587200
19316,588100
19317,589800
19318,626800
19319,588800
19320,586100
19321,783500
19322,731100
19323,625600
19324,613300
19325,607800
19326,586900
19327,609000
19328,594000
19329,604700
19330,599400
19331,596100
19332,603200
19333,599700
19334,600100
19335,594500
19336,598000
19337,601300
19338,592500
19339,586200
19340,609400
19341,597700
19342,598400
19343,618700
19344,1112900
19345,737800
19346,629000
19347,603000
19348,605600
19349,599300
19350,597300
19351,599600
19352,590100
19353,601800
19354,598400
19355,586300
19356,605700
19357,588000
19358,586800
19359,606300
19360,595000
19361,601500
19362,593700
19363,593600
19364,601500
19365,695700
19366,600800
19367,593000
19368,625200
19369,596100
19370,863500
19371,889200
19372,894800
19373,863200
19374,618800
19375,600700
19376,595600
19377,601200
19378,600500
19379,605000
19380,597700
19381,589200
19382,597900
19383,603100
19384,594100
19385,599800
19386,586400
19387,603100
19388,597300
19389,596300
19390,581800
19391,594200
19392,748700
19393,851700
19394,736400
19395,699200
19396,694300
19397,593400
19398,600400
19399,596500
19400,591100
19401,584700
19402,590500
19403,592600
19404,584700
19405,616600
19406,613000
19407,737100
19408,647400
19409,608900
19410,608800
19411,613200
19412,611100
19413,602800
19414,599000
19415,591100
19416,639000
19417,616600
19418,621800
19419,595100
19420,605900
19421,603200
19422,791700
19423,597200
19424,602300
19425,594500
19426,595300
19427,596700
19428,591300
19429,599900
19430,597500
19431,591900
19432,594200
19433,591900
19434,601500
19435,586300
19436,613500
19437,598100
19438,587400
19439,588000
19440,599000
19441,599300
19442,664100
19443,597500
19444,622600
19445,594600
19446,753400
19447,617200
19448,616300
19449,602700
19450,606700
19451,599500
19452,602500
19453,592700
19454,594300
19455,581000
19456,598800
19457,587200
19458,598800
19459,613100
19460,599400
19461,594200
19462,591100
19463,598800
19464,596000
19465,590200
19466,611300
19467,711400
19468,718600
19469,696600
19470,693900
19471,685800
19472,594000
19473,596200
19474,593500
19475,593700
19476,598100
19477,585100
19478,586900
19479,585600
19480,605300
19481,590300
19482,586000
19483,608100
19484,586300
19485,585800
19486,583000
19487,581100
19488,582900
19489,580200
19490,617400
19491,601800
19492,583000
19493,635000
19494,584300
19495,598500
19496,599000
19497,592100
19498,588500
19499,588300
19500,628500
19501,586000
19502,591500
19503,585000
19504,586300
19505,878000
19506,623800
19507,589700
19508,593400
19509,586800
19510,593900
19511,604600
19512,622500
19513,588000
19514,612700
19515,613200
19516,611800
19517,590300
19518,619700
19519,5597800
19520,728300
19521,780200
19522,644300
19523,602600
19524,607900
19525,591200
19526,604200
19527,600500
19528,589400
19529,600300
19530,602800
19531,605100
19532,595100
19533,594200
19534,594800
19535,651000
19536,606100
19537,623700
19538,602800
19539,613000
19540,597100
19541,595000
19542,594000
19543,590700
19544,599800
19545,583600
19546,602500
19547,595100
19548,592000
19549,592300
19550,598100
19551,595300
19552,591600
19553,594200
19554,588000
19555,599800
19556,608100
19557,610300
19558,594900
19559,604600
19560,596600
19561,582100
19562,631300
19563,606000
19564,610700
19565,608700
19566,599400
19567,602000
19568,594300
19569,593300
19570,609100
19571,591300
19572,601500
19573,595000
19574,589800
19575,588300
19576,607100
19577,596700
19578,849800
19579,605100
19580,600500
19581,609700
19582,590200
19583,595900
19584,602000
19585,593200
19586,599100
19587,749600
19588,855800
19589,5670600
19590,640200
19591,628600
19592,619400
19593,611100
19594,598600
19595,605200
19596,603200
19597,711900
19598,599600
19599,591500
19600,592900
19601,588000
19602,608100
19603,600500
19604,651000
19605,594000
19606,613600
19607,607600
19608,596400
19609,606800
19610,589300
19611,599900
19612,605800
19613,603900
19614,601300
19615,587600
19616,601800
19617,607900
19618,587800
19619,601800
19620,589300
19621,605600
19622,601400
19623,593800
19624,590500
19625,726000
19626,722100
19627,725000
19628,725200
19629,726900
19630,725800
19631,723500
19632,727900
19633,663700
19634,599500
19635,628100
19636,605600
19637,606400
19638,606600
19639,590100
19640,599100
19641,595800
19642,592500
19643,600300
19644,593900
19645,604100
19646,593100
19647,598200
19648,581200
19649,596000
19650,860900
19651,589400
19652,603100
19653,809800
19654,5535600
19655,817900
19656,869600
19657,873700
19658,875100
19659,637000
19660,623900
19661,609100
19662,8493000
19663,1006900
19664,724600
19665,618400
19666,610700
19667,606400
19668,608600
19669,605200
19670,600200
19671,805100
19672,734200
19673,612800
19674,601700
19675,592800
19676,594800
19677,591000
19678,598000
19679,603300
19680,624200
19681,599800
19682,598800
19683,595100
19684,596100
19685,591700
19686,593400
19687,593300
19688,5811500
19689,815700
19690,758500
19691,710800
19692,653400
19693,645200
19694,655700
19695,644700
19696,896100
19697,969700
19698,1115900
19699,615900
19700,622900
19701,628500
19702,601200
19703,611700
19704,592000
19705,598900
19706,607500
19707,622400
19708,598200
19709,596900
19710,598200
19711,602100
19712,607600
19713,609400
19714,595200
19715,588500
19716,610000
19717,593300
19718,601200
19719,629400
19720,751200
19721,701900
19722,615900
19723,611000
19724,602400
19725,610400
19726,617900
19727,596100
19728,595500
19729,593900
19730,592200
19731,601700
19732,606600
19733,777400
19734,605800
19735,611300
19736,592700
19737,597700
19738,602500
19739,602100
19740,591400
19741,596000
19742,591400
19743,614700
19744,591200
19745,665300
19746,738100
19747,875300
19748,713200
19749,625200
19750,604600
19751,589600
19752,592700
19753,593800
19754,593300
19755,609600
19756,592000
19757,589500
19758,590200
19759,588100
19760,586600
19761,590300
19762,587000
19763,589600
19764,584500
19765,593200
19766,581700
19767,588100
19768,584400
19769,590900
19770,585000
19771,636900
19772,592400
19773,733400
19774,747400
19775,745100
19776,710800
19777,959800
19778,632900
19779,606300
19780,687900
19781,620100
19782,604100
19783,613700
19784,608300
19785,614400
19786,601500
19787,615600
19788,2172500
19789,630700
19790,712300
19791,646000
19792,827800
19793,861900
19794,637900
19795,610400
19796,620000
19797,617200
19798,606000
19799,618000
19800,626600
19801,620400
19802,598600
19803,611300
19804,601700
19805,593900
19806,610200
19807,594900
19808,589200
19809,607000
19810,598400
19811,762400
19812,611800
19813,601700
19814,604100
19815,610800
19816,603700
19817,672700
19818,611400
19819,621200
19820,603700
19821,601100
19822,620100
19823,604400
19824,593500
19825,602900
19826,618200
19827,598700
19828,585400
19829,611800
19830,592800
19831,602000
19832,596300
19833,595400
19834,599400
19835,589300
19836,601800
19837,595600
19838,584100
19839,614600
19840,587300
19841,586300
19842,611900
19843,703100
19844,827100
19845,731600
19846,718200
19847,716800
19848,678000
19849,587400
19850,591700
19851,588200
19852,589800
19853,861600
19854,604000
19855,588200
19856,585300
19857,588200
19858,587200
19859,589500
19860,587100
19861,591500
19862,592800
19863,607800
19864,594700
19865,612300
19866,616600
19867,728600
19868,768900
19869,836300
19870,726100
19871,741700
19872,600700
19873,604700
19874,597200
19875,601500
19876,595600
19877,591400
19878,590200
19879,590200
19880,588000
19881,591500
19882,590400
19883,602100
19884,586300
19885,588500
19886,658900
19887,599400
19888,592000
19889,590700
19890,587000
19891,589100
19892,586900
19893,749300
19894,811900
19895,763500
19896,642800
19897,608900
19898,607900
19899,604400
19900,612000
19901,589900
19902,600500
19903,606500
19904,587300
19905,610900
19906,595700
19907,597900
19908,586100
19909,601600
19910,593300
19911,598700
19912,594400
19913,601000
19914,591200
19915,588900
19916,599800
19917,583800
19918,633300
19919,601900
19920,609300
19921,605000
19922,626600
19923,611300
19924,610700
19925,627300
19926,610300
19927,609200
19928,603800
19929,589000
19930,598600
19931,595400
19932,591100
19933,596000
19934,865100
19935,601500
19936,598000
19937,589200
19938,611100
19939,597200
19940,600300
19941,589700
19942,590800
19943,717900
19944,5424500
19945,603700
19946,589000
19947,609600
19948,613400
19949,608100
19950,611600
19951,644900
19952,595600
19953,596700
19954,602600
19955,597000
19956,603100
19957,594600
19958,605900
19959,611600
19960,592300
19961,630700
19962,604900
19963,628900
19964,612700
19965,609300
19966,586100
19967,589600
19968,716700
19969,597100
19970,600600
19971,591200
19972,596600
19973,597000
19974,599300
19975,582900
19976,599900
19977,592100
19978,596300
19979,582000
19980,603000
19981,597500
19982,588400
19983,595400
19984,598200
19985,594600
19986,597700
19987,664100
19988,738800
19989,725800
19990,694500
19991,696600
19992,687100
19993,593900
19994,582800
19995,593600
19996,591400
19997,590000
19998,593100
19999,594200
20000,587100
20001,596900
20002,627300
20003,589500
20004,585200
20005,584700
20006,585200
20007,582600
20008,832000
20009,590900
20010,600700
20011,585500
20012,642800
20013,595200
20014,664100
20015,749800
20016,722200
20017,629400
20018,610500
20019,612200
20020,598900
20021,638800
20022,604300
20023,618700
20024,602300
20025,598000
20026,595600
20027,588000
20028,612500
20029,597800
20030,598000
20031,589200
20032,594600
20033,597200
20034,610000
20035,595400
20036,600200
20037,668600
20038,624200
20039,792400
20040,634300
20041,613300
20042,601600
20043,601700
20044,591700
20045,595300
20046,602100
20047,583000
20048,609500
20049,593800
20050,591800
20051,707200
20052,599300
20053,600800
20054,593500
20055,599500
20056,586100
20057,598400
20058,604000
20059,589400
20060,587400
20061,613900
20062,595300
20063,618600
20064,630700
20065,698300
20066,661000
20067,658200
20068,652700
20069,642900
20070,634300
20071,631800
20072,629300
20073,629400
20074,638800
20075,633900
20076,628100
20077,634300
20078,633900
20079,631300
20080,630000
20081,630400
20082,635000
20083,628400
20084,624900
20085,631100
20086,630100
20087,626800
20088,1301300
20089,801400
20090,652200
20091,654700
20092,629500
20093,635900
20094,632500
20095,630500
20096,623000
20097,627600
20098,627900
20099,625200
20100,626400
20101,627900
20102,681300
20103,629200
20104,636600
20105,640900
20106,624100
20107,628400
20108,625700
20109,626500
20110,625400
20111,744600
20112,881300
20113,722300
20114,642300
20115,636000
20116,635900
20117,629200
20118,628500
20119,639400
20120,623300
20121,627400
20122,633200
20123,629800
20124,627400
20125,626800
20126,623600
20127,624400
20128,630800
20129,623800
20130,734900
20131,628700
20132,625400
20133,625700
20134,623100
20135,818700
20136,946300
20137,653700
20138,660400
20139,650700
20140,645100
20141,627800
20142,629500
20143,627900
20144,628500
20145,624200
20146,626500
20147,622600
20148,627500
20149,621800
20150,632900
20151,631600
20152,628300
20153,625800
20154,628800
20155,623100
20156,625500
20157,623800
20158,625800
20159,856900
20160,934200
20161,642100
20162,650200
20163,850700
20164,642400
20165,636400
20166,630700
20167,626600
20168,635000
20169,624800
20170,627800
20171,625800
20172,628800
20173,632900
20174,629200
20175,624500
20176,624900
20177,625200
20178,626800
20179,630500
20180,640000
20181,627200
20182,745400
20183,885000
20184,776800
20185,704100
20186,652500
20187,599000
20188,611100
20189,610600
20190,606100
20191,604100
20192,601600
20193,589100
20194,599600
20195,597300
20196,613300
20197,616200
20198,589800
20199,607900
20200,596700
20201,594600
20202,615500
20203,596700
20204,594700
20205,599500
20206,596300
20207,637800
20208,874000
20209,614500
20210,607800
20211,619900
20212,622500
20213,608900
20214,599100
20215,592300
20216,600500
20217,594500
20218,585600
20219,604000
20220,592000
20221,599900
20222,605600
20223,597700
20224,599800
20225,590100
20226,586100
20227,597900
20228,597700
20229,594900
20230,600200
20231,584600
20232,703500
20233,607600
20234,631700
20235,607300
20236,604500
20237,601100
20238,596800
20239,599100
20240,591400
20241,604000
20242,595400
20243,811500
20244,602800
20245,613200
20246,599700
20247,597200
20248,598500
20249,597300
20250,597600
20251,582000
20252,608700
20253,593600
20254,588700
20255,596600
20256,595600
20257,591000
20258,661500
20259,590100
20260,631400
20261,605200
20262,605600
20263,597000
20264,586400
20265,603000
20266,594000
20267,598800
20268,591000
20269,595300
20270,606700
20271,603100
20272,594100
20273,597400
20274,589000
20275,592900
20276,586200
20277,600700
20278,596700
20279,586900
20280,591900
20281,582500
20282,605700
20283,596300
20284,641200
20285,807900
20286,632300
20287,654000
20288,662700
20289,647100
20290,632000
20291,627600
20292,728800
20293,635300
20294,643900
20295,628100
20296,632400
20297,627600
20298,630300
20299,625100
20300,626900
20301,627200
20302,630200
20303,626900
20304,634100
20305,625400
20306,627000
20307,626600
20308,868800
20309,980200
20310,737800
20311,712000
20312,637400
20313,602900
20314,602700
20315,598100
20316,604500
20317,611000
20318,608000
20319,596500
20320,590500
20321,598000
20322,585400
20323,808500
20324,601400
20325,598700
20326,594700
20327,597800
20328,592200
20329,589200
20330,599300
20331,581500
20332,656100
20333,603300
20334,615800
20335,612400
20336,607500
20337,583900
20338,606700
20339,593500
20340,602200
20341,596300
20342,605700
20343,598300
20344,583200
20345,608700
20346,594000
20347,593800
20348,581500
20349,602600
20350,588500
20351,599300
20352,593700
20353,595600
20354,597700
20355,585600
20356,600500
20357,593500
20358,748900
20359,810100
20360,675900
20361,613500
20362,632700
20363,617100
20364,597100
20365,597000
20366,593400
20367,599700
20368,598700
20369,592500
20370,599400
20371,585900
20372,705900
20373,597900
20374,611900
20375,588700
20376,599500
20377,584000
20378,609400
20379,590400
20380,588000
20381,588000
20382,600300
20383,732900
20384,810600
20385,683100
20386,604900
20387,600100
20388,616400
20389,594300
20390,611700
20391,605000
20392,600600
20393,582700
20394,600400
20395,591600
20396,594200
20397,589900
20398,600200
20399,598800
20400,597800
20401,593800
20402,588700
20403,597400
20404,806100
20405,617500
20406,607400
20407,609100
20408,645400
20409,609900
20410,654400
20411,612300
20412,609400
20413,601000
20414,611700
20415,611200
20416,622300
20417,609200
20418,607200
20419,601500
20420,597400
20421,609600
20422,597600
20423,593000
20424,587000
20425,595900
20426,588000
20427,599700
20428,613400
20429,581500
20430,608900
20431,593000
20432,603600
20433,613200
20434,628200
20435,745200
20436,630500
20437,619400
20438,619900
20439,618500
20440,715900
20441,612600
20442,598600
20443,614200
20444,603000
20445,600100
20446,602600
20447,602100
20448,603800
20449,602200
20450,602900
20451,597800
20452,589400
20453,612500
20454,598200
20455,598700
20456,709400
20457,599900
20458,598700
20459,625300
20460,745000
20461,698100
20462,611800
20463,647900
20464,597100
20465,599700
20466,601200
20467,585600
20468,590200
20469,584500
20470,593200
20471,599900
20472,589800
20473,583300
20474,589100
20475,583800
20476,589300
20477,586200
20478,586500
20479,586400
20480,601300
20481,581700
20482,584700
20483,588700
20484,586700
20485,582700
20486,876400
20487,635800
20488,725600
20489,618000
20490,613600
20491,596800
20492,615700
20493,604200
20494,595200
20495,589800
20496,598700
20497,598500
20498,601500
20499,599700
20500,591100
20501,606600
20502,599700
20503,593900
20504,608000
20505,589800
20506,601200
20507,597200
20508,589800
20509,609100
20510,589200
20511,584500
20512,768200
20513,762800
20514,643700
20515,669500
20516,596900
20517,593400
20518,615600
20519,600300
20520,618700
20521,585900
20522,596900
20523,596900
20524,581200
20525,604600
20526,594100
20527,583800
20528,605100
20529,591100
20530,681700
20531,721200
20532,725200
20533,723800
20534,724200
20535,722600
20536,727500
20537,724300
20538,920200
20539,615200
20540,629000
20541,617900
20542,595800
20543,612200
20544,599300
20545,605100
20546,603500
20547,605000
20548,611600
20549,596900
20550,611700
20551,606300
20552,610400
20553,600100
20554,601500
20555,596500
20556,614700
20557,608400
20558,601500
20559,614100
20560,639300
20561,644900
20562,614400
20563,639300
20564,609400
20565,877200
20566,620300
20567,606200
20568,611600
20569,598500
20570,606000
20571,590000
20572,618700
20573,650800
20574,604100
20575,817800
20576,754900
20577,663100
20578,640300
20579,627200
20580,630700
20581,625600
20582,696500
20583,740500
20584,642200
20585,10845000
20586,945700
20587,751100
20588,713900
20589,703600
20590,632200
20591,608000
20592,648600
20593,620300
20594,603500
20595,604300
20596,604400
20597,600900
20598,599700
20599,593800
20600,591100
20601,792900
20602,599900
20603,594000
20604,590100
20605,588900
20606,591500
20607,654700
20608,594000
20609,591400
20610,588800
20611,594000
20612,740000
20613,755300
20614,723600
20615,638400
20616,614400
20617,640200
20618,610400
20619,643300
20620,609700
20621,610200
20622,605000
20623,598000
20624,602200
20625,599600
20626,597600
20627,993300
20628,591500
20629,611100
20630,596800
20631,586300
20632,601000
20633,595300
20634,600000
20635,593300
20636,606400
20637,605200
20638,594400
20639,602100
20640,590100
20641,602600
20642,588300
20643,636000
20644,607600
20645,618800
20646,616900
20647,606200
20648,582500
20649,620400
20650,602500
20651,620000
20652,606100
20653,622400
20654,598300
20655,611600
20656,608100
20657,591800
20658,594300
20659,587500
20660,593900
20661,587000
20662,607500
20663,595500
20664,596100
20665,590000
20666,597100
20667,597600
20668,595900
20669,882100
20670,802200
20671,828300
20672,735900
20673,650800
20674,676400
20675,633300
20676,646900
20677,642900
20678,721100
20679,636400
20680,632600
20681,633900
20682,778400
20683,637900
20684,644700
20685,628300
20686,626700
20687,629400
20688,627300
20689,629700
20690,629600
20691,625600
20692,727100
20693,5438800
20694,644300
20695,631500
20696,624000
20697,647500
20698,934900
20699,600300
20700,620300
20701,600300
20702,604800
20703,596700
20704,593500
20705,606200
20706,597800
20707,597100
20708,598100
20709,720800
20710,729800
20711,836700
20712,626100
20713,686000
20714,688100
20715,600500
20716,616200
20717,599300
20718,601100
20719,615500
20720,604900
20721,607800
20722,594100
20723,609100
20724,614900
20725,597500
20726,607800
20727,599500
20728,610700
20729,591600
20730,603100
20731,598000
20732,591000
20733,600700
20734,652000
20735,591000
20736,627100
20737,603100
20738,601900
20739,594000
20740,593900
20741,595800
20742,588200
20743,601500
20744,596800
20745,595900
20746,589800
20747,591800
20748,595600
20749,613200
20750,596500
20751,598100
20752,587500
20753,597500
20754,598600
20755,716000
20756,599500
20757,592000
20758,602600
20759,596300
20760,633300
20761,597900
20762,619900
20763,613600
20764,606600
20765,584800
20766,601500
20767,594500
20768,585800
20769,609300
20770,592300
20771,603300
20772,589100
20773,614200
20774,598400
20775,592500
20776,596400
20777,593400
20778,598000
20779,825200
20780,594100
20781,593000
20782,601600
20783,595200
20784,595800
20785,652300
20786,722400
20787,726600
20788,661700
20789,605600
20790,604000
20791,600900
20792,581900
20793,586000
20794,590000
20795,587600
20796,587400
20797,586900
20798,599700
20799,592300
20800,586200
20801,580700
20802,582100
20803,581900
20804,583400
20805,582000
20806,578500
20807,580900
20808,581200
20809,580400
20810,581500
20811,728000
20812,787800
20813,730400
20814,645000
20815,640700
20816,637600
20817,639100
20818,630500
20819,628800
20820,625700
20821,629000
20822,636800
20823,635600
20824,627600
20825,631300
20826,624900
20827,624900
20828,625000
20829,641100
20830,624800
20831,629600
20832,627800
20833,625000
20834,630800
20835,795500
20836,873200
20837,848800
20838,650700
20839,642500
20840,637200
20841,635200
20842,629700
20843,632200
20844,634300
20845,631900
20846,628200
20847,628600
20848,624700
20849,628500
20850,625100
20851,627500
20852,622100
20853,626200
20854,662800
20855,631000
20856,622300
20857,624300
20858,1072600
20859,901200
20860,5284300
20861,647100
20862,641200
20863,634700
20864,633500
20865,638500
20866,626600
20867,659700
20868,641900
20869,623100
20870,626900
20871,624100
20872,626900
20873,625100
20874,625500
20875,830300
20876,999600
20877,747500
20878,710200
20879,691200
20880,619300
20881,597900
20882,597200
20883,611900
20884,601300
20885,596600
20886,598800
20887,581300
20888,585300
20889,584300
20890,585700
20891,582300
20892,589000
20893,584000
20894,584900
20895,589800
20896,584300
20897,591900
20898,583700
20899,586200
20900,722400
20901,756500
20902,746100
20903,638900
20904,615900
20905,595600
20906,612300
20907,620600
20908,608800
20909,755200
20910,599500
20911,626600
20912,611100
20913,610100
20914,613400
20915,598100
20916,616800
20917,603100
20918,594900
20919,596600
20920,598900
20921,598900
20922,596700
20923,599500
20924,738700
20925,734500
20926,847300
20927,760600
20928,1014100
20929,637500
20930,624000
20931,604400
20932,602800
20933,605200
20934,599700
20935,605200
20936,590000
20937,616100
20938,595400
20939,592000
20940,591100
20941,589900
20942,593400
20943,594000
20944,589300
20945,591300
20946,590200
20947,591200
20948,752800
20949,737800
20950,680600
20951,622900
20952,614800
20953,603800
20954,609500
20955,609000
20956,606300
20957,598900
20958,602400
20959,588000
20960,603600
20961,597300
20962,599400
20963,591800
20964,594800
20965,600300
20966,585100
20967,601700
20968,600100
20969,589200
20970,598300
20971,594600
20972,595400
20973,596900
20974,630400
20975,720000
20976,598800
20977,618600
20978,605400
20979,587200
20980,599600
20981,592000
20982,597800
20983,598000
20984,587500
20985,678600
20986,626100
20987,601900
20988,591200
20989,601800
20990,756800
20991,595900
20992,610700
20993,613000
20994,614700
20995,626000
20996,607500
20997,620900
20998,625100
20999,608600
21000,669000
21001,623900
21002,623200
21003,633000
21004,634200
21005,623200
21006,613900
21007,616400
21008,868000
21009,615200
21010,607700
21011,596800
21012,623200
21013,608500
21014,609600
21015,600700
21016,603300
21017,607700
21018,614300
21019,618100
21020,606500
21021,606300
21022,607400
21023,609200
21024,632400
21025,764200
21026,736000
21027,694700
21028,602500
21029,601600
21030,597300
21031,600800
21032,602000
21033,601300
21034,593200
21035,595200
21036,598100
21037,592000
21038,602300
21039,642100
21040,720900
21041,695300
21042,664400
21043,659700
21044,600100
21045,595800
21046,598300
21047,596700
21048,596200
21049,635800
21050,599700
21051,684600
21052,602700
21053,602000
21054,594400
21055,591800
21056,595700
21057,593700
21058,598100
21059,591000
21060,587100
21061,588000
21062,592300
21063,590000
21064,591000
21065,588900
21066,589500
21067,588800
21068,607700
21069,591500
21070,588400
21071,594900
21072,593500
21073,591000
21074,725900
21075,696200
21076,861700
21077,681000
21078,659300
21079,652900
21080,648700
21081,636100
21082,630900
21083,631300
21084,630600
21085,627400
21086,630900
21087,626400
21088,883600
21089,631200
21090,648800
21091,626300
21092,634700
21093,632600
21094,629400
21095,624500
21096,626200
21097,630400
21098,699000
21099,706500
21100,691700
21101,681400
21102,646800
21103,599500
21104,594000
21105,611600
21106,597700
21107,596900
21108,589600
21109,584700
21110,585800
21111,586800
21112,585700
21113,585800
21114,586600
21115,587600
21116,586500
21117,584600
21118,588500
21119,586600
21120,586500
21121,586100
21122,588700
21123,607100
21124,582800
21125,614400
21126,604900
21127,586000
21128,606600
21129,602400
21130,593500
21131,592000
21132,592600
21133,593400
21134,597000
21135,588500
21136,589100
21137,587500
21138,590800
21139,587500
21140,589800
21141,592900
21142,589200
21143,589400
21144,591000
21145,596800
21146,590500
21147,589900
21148,605500
21149,593400
21150,589200
21151,624700
21152,590200
21153,591200
21154,583300
21155,599900
21156,719200
21157,600300
21158,598300
21159,595600
21160,585200
21161,590400
21162,585900
21163,587100
21164,591000
21165,586700
21166,585400
21167,588700
21168,588100
21169,587300
21170,585100
21171,830200
21172,591600
21173,613100
21174,589700
21175,598100
21176,587700
21177,629500
21178,719500
21179,608500
21180,599400
21181,597200
21182,598500
21183,594800
21184,596000
21185,594100
21186,591000
21187,590200
21188,591400
21189,591200
21190,589400
21191,591700
21192,588800
21193,589500
21194,586400
21195,591200
21196,590900
21197,594900
21198,598900
21199,587800
21200,587400
21201,589200
21202,674800
21203,749800
21204,791900
21205,753000
21206,653900
21207,642800
21208,631100
21209,629600
21210,626100
21211,627500
21212,625200
21213,638900
21214,698200
21215,631300
21216,628100
21217,624400
21218,625200
21219,626400
21220,636100
21221,645100
21222,627300
21223,630000
21224,625600
21225,626700
21226,708100
21227,872300
21228,764400
21229,650700
21230,661100
21231,648300
21232,642900
21233,641300
21234,627500
21235,638000
21236,629900
21237,626100
21238,727500
21239,631500
21240,630700
21241,631300
21242,628300
21243,631500
21244,627200
21245,624200
21246,624300
21247,627000
21248,628400
21249,871200
21250,782400
21251,748000
21252,684200
21253,609200
21254,603400
21255,598300
21256,599400
21257,624500
21258,600700
21259,602300
21260,595300
21261,592600
21262,601500
21263,597400
21264,603400
21265,591500
21266,587800
21267,622800
21268,600300
21269,583300
21270,607200
21271,590500
21272,590400
21273,608200
21274,596200
21275,785700
21276,961300
21277,845200
21278,725000
21279,694800
21280,686800
21281,611500
21282,599800
21283,669500
21284,608800
21285,602600
21286,589500
21287,589700
21288,592100
21289,587800
21290,594800
21291,590500
21292,588100
21293,590300
21294,589300
21295,598300
21296,589700
21297,587400
21298,590700
21299,620200
21300,593900
21301,596500
21302,677100
21303,753700
21304,744300
21305,663000
21306,613800
21307,608600
21308,614000
21309,611000
21310,603200
21311,601300
21312,597500
21313,604700
21314,595900
21315,610700
21316,588000
21317,590700
21318,698100
21319,605000
21320,591400
21321,592900
21322,598900
21323,598200
21324,775200
21325,813800
21326,647100
21327,600600
21328,836300
21329,601800
21330,591600
21331,588400
21332,645700
21333,608600
21334,597300
21335,588300
21336,610600
21337,596400
21338,604200
21339,604400
21340,589100
21341,604700
21342,595100
21343,598700
21344,593000
21345,595800
21346,595900
21347,597400
21348,593400
21349,588300
21350,627600
21351,734200
21352,749900
21353,711800
21354,689900
21355,689000
21356,637800
21357,596300
21358,600800
21359,600500
21360,595100
21361,598300
21362,593400
21363,625400
21364,596000
21365,583400
21366,587500
21367,591200
21368,589800
21369,591100
21370,585200
21371,590200
21372,592400
21373,587100
21374,590000
21375,636000
21376,845000
21377,712000
21378,669700
21379,662300
21380,652900
21381,649400
21382,642800
21383,631200
21384,632900
21385,631300
21386,632300
21387,642800
21388,632200
21389,628100
21390,633200
21391,629500
21392,684800
21393,645300
21394,627900
21395,625300
21396,631800
21397,630400
21398,691100
21399,850000
21400,719900
21401,694600
21402,613500
21403,602900
21404,598900
21405,596000
21406,598600
21407,815400
21408,598800
21409,586500
21410,589000
21411,609000
21412,588400
21413,588800
21414,587100
21415,585500
21416,599000
21417,599800
21418,610100
21419,610800
21420,642500
21421,629300
21422,602400
21423,606400
21424,797300
21425,765000
21426,750700
21427,650000
21428,617100
21429,611700
21430,595600
21431,597700
21432,607000
21433,613100
21434,605500
21435,596900
21436,593100
21437,600700
21438,598500
21439,583800
21440,607800
21441,728600
21442,720600
21443,723200
21444,725300
21445,723600
21446,725100
21447,722100
21448,729600
21449,800200
21450,815500
21451,705000
21452,620200
21453,605900
21454,617300
21455,617200
21456,598100
21457,607200
21458,600600
21459,602800
21460,595200
21461,590900
21462,600100
21463,598700
21464,594900
21465,592700
21466,590600
21467,603500
21468,584700
21469,605500
21470,646100
21471,594200
21472,691300
21473,724400
21474,708900
21475,693900
21476,596900
21477,603500
21478,711200
21479,604100
21480,614200
21481,584900
21482,584200
21483,584300
21484,591300
21485,587000
21486,841200
21487,595300
21488,590500
21489,585200
21490,588000
21491,587800
21492,585600
21493,586700
21494,582600
21495,584400
21496,581600
21497,587300
21498,631300
21499,588700
21500,590100
21501,593100
21502,586900
21503,584900
21504,581600
21505,592100
21506,582000
21507,580900
21508,684400
21509,740800
21510,710300
21511,704100
21512,606400
21513,595200
21514,614000
21515,598700
21516,600500
21517,593100
21518,594500
21519,602300
21520,596000
21521,603400
21522,601000
21523,665600
21524,624400
21525,689400
21526,613300
21527,616600
21528,607400
21529,607600
21530,593800
21531,599400
21532,608800
21533,589300
21534,604700
21535,686300
21536,656700
21537,609500
21538,601400
21539,600500
21540,581900
21541,591100
21542,592300
21543,2362800
21544,648900
21545,609600
21546,714200
21547,618800
21548,610900
21549,620900
21550,605500
21551,616500
21552,634400
21553,608600
21554,702000
21555,696500
21556,3127400
21557,931000
21558,660500
21559,1104700
21560,658200
21561,638800
21562,653500
21563,657500
21564,726300
21565,868300
21566,775900
21567,649200
21568,654900
21569,722400
21570,646600
21571,700400
21572,652100
21573,713700
21574,699400
21575,648100
21576,650600
21577,635800
21578,642100
21579,639000
21580,632900
21581,629200
21582,643700
21583,682400
21584,634000
21585,645500
21586,637300
21587,803400
21588,882300
21589,710200
21590,657900
21591,638400
21592,670100
21593,651400
21594,650500
21595,640800
21596,634900
21597,640500
21598,646700
21599,929800
21600,653000
21601,5598900
21602,622500
21603,748100
21604,643800
21605,695300
21606,646500
21607,671600
21608,650200
21609,631500
21610,646500
21611,629200
21612,638900
21613,631800
21614,630500
21615,639700
21616,628600
21617,626700
21618,628100
21619,632100
21620,634300
21621,637900
21622,633100
21623,635500
21624,644100
21625,799100
21626,1261300
21627,873700
21628,765400
21629,696700
21630,696600
21631,655900
21632,647300
21633,645200
21634,650100
21635,638600
21636,636900
21637,638300
21638,639500
21639,632000
21640,639000
21641,644000
21642,630800
21643,631800
21644,640200
21645,634200
21646,650500
21647,632200
21648,635900
21649,692400
21650,938700
21651,853600
21652,654500
21653,666100
21654,665700
21655,824800
21656,662800
21657,710400
21658,679200
21659,712200
21660,688100
21661,672300
21662,666600
21663,651500
21664,649000
21665,646900
21666,683200
21667,647000
21668,646100
21669,647300
21670,639100
21671,669600
21672,827900
21673,1021100
21674,640500
21675,617000
21676,604200
21677,598300
21678,598100
21679,619400
21680,600400
21681,595300
21682,598300
21683,590100
21684,603800
21685,591100
21686,591300
21687,585400
21688,590600
21689,584000
21690,585900
21691,583500
21692,594300
21693,597000
21694,588900
21695,602000
21696,587300
21697,607800
21698,605200
21699,623900
21700,605900
21701,1184100
21702,612700
21703,603600
21704,602400
21705,601900
21706,602700
21707,605600
21708,608600
21709,602000
21710,609400
21711,601500
21712,614600
21713,602000
21714,601400
21715,594900
21716,595900
21717,596700
21718,602900
21719,612500
21720,606400
21721,593100
21722,635900
21723,646600
21724,604300
21725,681900
21726,623200
21727,614900
21728,619200
21729,603300
21730,604200
21731,604700
21732,594400
21733,595800
21734,589900
21735,594000
21736,594600
21737,591200
21738,593600
21739,589800
21740,593600
21741,591300
21742,591700
21743,594900
21744,609500
21745,609200
21746,1028000
21747,768000
21748,726800
21749,609300
21750,637100
21751,663700
21752,620600
21753,608500
21754,618900
21755,611400
21756,618000
21757,606700
21758,607000
21759,601200
21760,599000
21761,599400
21762,604500
21763,602200
21764,608500
21765,601800
21766,598400
21767,601900
21768,607900
21769,599100
21770,621400
21771,606700
21772,794700
21773,652000
21774,616300
21775,609700
21776,619200
21777,606300
21778,608900
21779,601600
21780,603200
21781,1008900
21782,779700
21783,607800
21784,603300
21785,598900
21786,601700
21787,605100
21788,604800
21789,599800
21790,606200
21791,613500
21792,610700
21793,600700
21794,603900
21795,607500
21796,600600
21797,817100
21798,732600
21799,685500
21800,611900
21801,602700
21802,603800
21803,599900
21804,598700
21805,595600
21806,600300
21807,596700
21808,607300
21809,601200
21810,596700
21811,597800
21812,598700
21813,595200
21814,598200
21815,591600
21816,596000
21817,595700
21818,596700
21819,590700
21820,589200
21821,591800
21822,608900
21823,695000
21824,789100
21825,621900
21826,607700
21827,601800
21828,594400
21829,600200
21830,599200
21831,592200
21832,595500
21833,591000
21834,587400
21835,588900
21836,588600
21837,589200
21838,588200
21839,599800
21840,590900
21841,588300
21842,588000
21843,590300
21844,593200
21845,623600
21846,596300
21847,639200
21848,593800
21849,632300
21850,607300
21851,612900
21852,601100
21853,595700
21854,596100
21855,590600
21856,601000
21857,599300
21858,591800
21859,595400
21860,596100
21861,591800
21862,938800
21863,595700
21864,611600
21865,594600
21866,716500
21867,594500
21868,593200
21869,606500
21870,590300
21871,594700
21872,592100
21873,615900
21874,591100
21875,627400
21876,769200
21877,727400
21878,649400
21879,628900
21880,624300
21881,610500
21882,618000
21883,609400
21884,611300
21885,617400
21886,605200
21887,618300
21888,597700
21889,630100
21890,603700
21891,594400
21892,625800
21893,606100
21894,613900
21895,611000
21896,611900
21897,620900
21898,606400
21899,614900
21900,606400
21901,628000
21902,619500
21903,613100
21904,602300
21905,616800
21906,606100
21907,608300
21908,604600
21909,597600
21910,613100
21911,719400
21912,628600
21913,606000
21914,618600
21915,610900
21916,604200
21917,606800
21918,614100
21919,607300
21920,614000
21921,599600
21922,733900
21923,748200
21924,751400
21925,631700
21926,631700
21927,617900
21928,618600
21929,614300
21930,618700
21931,620100
21932,613600
21933,621800
21934,625600
21935,620500
21936,608200
21937,629000
21938,622600
21939,621300
21940,618700
21941,907400
21942,632200
21943,618800
21944,613300
21945,609800
21946,664300
21947,889700
21948,899200
21949,646400
21950,622300
21951,620300
21952,624000
21953,624500
21954,608900
21955,633200
21956,602600
21957,623000
21958,631000
21959,619600
21960,614400
21961,653600
21962,622400
21963,615700
21964,620600
21965,623800
21966,632800
21967,607300
21968,647100
21969,611700
21970,613000
21971,661900
21972,787900
21973,658300
21974,623300
21975,612100
21976,607700
21977,627700
21978,610200
21979,608600
21980,600300
21981,603700
21982,621300
21983,605000
21984,605900
21985,601700
21986,601600
21987,595700
21988,595200
21989,599800
21990,593700
21991,597000
21992,595300
21993,596800
21994,594400
21995,603300
21996,598300
21997,633500
21998,598300
21999,754300
22000,623600
22001,610300
22002,606800
22003,603100
22004,615900
22005,615200
22006,602600
22007,621000
22008,599600
22009,606600
22010,603500
22011,603400
22012,600300
22013,603200
22014,608400
22015,601300
22016,602100
22017,604100
22018,600800
22019,600900
22020,606600
22021,928800
22022,627300
22023,606500
22024,613800
22025,613100
22026,604200
22027,598800
22028,731300
22029,599900
22030,597800
22031,637600
22032,600300
22033,603100
22034,608900
22035,594900
22036,598400
22037,592900
22038,597700
22039,598200
22040,599400
22041,600700
22042,596600
22043,594600
22044,599300
22045,598500
22046,619900
22047,1005900
22048,810500
22049,689400
22050,729900
22051,653000
22052,649200
22053,647300
22054,671000
22055,642000
22056,652300
22057,647000
22058,647100
22059,648600
22060,671400
22061,643600
22062,659100
22063,643600
22064,641800
22065,637900
22066,640900
22067,643700
22068,641200
22069,651500
22070,800300
22071,891200
22072,718100
22073,649600
22074,649400
22075,640100
22076,638000
22077,639900
22078,639300
22079,633000
22080,637500
22081,647700
22082,640500
22083,643300
22084,645300
22085,634700
22086,642400
22087,637600
22088,642800
22089,635900
22090,638000
22091,634400
22092,635600
22093,636000
22094,726100
22095,904000
22096,640600
22097,1185900
22098,754300
22099,667300
22100,642200
22101,611000
22102,624200
22103,610700
22104,612700
22105,741100
22106,620800
22107,607700
22108,622800
22109,618400
22110,686900
22111,604600
22112,616000
22113,606000
22114,627100
22115,605600
22116,616900
22117,755200
22118,748200
22119,640900
22120,606500
22121,605300
22122,642100
22123,638100
22124,631900
22125,628400
22126,613600
22127,603200
22128,620400
22129,630100
22130,604400
22131,595800
22132,600700
22133,599800
22134,611200
22135,591700
22136,600800
22137,696400
22138,614000
22139,594500
22140,604400
22141,593400
22142,634200
22143,594100
22144,592800
22145,600000
22146,619200
22147,614800
22148,603400
22149,593400
22150,596500
22151,595800
22152,594000
22153,591200
22154,593800
22155,589100
22156,591500
22157,602800
22158,600100
22159,595800
22160,600100
22161,596900
22162,598100
22163,596400
22164,596100
22165,595600
22166,592600
22167,590500
22168,633300
22169,613300
22170,603900
22171,596500
22172,609100
22173,601300
22174,605800
22175,603300
22176,601900
22177,985300
22178,594500
22179,589700
22180,589900
22181,587900
22182,586800
22183,594800
22184,592500
22185,590700
22186,591500
22187,596600
22188,718500
22189,590400
22190,597700
22191,583200
22192,584900
22193,680200
22194,605200
22195,588500
22196,611900
22197,601400
22198,598800
22199,592400
22200,591900
22201,599400
22202,594700
22203,595100
22204,596000
22205,613500
22206,596100
22207,587700
22208,589900
22209,597500
22210,598600
22211,599200
22212,595200
22213,600700
22214,598800
22215,589100
22216,589800
22217,588800
22218,588400
22219,751200
22220,1108400
22221,1060700
22222,806700
22223,702900
22224,672600
22225,735100
22226,713300
22227,694400
22228,644600
22229,601100
22230,597500
22231,600900
22232,598200
22233,600800
22234,593300
22235,596800
22236,586200
22237,604500
22238,593400
22239,590700
22240,602600
22241,593500
22242,670700
22243,657800
22244,703400
22245,663200
22246,770600
22247,651600
22248,655000
22249,757500
22250,668100
22251,644000
22252,645400
22253,645700
22254,640800
22255,1147700
22256,663900
22257,644700
22258,652200
22259,650800
22260,650700
22261,647800
22262,645700
22263,640400
22264,677200
22265,786900
22266,753100
22267,847500
22268,619500
22269,617400
22270,618900
22271,613200
22272,625900
22273,602600
22274,623300
22275,612000
22276,611600
22277,611000
22278,615100
22279,609500
22280,607700
22281,606300
22282,614100
22283,617900
22284,615400
22285,607700
22286,615900
22287,604300
22288,629400
22289,633100
22290,615800
22291,607200
22292,611000
22293,606400
22294,600900
22295,602400
22296,591400
22297,596400
22298,585700
22299,601200
22300,599300
22301,584700
22302,594100
22303,598000
22304,601600
22305,592100
22306,595000
22307,589200
22308,600600
22309,595700
22310,596300
22311,597600
22312,603800
22313,617900
22314,598700
22315,593300
22316,632100
22317,645300
22318,778600
22319,667200
22320,671200
22321,656200
22322,654000
22323,648600
22324,660100
22325,631300
22326,650500
22327,642800
22328,634300
22329,629600
22330,631400
22331,630300
22332,633000
22333,629500
22334,923400
22335,648100
22336,642400
22337,632000
22338,636700
22339,731500
22340,869400
22341,739400
22342,648000
22343,637300
22344,640300
22345,736100
22346,639300
22347,633100
22348,632800
22349,734000
22350,641800
22351,628100
22352,630800
22353,627500
22354,635200
22355,625800
22356,6646700
22357,790300
22358,810200
22359,803900
22360,792600
22361,782300
22362,924200
22363,774600
22364,849400
22365,655900
22366,649400
22367,634000
22368,634400
22369,630200
22370,730200
22371,637800
22372,642400
22373,633100
22374,634100
22375,11044100
22376,935900
22377,5653100
22378,1097200
22379,626400
22380,614300
22381,612700
22382,603800
22383,614400
22384,609500
22385,615900
22386,606800
22387,608200
22388,614300
22389,600700
22390,586500
22391,758900
22392,620300
22393,601500
22394,600200
22395,594100
22396,596800
22397,586700
22398,602200
22399,602000
22400,646200
22401,658700
22402,791900
22403,664600
22404,646400
22405,636600
22406,643600
22407,642500
22408,678300
22409,639600
22410,638600
22411,661400
22412,646100
22413,656300
22414,643400
22415,642500
22416,653200
22417,638100
22418,638800
22419,633000
22420,630300
22421,641600
22422,633600
22423,840800
22424,604600
22425,676200
22426,645500
22427,642000
22428,639100
22429,640000
22430,639400
22431,643800
22432,641400
22433,645300
22434,639400
22435,639000
22436,635000
22437,634400
22438,651600
22439,654200
22440,634800
22441,669200
22442,637100
22443,640100
22444,640600
22445,644000
22446,642100
22447,721100
22448,646300
22449,725400
22450,669300
22451,650200
22452,940000
22453,620800
22454,607500
22455,616100
22456,609600
22457,606300
22458,611700
22459,603400
22460,612100
22461,616900
22462,592700
22463,624500
22464,601900
22465,611100
22466,608300
22467,592600
22468,640200
22469,621000
22470,745400
22471,687200
22472,700700
22473,715100
22474,697600
22475,697600
22476,5729700
22477,975200
22478,1150000
22479,6232600
22480,725600
22481,829100
22482,635600
22483,614700
22484,606400
22485,607000
22486,608000
22487,602600
22488,659400
22489,639300
22490,614000
22491,606300
22492,599700
22493,645000
22494,721000
22495,737000
22496,867700
22497,923500
22498,720900
22499,909500
22500,966900
22501,787900
22502,733500
22503,648700
22504,625400
22505,757100
22506,658600
22507,619700
22508,599200
22509,1094400
22510,633100
22511,626500
22512,717800
22513,718700
22514,699700
22515,852900
22516,649800
22517,623000
22518,614900
22519,627200
22520,617500
22521,673800
22522,651900
22523,607700
22524,766600
22525,699000
22526,700000
22527,908200
22528,769200
22529,830300
22530,693300
22531,703100
22532,697900
22533,732600
22534,628100
22535,628800
22536,621700
22537,616000
22538,601700
22539,610000
22540,609400
22541,604700
22542,611700
22543,621400
22544,656600
22545,702400
22546,807900
22547,751300
22548,745600
22549,732200
22550,712500
22551,752300
22552,673000
22553,632700
22554,651500
22555,617500
22556,605000
22557,611600
22558,607400
22559,607100
22560,606500
22561,603700
22562,604600
22563,602100
22564,602100
22565,611100
22566,602900
22567,600300
22568,602000
22569,648500
22570,631800
22571,741300
22572,638100
22573,621800
22574,605000
22575,610800
22576,606800
22577,604500
22578,636400
22579,610600
22580,603300
22581,603100
22582,761600
22583,750800
22584,1398900
22585,750800
22586,745300
22587,750000
22588,742500
22589,749500
22590,761900
22591,856800
22592,960300
22593,661100
22594,630900
22595,616800
22596,629300
22597,629600
22598,660600
22599,653500
22600,616100
22601,628200
22602,781500
22603,622600
22604,613300
22605,759600
22606,858400
22607,807800
22608,622800
22609,611400
22610,614300
22611,617700
22612,624300
22613,611300
22614,689400
22615,730800
22616,620900
22617,617100
22618,614600
22619,628000
22620,625500
22621,631500
22622,611300
22623,626700
22624,612700
22625,615700
22626,604900
22627,616500
22628,612100
22629,596100
22630,616700
22631,608900
22632,608700
22633,616000
22634,610000
22635,605600
22636,601500
22637,620300
22638,609400
22639,654100
22640,608700
22641,624800
22642,603500
22643,624200
22644,610100
