frame,frameTimeNs
0,626400
1,613500
2,611200
3,621200
4,608000
5,608900
6,659000
7,620500
8,774300
9,789200
10,756700
11,690200
12,640000
13,630300
14,637900
15,633200
16,617000
17,614900
18,615700
19,620400
20,619400
21,634700
22,614700
23,615700
24,613400
25,616200
26,613000
27,616200
28,613700
29,611900
30,613000
31,753400
32,617000
33,622000
34,617600
35,619100
36,612800
37,616100
38,619400
39,613200
40,626000
41,616600
42,613300
43,619400
44,613000
45,622600
46,611700
47,611000
48,608300
49,610100
50,614100
51,618600
52,610800
53,609500
54,610200
55,615500
56,612600
57,831000
58,5386400
59,703600
60,626100
61,640400
62,631800
63,623800
64,621900
65,627000
66,622800
67,878900
68,626800
69,619400
70,614900
71,622500
72,622600
73,793500
74,768900
75,751300
76,646600
77,635300
78,626700
79,628000
80,628200
81,629600
82,614800
83,620900
84,643000
85,623100
86,619000
87,616500
88,619400
89,618300
90,616200
91,612000
92,617400
93,616400
94,612200
95,617000
96,620000
97,696700
98,761500
99,715800
100,630100
101,733000
102,737600
103,628900
104,633700
105,627500
106,619900
107,626300
108,625100
109,618800
110,617400
111,618600
112,617000
113,617800
114,615000
115,630200
116,612300
117,615100
118,624200
119,616800
120,616900
121,616800
122,815200
123,622700
124,621400
125,631300
126,639500
127,625000
128,622900
129,622200
130,620200
131,627900
132,630900
133,653300
134,623200
135,627200
136,624200
137,624300
138,623200
139,627800
140,620500
141,622800
142,620200
143,620900
144,620200
145,866300
146,705600
147,781300
148,782400
149,682400
150,643300
151,628700
152,630500
153,622500
154,636500
155,628100
156,614800
157,618400
158,621200
159,615900
160,620000
161,616100
162,618100
163,612900
164,617200
165,614200
166,612700
167,615000
168,623700
169,613500
170,654000
171,621800
172,620800
173,620400
174,620000
175,617300
176,611900
177,611900
178,614200
179,628900
180,623400
181,618100
182,612400
183,702000
184,614300
185,614700
186,612300
187,614800
188,10912700
189,828500
190,814400
191,755900
192,689300
193,691300
194,688500
195,676500
196,689400
197,677400
198,682400
199,681200
200,679500
201,865200
202,1065300
203,5809600
204,1168900
205,731900
206,627300
207,621900
208,621900
209,622400
210,629100
211,622200
212,763800
213,820700
214,634500
215,658000
216,621700
217,626600
218,623700
219,623000
220,625900
221,679300
222,655700
223,621300
224,621100
225,613000
226,616000
227,609900
228,611600
229,610400
230,614900
231,609700
232,614600
233,624900
234,717000
235,619700
236,614100
237,616300
238,611700
239,607400
240,663300
241,626600
242,621500
243,620700
244,611300
245,615000
246,615600
247,610100
248,612400
249,624600
250,612200
251,614400
252,614100
253,607600
254,608100
255,611500
256,616400
257,607200
258,609900
259,603600
260,616000
261,619400
262,608900
263,636200
264,635300
265,790300
266,5816100
267,1205800
268,795200
269,690200
270,681500
271,700200
272,684800
273,738200
274,687100
275,694700
276,681000
277,673800
278,675100
279,872000
280,1098800
281,779700
282,736600
283,728000
284,665900
285,620500
286,623300
287,615900
288,621300
289,616400
290,618800
291,621500
292,622500
293,617800
294,618700
295,614600
296,613600
297,611200
298,613300
299,611300
300,615300
301,620500
302,647000
303,661700
304,879600
305,839300
306,811700
307,717000
308,683000
309,680200
310,683300
311,683400
312,676300
313,673800
314,663500
315,679900
316,678900
317,701600
318,701300
319,732800
320,691900
321,720100
322,764700
323,680700
324,745700
325,3454600
326,1098700
327,712000
328,678200
329,748000
330,656200
331,634600
332,637600
333,645500
334,1054700
335,645700
336,629600
337,627100
338,623600
339,624800
340,625600
341,650900
342,700900
343,637800
344,648200
345,629900
346,625300
347,617000
348,621200
349,619000
350,623600
351,628600
352,622000
353,618600
354,622200
355,630300
356,622300
357,664500
358,629500
359,616900
360,622600
361,620700
362,622600
363,611800
364,622900
365,619700
366,618200
367,843100
368,828900
369,653000
370,649300
371,632500
372,626100
373,624100
374,628200
375,723600
376,617800
377,616100
378,616100
379,612100
380,616500
381,625900
382,635700
383,610900
384,620900
385,652200
386,621000
387,620100
388,614000
389,612500
390,613800
391,647800
392,610200
393,14035600
394,1447000
395,1102000
396,753500
397,777200
398,707500
399,630400
400,630200
401,620800
402,618500
403,620000
404,630800
405,620600
406,622600
407,619600
408,614100
409,616600
410,622400
411,614400
412,615600
413,613400
414,618100
415,623600
416,688900
417,756300
418,758200
419,646600
420,630800
421,621400
422,631000
423,619100
424,615800
425,618500
426,624500
427,622400
428,612500
429,615600
430,616600
431,617300
432,728600
433,617300
434,612000
435,616800
436,613300
437,622500
438,619800
439,615400
440,615100
441,660600
442,618000
443,890300
444,781100
445,832200
446,724400
447,668800
448,638300
449,635700
450,630600
451,634700
452,627000
453,651400
454,623300
455,622200
456,616300
457,621300
458,618500
459,622500
460,616200
461,624400
462,612200
463,622100
464,614700
465,687300
466,1004000
467,752700
468,790500
469,754300
470,715000
471,621100
472,623700
473,624200
474,618900
475,620100
476,620600
477,621400
478,616500
479,623200
480,627500
481,626200
482,612900
483,620200
484,651600
485,618200
486,615200
487,610300
488,610200
489,658500
490,611800
491,855000
492,774000
493,752400
494,644200
495,627400
496,623800
497,625700
498,618500
499,621300
500,618700
501,620000
502,617800
503,632100
504,616100
505,620900
506,633300
507,617900
508,615700
509,618000
510,713800
511,622000
512,613400
513,687000
514,626300
515,638800
516,632100
517,629500
518,621700
519,630100
520,616700
521,623700
522,629000
523,615500
524,613000
525,618500
526,612700
527,615300
528,613800
529,617700
530,611100
531,621600
532,612400
533,613300
534,610500
535,613800
536,608400
537,613400
538,762200
539,625800
540,718900
541,792700
542,770700
543,905000
544,624600
545,627400
546,626800
547,620700
548,619500
549,621300
550,620600
551,617500
552,625600
553,641700
554,612600
555,616100
556,613700
557,617800
558,607900
559,626400
560,611500
561,614700
562,654300
563,620600
564,615700
565,628500
566,627300
567,627600
568,619100
569,615800
570,615200
571,617700
572,615000
573,618000
574,616600
575,652400
576,611600
577,612300
578,622300
579,615700
580,612300
581,612800
582,619000
583,610900
584,608800
585,615700
586,610300
587,680500
588,622700
589,626300
590,630700
591,725500
592,632400
593,629700
594,624500
595,624800
596,621500
597,623200
598,618700
599,618600
600,627500
601,630600
602,621400
603,619400
604,618900
605,618100
606,616200
607,614700
608,621300
609,612500
610,624100
611,613500
612,645100
613,615300
614,751200
615,786400
616,752500
617,662300
618,628900
619,627000
620,632800
621,627500
622,877000
623,625800
624,621800
625,633200
626,622400
627,614000
628,613200
629,619300
630,617800
631,615500
632,620100
633,612900
634,613700
635,611200
636,649400
637,780200
638,686100
639,687200
640,681300
641,685400
642,682700
643,663700
644,676700
645,679500
646,676800
647,672600
648,670900
649,669900
650,670700
651,670300
652,663900
653,672700
654,666300
655,657500
656,669800
657,668300
658,658800
659,861800
660,1101200
661,794200
662,748900
663,653700
664,627100
665,629800
666,626700
667,622900
668,725900
669,625600
670,621400
671,629900
672,623200
673,612400
674,614200
675,614400
676,613300
677,614400
678,612200
679,624700
680,616600
681,613900
682,611200
683,680300
684,621300
685,646800
686,824200
687,683800
688,665000
689,674600
690,692100
691,673500
692,678700
693,676500
694,665800
695,671000
696,669200
697,873500
698,676100
699,663800
700,661600
701,666000
702,650600
703,668000
704,680500
705,663700
706,929900
707,1025200
708,712000
709,762300
710,679500
711,692900
712,678200
713,693700
714,675000
715,671100
716,663100
717,682900
718,691200
719,692900
720,681000
721,671200
722,674400
723,676100
724,665700
725,671000
726,682100
727,767300
728,774600
729,751800
730,741600
731,633500
732,626000
733,632300
734,634900
735,638300
736,628500
737,629300
738,629900
739,631500
740,625300
741,619100
742,618200
743,715200
744,622000
745,617000
746,619500
747,617500
748,621100
749,622800
750,612400
751,622100
752,631000
753,617200
754,618700
755,631900
756,622500
757,619100
758,615300
759,631900
760,618500
761,625200
762,621200
763,620700
764,619200
765,621000
766,616500
767,616800
768,613200
769,617900
770,615900
771,615900
772,834800
773,621100
774,622300
775,636000
776,688100
777,646200
778,630500
779,621700
780,619100
781,622000
782,637500
783,618700
784,615900
785,623500
786,617000
787,616000
788,613800
789,624300
790,614600
791,618000
792,618500
793,612500
794,614000
795,614400
796,614700
797,612100
798,609000
799,618600
800,617300
801,788100
802,998500
803,797100
804,729900
805,653300
806,634700
807,632200
808,628500
809,627600
810,617100
811,617700
812,613600
813,615200
814,614500
815,620100
816,616100
817,617900
818,615900
819,614700
820,618700
821,612600
822,615100
823,719000
824,625600
825,707800
826,773000
827,754800
828,653900
829,642300
830,630600
831,629000
832,627800
833,620200
834,616500
835,620900
836,617600
837,733000
838,721300
839,675600
840,722800
841,715600
842,623800
843,721200
844,725200
845,709900
846,620200
847,695600
848,699300
849,1126100
850,768200
851,662000
852,633100
853,630600
854,658700
855,633600
856,648400
857,642300
858,630100
859,625400
860,623500
861,620600
862,611600
863,612100
864,617900
865,628100
866,616800
867,611400
868,608100
869,612800
870,610500
871,610700
872,674400
873,629500
874,629200
875,626600
876,631000
877,634200
878,627900
879,626400
880,620200
881,618200
882,615400
883,613800
884,617600
885,613200
886,614400
887,618500
888,616700
889,612200
890,616500
891,619900
892,613300
893,613800
894,625400
895,612200
896,617500
897,639700
898,629700
899,827400
900,632300
901,662700
902,625900
903,782800
904,670900
905,620800
906,621800
907,654800
908,663300
909,611500
910,690200
911,626100
912,615700
913,612200
914,613900
915,613900
916,610500
917,612800
918,610300
919,613000
920,623900
921,658300
922,669200
923,620700
924,755500
925,643900
926,893700
927,618600
928,616900
929,613700
930,615000
931,611600
932,615600
933,612600
934,615200
935,613700
936,614800
937,611400
938,615900
939,615500
940,613200
941,610000
942,608300
943,614900
944,630700
945,625600
946,609700
947,666700
948,614000
949,664100
950,880100
951,832000
952,693200
953,684000
954,681900
955,686300
956,679100
957,685300
958,682100
959,776100
960,673500
961,783900
962,798300
963,688400
964,757700
965,896800
966,866100
967,684700
968,834500
969,813600
970,738100
971,699100
972,682300
973,679200
974,673100
975,668400
976,688400
977,678600
978,792100
979,678000
980,673100
981,667900
982,682100
983,670700
984,667300
985,670900
986,672400
987,674300
988,664700
989,673000
990,658900
991,883100
992,1031400
993,765800
994,722100
995,623800
996,628100
997,623800
998,628300
999,876800
1000,619600
1001,613400
1002,615100
1003,627600
1004,624100
1005,612600
1006,616100
1007,607900
1008,613900
1009,637100
1010,618600
1011,609900
1012,614900
1013,720900
1014,644800
1015,650900
1016,905700
1017,698800
1018,631400
1019,643000
1020,629400
1021,623600
1022,629100
1023,618200
1024,620500
1025,619900
1026,619900
1027,621000
1028,618000
1029,617700
1030,620000
1031,615000
1032,6254400
1033,6497200
1034,714400
1035,640800
1036,631900
1037,619400
1038,757600
1039,1222900
1040,5565600
1041,842400
1042,789900
1043,696200
1044,692900
1045,685100
1046,695900
1047,706000
1048,742500
1049,1126100
1050,698700
1051,707900
1052,694000
1053,688200
1054,693000
1055,715000
1056,680800
1057,761900
1058,692500
1059,688800
1060,690500
1061,705500
1062,682400
1063,677500
1064,678100
1065,679000
1066,663700
1067,675000
1068,656600
1069,676100
1070,687400
1071,675300
1072,688600
1073,668700
1074,668100
1075,662300
1076,667700
1077,665400
1078,662200
1079,660800
1080,768800
1081,907000
1082,783600
1083,690400
1084,684700
1085,767100
1086,668100
1087,671300
1088,665300
1089,674000
1090,681400
1091,663600
1092,666600
1093,669800
1094,677400
1095,654100
1096,670600
1097,695000
1098,723000
1099,705400
1100,690200
1101,680900
1102,810600
1103,774800
1104,731400
1105,652200
1106,632600
1107,620100
1108,624100
1109,618700
1110,633000
1111,619300
1112,614900
1113,618600
1114,616900
1115,610300
1116,621300
1117,613400
1118,617600
1119,619000
1120,616200
1121,609500
1122,1017800
1123,616000
1124,614800
1125,614600
1126,653400
1127,612200
1128,4852900
1129,655200
1130,647600
1131,631100
1132,627100
1133,651400
1134,629300
1135,627200
1136,629100
1137,612800
1138,614800
1139,617000
1140,616600
1141,612500
1142,613200
1143,612300
1144,658400
1145,612500
1146,622400
1147,623100
1148,620200
1149,630400
1150,628300
1151,615700
1152,619600
1153,623800
1154,618700
1155,621500
1156,614100
1157,624200
1158,615800
1159,613800
1160,618900
1161,614900
1162,611100
1163,621200
1164,611800
1165,614900
1166,613300
1167,612000
1168,621600
1169,692000
1170,776800
1171,882600
1172,711200
1173,639600
1174,632000
1175,629800
1176,725600
1177,627400
1178,625100
1179,619200
1180,637400
1181,627100
1182,618500
1183,616900
1184,616200
1185,619900
1186,617400
1187,619000
1188,616100
1189,618000
1190,616700
1191,615700
1192,615000
1193,705500
1194,1160100
1195,753400
1196,724700
1197,638700
1198,626200
1199,638200
1200,625700
1201,631000
1202,628900
1203,619400
1204,611000
1205,617400
1206,612400
1207,738100
1208,613500
1209,620700
1210,611700
1211,613600
1212,620400
1213,612200
1214,610700
1215,614300
1216,610000
1217,653100
1218,617100
1219,779600
1220,715400
1221,644500
1222,648300
1223,637300
1224,625500
1225,628400
1226,631400
1227,620400
1228,617600
1229,619800
1230,618500
1231,621800
1232,616800
1233,624000
1234,616800
1235,620800
1236,616000
1237,619600
1238,619700
1239,619600
1240,615700
1241,616300
1242,639400
1243,619200
1244,620900
1245,622500
1246,625700
1247,621500
1248,614400
1249,628700
1250,619500
1251,615700
1252,610800
1253,612700
1254,617700
1255,620500
1256,701000
1257,620000
1258,612200
1259,617700
1260,617500
1261,615500
1262,613300
1263,612200
1264,611800
1265,616800
1266,609400
1267,657100
1268,633600
1269,770000
1270,646900
1271,635200
1272,874800
1273,631000
1274,641500
1275,633500
1276,618800
1277,625300
1278,615600
1279,629900
1280,622000
1281,621800
1282,619800
1283,639300
1284,624900
1285,639400
1286,613700
1287,618400
1288,629400
1289,618300
1290,614600
1291,670000
1292,618500
1293,628300
1294,651800
1295,628800
1296,629500
1297,617300
1298,631500
1299,618800
1300,615900
1301,615200
1302,613000
1303,622500
1304,616700
1305,615700
1306,610500
1307,615000
1308,617000
1309,631000
1310,611700
1311,623600
1312,617500
1313,614000
1314,609700
1315,614400
1316,866200
1317,4629100
1318,654800
1319,634100
1320,625300
1321,619700
1322,623300
1323,618500
1324,611300
1325,615600
1326,613900
1327,616300
1328,613600
1329,615800
1330,758700
1331,619300
1332,615500
1333,615100
1334,651100
1335,778600
1336,737700
1337,688600
1338,632000
1339,662200
1340,632400
1341,626700
1342,625200
1343,628100
1344,938200
1345,626400
1346,621800
1347,617000
1348,616900
1349,619900
1350,615600
1351,620400
1352,614300
1353,623300
1354,617100
1355,664000
1356,626200
1357,614800
1358,770500
1359,755500
1360,736400
1361,732100
1362,619900
1363,622100
1364,656300
1365,628400
1366,620600
1367,613800
1368,612200
1369,615800
1370,615000
1371,620000
1372,610200
1373,617100
1374,612200
1375,615500
1376,615300
1377,612100
1378,617400
1379,618000
1380,612400
1381,617200
1382,609100
1383,661400
1384,631900
1385,626000
1386,631300
1387,627100
1388,621800
1389,625800
1390,624800
1391,626300
1392,623100
1393,619300
1394,617200
1395,622100
1396,617600
1397,618400
1398,634000
1399,632500
1400,625300
1401,623500
1402,621500
1403,622900
1404,620000
1405,625800
1406,624700
1407,648100
1408,612700
1409,850400
1410,736000
1411,642300
1412,640000
1413,626700
1414,622200
1415,623600
1416,611800
1417,613700
1418,611400
1419,616700
1420,618300
1421,612900
1422,839500
1423,620300
1424,615100
1425,626900
1426,611900
1427,616200
1428,613000
1429,615500
1430,613600
1431,612300
1432,660700
1433,663200
1434,713700
1435,692900
1436,680200
1437,716300
1438,688300
1439,673900
1440,673400
1441,673800
1442,743700
1443,1009200
1444,1033900
1445,673500
1446,684200
1447,673400
1448,668700
1449,658800
1450,665900
1451,658600
1452,662800
1453,659900
1454,865800
1455,1043200
1456,678000
1457,650300
1458,723600
1459,685000
1460,626400
1461,640200
1462,626600
1463,628500
1464,626600
1465,635500
1466,626100
1467,629500
1468,625400
1469,627400
1470,626800
1471,630000
1472,625900
1473,633100
1474,627200
1475,629700
1476,646800
1477,679800
1478,810700
1479,732000
1480,640900
1481,634700
1482,631400
1483,633600
1484,625900
1485,633700
1486,714500
1487,624200
1488,625400
1489,625500
1490,624200
1491,623000
1492,622100
1493,628700
1494,614700
1495,618600
1496,613800
1497,891200
1498,621800
1499,638700
1500,617600
1501,683500
1502,622700
1503,702200
1504,787000
1505,682000
1506,678700
1507,677100
1508,669600
1509,660800
1510,673600
1511,672100
1512,651400
1513,660800
1514,651500
1515,654800
1516,661100
1517,646100
1518,656800
1519,693700
1520,646900
1521,673400
1522,659000
1523,656800
1524,858100
1525,911100
1526,778000
1527,750500
1528,720400
1529,624700
1530,626900
1531,621200
1532,628600
1533,630400
1534,618900
1535,625400
1536,611500
1537,614400
1538,609900
1539,625400
1540,615000
1541,615300
1542,610700
1543,626600
1544,610600
1545,625200
1546,617300
1547,611000
1548,674800
1549,638100
1550,665000
1551,778000
1552,682100
1553,684200
1554,666300
1555,662500
1556,674300
1557,659300
1558,655200
1559,659900
1560,655500
1561,649600
1562,647300
1563,659700
1564,751100
1565,669800
1566,675800
1567,651100
1568,660000
1569,653000
1570,648000
1571,725200
1572,1190400
1573,746500
1574,655900
1575,642900
1576,637800
1577,634200
1578,625100
1579,628800
1580,628300
1581,635900
1582,624600
1583,625100
1584,624800
1585,627000
1586,623200
1587,624700
1588,624700
1589,630200
1590,619100
1591,626400
1592,618400
1593,620500
1594,619000
1595,650600
1596,703300
1597,669000
1598,640300
1599,636600
1600,633200
1601,631800
1602,626300
1603,630500
1604,626800
1605,626500
1606,629100
1607,625700
1608,617900
1609,618400
1610,643100
1611,632300
1612,627900
1613,622800
1614,617700
1615,621400
1616,617800
1617,619800
1618,616300
1619,632300
1620,658500
1621,809000
1622,780300
1623,751100
1624,659100
1625,632700
1626,625500
1627,621800
1628,633200
1629,622100
1630,623200
1631,618300
1632,620000
1633,620300
1634,620800
1635,621100
1636,639000
1637,619400
1638,623500
1639,615500
1640,623100
1641,628200
1642,709500
1643,707000
1644,644600
1645,757200
1646,653900
1647,648100
1648,687700
1649,941000
1650,638400
1651,644500
1652,625800
1653,642000
1654,637400
1655,623700
1656,626500
1657,625500
1658,635300
1659,629100
1660,619100
1661,618800
1662,620700
1663,618300
1664,619900
1665,619900
1666,623700
1667,647900
1668,625800
1669,657300
1670,633200
1671,621200
1672,642900
1673,619800
1674,618900
1675,619700
1676,622100
1677,623200
1678,619700
1679,618600
1680,623300
1681,627500
1682,629500
1683,617900
1684,619200
1685,621000
1686,620800
1687,618300
1688,615700
1689,621600
1690,631600
1691,628100
1692,676000
1693,627400
1694,775400
1695,661900
1696,641500
1697,646300
1698,637300
1699,629200
1700,630000
1701,625000
1702,626900
1703,626700
1704,632000
1705,634600
1706,650200
1707,632900
1708,624400
1709,630700
1710,626000
1711,628700
1712,623400
1713,626200
1714,623000
1715,626200
1716,759200
1717,830700
1718,777000
1719,661900
1720,632500
1721,731300
1722,629800
1723,629600
1724,625300
1725,632700
1726,951100
1727,633600
1728,635600
1729,633800
1730,623300
1731,623400
1732,624700
1733,624800
1734,631200
1735,623500
1736,619800
1737,621200
1738,625900
1739,632900
1740,655800
1741,639300
1742,625400
1743,622500
1744,621300
1745,625500
1746,618700
1747,625500
1748,621500
1749,623000
1750,625600
1751,620300
1752,628300
1753,620400
1754,618000
1755,619900
1756,616600
1757,631600
1758,617600
1759,623900
1760,617900
1761,619000
1762,618800
1763,620900
1764,694000
1765,904200
1766,788200
1767,757900
1768,711300
1769,676600
1770,680000
1771,670700
1772,659500
1773,670900
1774,665400
1775,674300
1776,660300
1777,666300
1778,652600
1779,678800
1780,700500
1781,668200
1782,667600
1783,665500
1784,657800
1785,669500
1786,660200
1787,876900
1788,1036000
1789,669500
1790,673500
1791,676100
1792,650700
1793,682900
1794,708600
1795,663100
1796,678200
1797,663700
1798,762400
1799,669000
1800,656800
1801,968700
1802,675000
1803,654100
1804,669100
1805,657600
1806,660500
1807,669100
1808,666300
1809,934800
1810,991900
1811,777500
1812,692700
1813,631900
1814,628100
1815,629800
1816,625100
1817,626500
1818,633200
1819,620500
1820,625200
1821,618700
1822,620400
1823,620700
1824,617500
1825,620100
1826,616600
1827,616300
1828,617300
1829,619900
1830,617000
1831,616900
1832,726500
1833,640600
1834,636600
1835,622300
1836,620900
1837,617900
1838,618700
1839,613500
1840,626000
1841,618900
1842,639100
1843,625500
1844,621800
1845,617100
1846,620400
1847,613600
1848,617300
1849,617300
1850,619500
1851,616600
1852,619200
1853,617200
1854,619000
1855,617000
1856,616600
1857,620600
1858,640700
1859,613400
1860,797400
1861,712500
1862,680100
1863,670000
1864,688300
1865,670600
1866,672600
1867,667600
1868,654800
1869,664000
1870,700900
1871,661400
1872,648400
1873,667700
1874,658100
1875,649300
1876,754500
1877,946600
1878,670000
1879,652900
1880,837900
1881,744600
1882,960700
1883,782500
1884,768200
1885,669400
1886,699800
1887,673500
1888,671900
1889,655700
1890,680100
1891,665600
1892,709500
1893,682100
1894,672900
1895,655300
1896,662500
1897,6266000
1898,913600
1899,787000
1900,676200
1901,678700
1902,663400
1903,678500
1904,664400
1905,675600
1906,664000
1907,667600
1908,668700
1909,655900
1910,658700
1911,670900
1912,663300
1913,668400
1914,678500
1915,669900
1916,657400
1917,875000
1918,1021000
1919,656300
1920,737300
1921,666700
1922,665300
1923,653900
1924,664700
1925,652700
1926,674300
1927,660800
1928,644500
1929,668600
1930,658000
1931,647600
1932,668800
1933,662100
1934,665600
1935,662100
1936,655500
1937,650400
1938,656500
1939,800800
1940,6367300
1941,1160900
1942,672300
1943,675200
1944,669900
1945,671200
1946,681100
1947,666800
1948,669200
1949,661700
1950,663600
1951,666100
1952,676400
1953,813000
1954,892100
1955,784500
1956,678100
1957,666900
1958,671200
1959,663100
1960,647800
1961,672600
1962,661900
1963,658300
1964,667800
1965,664100
1966,647400
1967,674300
1968,665000
1969,693800
1970,673700
1971,665300
1972,651200
1973,658800
1974,649400
1975,644000
1976,679300
1977,657300
1978,659300
1979,678100
1980,658500
1981,648900
1982,652800
1983,662400
1984,658500
1985,654000
1986,657600
1987,650400
1988,646100
1989,660500
1990,642200
1991,658400
1992,664800
1993,640800
1994,655400
1995,648800
1996,654900
1997,658500
1998,642700
1999,739200
2000,915000
2001,870900
2002,679400
2003,674000
2004,668700
2005,1053400
2006,668600
2007,652100
2008,660700
2009,659500
2010,650100
2011,667900
2012,663100
2013,765800
2014,663400
2015,662100
2016,659400
2017,653100
2018,672000
2019,649800
2020,664700
2021,786800
2022,928700
2023,943400
2024,669200
2025,674200
2026,677200
2027,663500
2028,662200
2029,665100
2030,659200
2031,654300
2032,662800
2033,661400
2034,669500
2035,666000
2036,648200
2037,662000
2038,663100
2039,644100
2040,664000
2041,663600
2042,650200
2043,664800
2044,867400
2045,1025000
2046,779800
2047,744600
2048,728200
2049,627400
2050,635000
2051,624200
2052,627000
2053,624000
2054,638900
2055,626400
2056,645100
2057,622400
2058,617100
2059,619100
2060,618300
2061,610300
2062,612800
2063,613100
2064,620300
2065,622800
2066,615400
2067,644600
2068,626000
2069,690500
2070,774100
2071,749000
2072,663800
2073,625000
2074,629800
2075,631800
2076,627600
2077,622100
2078,624400
2079,1016100
2080,621100
2081,620200
2082,622700
2083,616400
2084,615700
2085,613000
2086,612900
2087,619300
2088,630300
2089,617300
2090,715000
2091,635600
2092,624900
2093,908300
2094,810200
2095,758700
2096,669400
2097,632300
2098,626200
2099,634400
2100,631100
2101,624200
2102,623900
2103,618400
2104,617600
2105,621500
2106,619300
2107,620200
2108,617100
2109,623000
2110,624100
2111,622900
2112,617100
2113,623700
2114,615300
2115,640900
2116,620500
2117,643900
2118,638200
2119,628900
2120,624200
2121,625900
2122,622400
2123,626300
2124,621500
2125,622400
2126,620800
2127,622100
2128,616000
2129,620600
2130,617300
2131,618000
2132,617500
2133,618200
2134,620400
2135,629900
2136,621900
2137,618700
2138,617100
2139,624000
2140,635700
2141,622200
2142,720600
2143,650900
2144,635400
2145,634900
2146,621800
2147,630700
2148,619900
2149,626500
2150,626300
2151,619000
2152,637000
2153,646300
2154,650200
2155,628300
2156,618500
2157,907100
2158,622000
2159,638400
2160,620400
2161,625700
2162,623000
2163,625200
2164,644700
2165,626800
2166,634500
2167,633800
2168,629900
2169,731300
2170,636600
2171,629500
2172,628200
2173,628700
2174,623000
2175,629500
2176,626100
2177,624400
2178,621700
2179,621900
2180,629000
2181,619700
2182,622500
2183,650500
2184,621500
2185,621000
2186,625200
2187,619400
2188,647100
2189,690200
2190,627700
2191,635400
2192,660700
2193,624900
2194,626700
2195,622100
2196,621700
2197,619500
2198,619500
2199,620000
2200,621500
2201,618100
2202,621100
2203,617700
2204,620700
2205,623100
2206,624000
2207,614200
2208,645100
2209,616200
2210,623500
2211,615900
2212,619800
2213,612700
2214,645800
2215,624400
2216,620300
2217,615100
2218,625200
2219,619100
2220,618900
2221,725800
2222,821100
2223,795600
2224,767000
2225,670200
2226,684100
2227,669600
2228,672600
2229,661600
2230,664600
2231,648700
2232,667600
2233,656200
2234,958700
2235,666300
2236,802000
2237,6072000
2238,742300
2239,841200
2240,681300
2241,625800
2242,631600
2243,640000
2244,626100
2245,625000
2246,627500
2247,614400
2248,625100
2249,614800
2250,618700
2251,689700
2252,627000
2253,619400
2254,622600
2255,627600
2256,624800
2257,621100
2258,623700
2259,621100
2260,619600
2261,623600
2262,617500
2263,619000
2264,614100
2265,614400
2266,616600
2267,622900
2268,618500
2269,613300
2270,618400
2271,615000
2272,609700
2273,611700
2274,612600
2275,610800
2276,613700
2277,741000
2278,770800
2279,733200
2280,641700
2281,624500
2282,618100
2283,618100
2284,2396400
2285,928300
2286,784100
2287,773300
2288,740800
2289,634700
2290,632300
2291,626700
2292,627900
2293,624900
2294,628700
2295,630700
2296,626200
2297,624000
2298,674200
2299,692800
2300,1142700
2301,745900
2302,651300
2303,634600
2304,634600
2305,625500
2306,630000
2307,620300
2308,622700
2309,631600
2310,626700
2311,619800
2312,619100
2313,613000
2314,704300
2315,619200
2316,616200
2317,613400
2318,615500
2319,616200
2320,616000
2321,694700
2322,624300
2323,621100
2324,624600
2325,624100
2326,619500
2327,615300
2328,615200
2329,614200
2330,621400
2331,629500
2332,627600
2333,612300
2334,613700
2335,612500
2336,616900
2337,618600
2338,621500
2339,615900
2340,622300
2341,612400
2342,615700
2343,617400
2344,625900
2345,613400
2346,780600
2347,636000
2348,619100
2349,612700
2350,636600
2351,622600
2352,624400
2353,621100
2354,618800
2355,615100
2356,620700
2357,633300
2358,619700
2359,618700
2360,648800
2361,620500
2362,623100
2363,612900
2364,613100
2365,619200
2366,614900
2367,612700
2368,611800
2369,613300
2370,648700
2371,641000
2372,625300
2373,736600
2374,669800
2375,644700
2376,630600
2377,650500
2378,1392600
2379,937800
2380,917600
2381,646700
2382,640800
2383,628600
2384,631400
2385,620600
2386,624000
2387,618900
2388,621900
2389,624000
2390,633900
2391,620400
2392,623400
2393,759600
2394,746900
2395,706000
2396,730200
2397,677100
2398,684700
2399,682800
2400,682200
2401,667000
2402,660300
2403,653100
2404,665300
2405,660900
2406,654200
2407,663000
2408,654600
2409,662800
2410,666000
2411,647900
2412,659400
2413,671500
2414,687000
2415,678000
2416,909400
2417,978000
2418,756200
2419,729800
2420,727200
2421,616500
2422,621100
2423,628400
2424,621700
2425,614500
2426,619300
2427,612600
2428,621900
2429,614000
2430,618800
2431,613600
2432,615800
2433,612900
2434,613600
2435,613500
2436,616000
2437,612700
2438,618100
2439,671800
2440,627300
2441,656400
2442,622400
2443,620100
2444,624100
2445,629500
2446,623700
2447,638500
2448,618200
2449,617600
2450,618100
2451,617300
2452,928300
2453,620900
2454,621100
2455,628500
2456,617400
2457,617400
2458,615200
2459,617500
2460,616800
2461,618200
2462,616200
2463,618900
2464,655900
2465,668800
2466,822000
2467,683000
2468,666500
2469,663900
2470,769800
2471,674400
2472,658800
2473,670800
2474,670200
2475,677700
2476,666600
2477,687400
2478,685400
2479,657100
2480,662300
2481,659100
2482,655400
2483,663100
2484,647600
2485,670600
2486,675800
2487,903400
2488,886900
2489,677600
2490,669000
2491,670500
2492,655700
2493,680900
2494,676700
2495,662900
2496,662000
2497,652500
2498,653700
2499,659400
2500,656300
2501,651900
2502,657100
2503,663900
2504,656900
2505,673900
2506,645800
2507,652400
2508,643200
2509,783400
2510,778200
2511,4941600
2512,644800
2513,706400
2514,710400
2515,618600
2516,620000
2517,616400
2518,615500
2519,615200
2520,919100
2521,615600
2522,619500
2523,613500
2524,611500
2525,617300
2526,638500
2527,614300
2528,622100
2529,631700
2530,642000
2531,627600
2532,615200
2533,617800
2534,617000
2535,631000
2536,625500
2537,616500
2538,614300
2539,614200
2540,615000
2541,709100
2542,617800
2543,616300
2544,613600
2545,616400
2546,621900
2547,615300
2548,619000
2549,615200
2550,614900
2551,693600
2552,625200
2553,624100
2554,624000
2555,631900
2556,618000
2557,614400
2558,617700
2559,623900
2560,624000
2561,613500
2562,613700
2563,613500
2564,613600
2565,617800
2566,611000
2567,610900
2568,613400
2569,618100
2570,617100
2571,612200
2572,610800
2573,615600
2574,609000
2575,642400
2576,641200
2577,620800
2578,817300
2579,785200
2580,756800
2581,747200
2582,707100
2583,686600
2584,633900
2585,636200
2586,633100
2587,638500
2588,625400
2589,617400
2590,619800
2591,631200
2592,618100
2593,621900
2594,612000
2595,616900
2596,615100
2597,614500
2598,614300
2599,1008400
2600,632800
2601,639800
2602,623600
2603,622000
2604,619200
2605,620200
2606,614000
2607,620300
2608,615100
2609,614800
2610,617000
2611,615700
2612,613500
2613,615000
2614,613700
2615,620000
2616,613000
2617,617400
2618,614100
2619,616100
2620,617800
2621,704600
2622,614000
2623,613900
2624,635300
2625,818100
2626,797700
2627,754500
2628,661700
2629,669700
2630,667000
2631,663300
2632,661800
2633,662500
2634,656700
2635,648100
2636,673500
2637,660800
2638,657300
2639,663000
2640,652600
2641,647400
2642,656400
2643,648800
2644,645700
2645,659000
2646,649300
2647,639900
2648,892500
2649,1035700
2650,709000
2651,701800
2652,681900
2653,674400
2654,672300
2655,676000
2656,678200
2657,659500
2658,662900
2659,665000
2660,662700
2661,647800
2662,662800
2663,666700
2664,650600
2665,665000
2666,668700
2667,668100
2668,663800
2669,676100
2670,771100
2671,898600
2672,815200
2673,906300
2674,666600
2675,652500
2676,659800
2677,663500
2678,651000
2679,666300
2680,671000
2681,655200
2682,650900
2683,657600
2684,652700
2685,647600
2686,660700
2687,648800
2688,655200
2689,647400
2690,652800
2691,671700
2692,653100
2693,898600
2694,1031200
2695,873800
2696,730800
2697,631500
2698,628300
2699,622700
2700,630400
2701,625100
2702,621800
2703,620600
2704,624300
2705,615700
2706,613200
2707,612600
2708,622700
2709,616700
2710,618300
2711,614600
2712,612600
2713,634100
2714,620600
2715,613200
2716,749300
2717,1015500
2718,666100
2719,652700
2720,639400
2721,640800
2722,639400
2723,643500
2724,628900
2725,623400
2726,629900
2727,621000
2728,620400
2729,621800
2730,622800
2731,617700
2732,619300
2733,616300
2734,626700
2735,622900
2736,626400
2737,630500
2738,619600
2739,618600
2740,675000
2741,646300
2742,633800
2743,624300
2744,626800
2745,625500
2746,624200
2747,624800
2748,622500
2749,865800
2750,630600
2751,621700
2752,624900
2753,619600
2754,623200
2755,627300
2756,621400
2757,620900
2758,620600
2759,624900
2760,622400
2761,620300
2762,6091200
2763,976300
2764,858200
2765,949300
2766,769300
2767,771000
2768,769300
2769,763900
2770,770100
2771,775800
2772,874700
2773,898500
2774,820400
2775,637700
2776,675200
2777,634900
2778,779400
2779,666500
2780,738400
2781,745800
2782,727900
2783,629900
2784,627700
2785,625700
2786,628200
2787,640400
2788,629400
2789,629500
2790,631500
2791,619300
2792,624500
2793,639300
2794,622200
2795,622300
2796,626000
2797,626600
2798,628000
2799,617300
2800,643100
2801,621200
2802,673900
2803,5742100
2804,774400
2805,734200
2806,1062600
2807,628200
2808,643800
2809,621700
2810,622900
2811,618400
2812,621100
2813,616400
2814,620000
2815,628100
2816,651900
2817,655300
2818,797300
2819,778500
2820,755800
2821,740200
2822,646700
2823,628400
2824,626400
2825,626500
2826,627600
2827,618300
2828,624200
2829,615900
2830,621400
2831,641800
2832,724900
2833,615500
2834,615400
2835,616700
2836,615100
2837,611800
2838,616100
2839,614700
2840,643300
2841,619800
2842,761300
2843,785100
2844,646600
2845,640900
2846,631800
2847,624400
2848,627100
2849,625100
2850,628200
2851,621800
2852,623100
2853,625100
2854,632300
2855,616300
2856,621600
2857,618000
2858,619600
2859,616700
2860,650100
2861,617600
2862,629100
2863,615600
2864,723200
2865,760200
2866,685500
2867,682800
2868,679000
2869,668600
2870,677300
2871,667400
2872,655400
2873,660900
2874,674400
2875,701000
2876,652800
2877,679300
2878,652600
2879,665700
2880,662200
2881,650700
2882,912900
2883,664300
2884,659400
2885,656400
2886,685900
2887,918700
2888,1084600
2889,712200
2890,665500
2891,685100
2892,658800
2893,651200
2894,661400
2895,657500
2896,658600
2897,657000
2898,647500
2899,673200
2900,648500
2901,655500
2902,669900
2903,654800
2904,680100
2905,644700
2906,669200
2907,655900
2908,884300
2909,1047300
2910,874900
2911,636500
2912,633000
2913,628200
2914,630600
2915,621800
2916,633000
2917,623400
2918,670500
2919,631300
2920,635800
2921,624300
2922,626400
2923,619700
2924,630300
2925,622100
2926,626600
2927,624100
2928,620400
2929,616000
2930,620100
2931,618500
2932,685400
2933,649100
2934,649300
2935,626600
2936,629500
2937,619800
2938,623600
2939,614300
2940,624600
2941,619100
2942,618200
2943,615300
2944,640400
2945,619300
2946,624200
2947,617000
2948,627200
2949,620100
2950,660000
2951,616400
2952,619300
2953,612200
2954,613900
2955,614900
2956,614900
2957,952100
2958,646300
2959,625500
2960,630200
2961,622100
2962,632700
2963,625700
2964,628200
2965,626800
2966,623500
2967,621900
2968,641100
2969,621900
2970,624000
2971,621000
2972,620100
2973,619500
2974,625400
2975,619900
2976,624400
2977,626800
2978,627500
2979,625100
2980,619700
2981,732400
2982,790600
2983,892800
2984,780900
2985,754400
2986,757700
2987,636800
2988,626400
2989,625000
2990,630900
2991,625000
2992,621700
2993,622100
2994,621400
2995,623600
2996,621300
2997,621300
2998,622000
2999,619200
3000,622400
3001,621700
3002,621100
3003,622800
3004,620700
3005,662300
3006,626900
3007,637600
3008,933900
3009,1018200
3010,1034800
3011,1019400
3012,1037000
3013,1015600
3014,1018300
3015,1014800
3016,1008900
3017,1008900
3018,1007700
3019,1016500
3020,1020000
3021,1014200
3022,672300
3023,628400
3024,5529100
3025,1058700
3026,634900
3027,622300
3028,634400
3029,626000
3030,612400
3031,630800
3032,793500
3033,842800
3034,805200
3035,695500
3036,661600
3037,910100
3038,1037200
3039,663500
3040,642900
3041,636900
3042,633200
3043,644700
3044,644900
3045,636200
3046,630200
3047,631900
3048,741900
3049,631100
3050,629500
3051,629700
3052,626600
3053,629000
3054,629100
3055,629300
3056,628700
3057,643000
3058,624200
3059,633600
3060,664900
3061,633900
3062,629100
3063,645200
3064,712500
3065,767300
3066,752300
3067,678400
3068,669900
3069,684000
3070,677000
3071,677200
3072,671200
3073,677900
3074,661500
3075,677500
3076,666600
3077,667600
3078,667200
3079,678000
3080,654700
3081,681500
3082,668600
3083,657300
3084,970900
3085,977400
3086,702900
3087,792700
3088,830600
3089,691500
3090,686100
3091,986800
3092,671800
3093,662600
3094,691300
3095,679800
3096,656300
3097,696600
3098,685800
3099,662700
3100,676500
3101,660000
3102,654000
3103,672600
3104,658300
3105,882700
3106,1007800
3107,802400
3108,761100
3109,741600
3110,743100
3111,630200
3112,624200
3113,623600
3114,623300
3115,621200
3116,619600
3117,627900
3118,620400
3119,624800
3120,625100
3121,625600
3122,721500
3123,621500
3124,621200
3125,656900
3126,742500
3127,725500
3128,785000
3129,950300
3130,712200
3131,641700
3132,654500
3133,658700
3134,633500
3135,631900
3136,652400
3137,627100
3138,624500
3139,624800
3140,622300
3141,633800
3142,622300
3143,623400
3144,642600
3145,961600
3146,998500
3147,989200
3148,1006500
3149,1041500
3150,1042000
3151,873300
3152,900200
3153,676800
3154,695100
3155,675100
3156,667100
3157,671000
3158,667500
3159,661300
3160,673800
3161,974400
3162,678200
3163,650400
3164,705800
3165,1051400
3166,1051500
3167,1043500
3168,1082000
3169,1033300
3170,1030900
3171,743700
3172,739200
3173,724800
3174,648500
3175,626900
3176,626300
3177,620200
3178,625300
3179,608400
3180,624900
3181,609600
3182,613300
3183,610200
3184,611100
3185,612700
3186,610300
3187,608500
3188,609100
3189,610600
3190,611100
3191,711800
3192,880900
3193,924400
3194,683300
3195,639900
3196,623800
3197,619900
3198,622000
3199,616900
3200,622700
3201,614600
3202,619100
3203,613500
3204,615000
3205,615300
3206,615400
3207,614400
3208,618300
3209,609500
3210,616000
3211,613300
3212,607000
3213,609400
3214,2547200
3215,763800
3216,707100
3217,633900
3218,635300
3219,628000
3220,625200
3221,617500
3222,629800
3223,619300
3224,621200
3225,620600
3226,624100
3227,618600
3228,620400
3229,617300
3230,623300
3231,618100
3232,879200
3233,623700
3234,626100
3235,639300
3236,733100
3237,778700
3238,914800
3239,1068000
3240,1032200
3241,1030000
3242,1022500
3243,1007800
3244,1012700
3245,1019400
3246,1011000
3247,1015400
3248,1031000
3249,1021600
3250,1016300
3251,1016900
3252,1059700
3253,798900
3254,751800
3255,736500
3256,705600
3257,616700
3258,621200
3259,613900
3260,718300
3261,636300
3262,619400
3263,614300
3264,614300
3265,614200
3266,615100
3267,612400
3268,614800
3269,611100
3270,622600
3271,614700
3272,621700
3273,612600
3274,613600
3275,640600
3276,649800
3277,764500
3278,1004600
3279,1235100
3280,1097200
3281,1024600
3282,1019500
3283,1036400
3284,1025800
3285,1024700
3286,1027700
3287,1031600
3288,1040200
3289,1033700
3290,1022700
3291,1150900
3292,1137800
3293,915000
3294,743700
3295,756500
3296,705600
3297,729300
3298,665900
3299,670300
3300,666700
3301,660100
3302,667700
3303,662100
3304,657100
3305,657000
3306,703300
3307,684600
3308,661100
3309,665600
3310,648900
3311,663500
3312,917600
3313,979700
3314,777000
3315,749100
3316,644500
3317,626500
3318,624600
3319,661500
3320,622700
3321,624000
3322,621000
3323,619300
3324,620900
3325,635100
3326,704700
3327,623900
3328,639200
3329,615700
3330,613700
3331,610500
3332,613500
3333,611000
3334,609700
3335,756200
3336,780800
3337,773400
3338,780400
3339,775900
3340,769700
3341,770800
3342,773600
3343,773800
3344,762600
3345,771400
3346,767700
3347,768700
3348,766900
3349,781800
3350,772400
3351,823100
3352,896200
3353,898900
3354,823800
3355,664700
3356,624800
3357,625800
3358,633300
3359,615200
3360,615900
3361,981600
3362,614400
3363,622600
3364,616400
3365,618200
3366,613600
3367,611800
3368,616800
3369,625200
3370,611600
3371,630300
3372,613000
3373,615600
3374,643400
3375,621800
3376,612800
3377,613400
3378,610700
3379,654700
3380,623800
3381,621600
3382,636700
3383,716600
3384,708000
3385,683400
3386,676900
3387,672500
3388,670500
3389,681800
3390,660500
3391,672200
3392,673600
3393,663300
3394,667200
3395,666500
3396,661400
3397,659000
3398,663200
3399,679400
3400,784000
3401,664900
3402,824500
3403,893900
3404,764200
3405,678500
3406,663600
3407,690700
3408,662400
3409,652300
3410,672300
3411,665100
3412,649200
3413,680400
3414,664100
3415,660500
3416,674600
3417,662200
3418,652800
3419,663900
3420,656900
3421,654600
3422,662300
3423,664700
3424,649900
3425,804500
3426,769100
3427,686100
3428,678600
3429,681900
3430,675100
3431,667700
3432,661900
3433,666900
3434,663800
3435,931600
3436,661800
3437,678700
3438,654100
3439,667900
3440,660900
3441,668900
3442,656500
3443,677500
3444,659300
3445,662100
3446,665500
3447,768100
3448,881400
3449,792600
3450,749900
3451,738400
3452,630200
3453,629800
3454,623600
3455,625400
3456,620400
3457,622600
3458,621900
3459,621400
3460,630900
3461,625800
3462,621000
3463,626100
3464,619500
3465,620800
3466,615100
3467,619800
3468,618200
3469,620400
3470,619600
3471,618300
3472,1015900
3473,1224100
3474,878900
3475,754600
3476,732200
3477,635200
3478,628000
3479,629100
3480,634500
3481,633200
3482,628600
3483,625800
3484,628800
3485,628200
3486,623900
3487,626900
3488,623700
3489,624300
3490,626400
3491,623500
3492,631500
3493,624000
3494,664800
3495,633200
3496,661100
3497,628900
3498,621900
3499,623900
3500,666800
3501,623400
3502,628100
3503,631600
3504,622000
3505,638000
3506,622300
3507,620300
3508,622700
3509,617300
3510,1027000
3511,639700
3512,626000
3513,622100
3514,625100
3515,623100
3516,622800
3517,625300
3518,621600
3519,685800
3520,636900
3521,636800
3522,634400
3523,618400
3524,622800
3525,617200
3526,618500
3527,619000
3528,628200
3529,614100
3530,626600
3531,617100
3532,619800
3533,616200
3534,618700
3535,618400
3536,619300
3537,623200
3538,619900
3539,618000
3540,620700
3541,620400
3542,617000
3543,620100
3544,773000
3545,859300
3546,733000
3547,632200
3548,628300
3549,623600
3550,636500
3551,626200
3552,620400
3553,620200
3554,708400
3555,619800
3556,617300
3557,618100
3558,624900
3559,614700
3560,617900
3561,613900
3562,617600
3563,613800
3564,615200
3565,616500
3566,615600
3567,616500
3568,735500
3569,862000
3570,733600
3571,629400
3572,645400
3573,619400
3574,626700
3575,628900
3576,623200
3577,620300
3578,623800
3579,615600
3580,621300
3581,615200
3582,620900
3583,617300
3584,620600
3585,624800
3586,618800
3587,614500
3588,858900
3589,618500
3590,621400
3591,14830100
3592,928300
3593,738900
3594,890000
3595,827500
3596,816300
3597,820700
3598,792500
3599,801300
3600,1833300
3601,802200
3602,762300
3603,676700
3604,629800
3605,626000
3606,627200
3607,742600
3608,628600
3609,622000
3610,626800
3611,634200
3612,625200
3613,621500
3614,769600
3615,5820000
3616,1190400
3617,1052700
3618,1043600
3619,1046200
3620,1045100
3621,1055900
3622,1034400
3623,1028100
3624,1142700
3625,1253300
3626,754600
3627,652300
3628,629700
3629,628500
3630,633600
3631,622800
3632,625700
3633,624700
3634,623400
3635,616400
3636,614400
3637,615000
3638,616900
3639,613300
3640,613200
3641,610800
3642,611900
3643,611400
3644,613300
3645,611600
3646,609100
3647,610300
3648,645900
3649,766400
3650,911300
3651,6101600
3652,668200
3653,684900
3654,702200
3655,695100
3656,690200
3657,666500
3658,663900
3659,663900
3660,663300
3661,758400
3662,788900
3663,788900
3664,3603100
3665,772500
3666,644500
3667,641000
3668,636200
3669,638300
3670,632300
3671,625700
3672,676100
3673,621800
3674,618400
3675,621100
3676,617900
3677,622700
3678,618300
3679,664600
3680,672200
3681,678200
3682,1066000
3683,960000
3684,634500
3685,638500
3686,1079500
3687,645400
3688,631700
3689,631000
3690,639300
3691,634600
3692,628800
3693,626500
3694,646700
3695,625300
3696,621000
3697,622800
3698,619500
3699,626300
3700,632300
3701,621900
3702,621900
3703,621800
3704,677400
3705,645000
3706,647800
3707,623100
3708,619800
3709,622600
3710,634900
3711,619100
3712,616700
3713,620000
3714,617900
3715,623800
3716,617900
3717,621600
3718,631100
3719,619500
3720,616400
3721,618800
3722,626200
3723,629300
3724,619300
3725,620200
3726,646900
3727,623300
3728,613900
3729,719700
3730,624800
3731,660300
3732,626600
3733,630700
3734,620700
3735,725300
3736,625500
3737,621500
3738,619200
3739,621400
3740,622300
3741,621400
3742,624400
3743,619600
3744,623200
3745,617500
3746,623400
3747,619600
3748,623500
3749,632000
3750,621500
3751,620300
3752,628100
3753,615500
3754,702300
3755,757300
3756,772100
3757,745000
3758,735100
3759,707000
3760,637400
3761,630200
3762,626900
3763,625000
3764,1020600
3765,636100
3766,630200
3767,625700
3768,621600
3769,622000
3770,631800
3771,630500
3772,624900
3773,620300
3774,626800
3775,621900
3776,619800
3777,925800
3778,976300
3779,702700
3780,685100
3781,685600
3782,680200
3783,670700
3784,658400
3785,684300
3786,685500
3787,664800
3788,667000
3789,672700
3790,661600
3791,681800
3792,663200
3793,655800
3794,666900
3795,666600
3796,662400
3797,663400
3798,660900
3799,651000
3800,878400
3801,1089900
3802,778500
3803,747900
3804,684900
3805,628400
3806,625700
3807,629200
3808,622900
3809,623100
3810,621000
3811,714800
3812,626700
3813,620400
3814,625600
3815,621200
3816,615900
3817,626800
3818,617000
3819,619300
3820,616800
3821,618300
3822,614100
3823,632300
3824,616100
3825,622500
3826,616700
3827,614600
3828,612600
3829,618100
3830,615100
3831,619500
3832,626200
3833,618800
3834,613300
3835,621200
3836,615300
3837,617600
3838,616700
3839,955300
3840,630600
3841,630200
3842,621400
3843,617500
3844,612100
3845,617800
3846,612900
3847,618100
3848,684000
3849,773700
3850,793500
3851,751400
3852,739300
3853,736700
3854,650000
3855,630700
3856,619800
3857,630500
3858,626400
3859,627400
3860,621800
3861,629300
3862,618200
3863,620100
3864,619600
3865,698000
3866,623200
3867,625200
3868,623500
3869,621600
3870,619400
3871,656800
3872,624800
3873,631300
3874,626600
3875,626000
3876,634000
3877,625500
3878,626500
3879,629500
3880,621500
3881,629100
3882,623400
3883,666500
3884,619400
3885,624400
3886,620600
3887,622600
3888,628600
3889,622300
3890,710400
3891,625500
3892,621500
3893,621600
3894,618600
3895,627200
3896,657200
3897,836200
3898,785900
3899,754800
3900,744600
3901,637500
3902,632600
3903,629600
3904,633200
3905,636500
3906,629900
3907,630800
3908,623100
3909,627900
3910,631100
3911,626000
3912,629600
3913,628900
3914,620600
3915,622100
3916,882300
3917,628700
3918,621600
3919,642600
3920,629200
3921,627300
3922,617800
3923,622200
3924,640600
3925,628900
3926,618100
3927,621800
3928,622900
3929,624800
3930,621800
3931,620300
3932,625700
3933,619900
3934,626700
3935,618100
3936,621600
3937,619300
3938,613100
3939,616400
3940,615700
3941,617800
3942,616600
3943,620000
3944,658600
3945,626200
3946,628200
3947,722200
3948,710400
3949,687700
3950,671700
3951,675700
3952,673700
3953,664700
3954,685900
3955,687900
3956,679800
3957,672500
3958,656200
3959,682400
3960,664200
3961,667200
3962,657100
3963,664600
3964,667900
3965,659700
3966,668100
3967,855800
3968,1227100
3969,782100
3970,756100
3971,748000
3972,747900
3973,681200
3974,634400
3975,625500
3976,628700
3977,625900
3978,630000
3979,625700
3980,625400
3981,625000
3982,621300
3983,617900
3984,622600
3985,622600
3986,621900
3987,620600
3988,623300
3989,619800
3990,636500
3991,626900
3992,891200
3993,624500
3994,627500
3995,626200
3996,629800
3997,621400
3998,626000
3999,620200
4000,625600
4001,631900
4002,634200
4003,624500
4004,633300
4005,621500
4006,620500
4007,616800
4008,629600
4009,623300
4010,620700
4011,619700
4012,621100
4013,620900
4014,647800
4015,628800
4016,829700
4017,796100
4018,761500
4019,687900
4020,679900
4021,678300
4022,658800
4023,675400
4024,672500
4025,658900
4026,665700
4027,658900
4028,651200
4029,681700
4030,661600
4031,674000
4032,666400
4033,652000
4034,671300
4035,665100
4036,664900
4037,858200
4038,922700
4039,811600
4040,671000
4041,638300
4042,629000
4043,642100
4044,725800
4045,625700
4046,637100
4047,630100
4048,625600
4049,626500
4050,619700
4051,631600
4052,619000
4053,628100
4054,622000
4055,629700
4056,880900
4057,809200
4058,907500
4059,901500
4060,924400
4061,914700
4062,825100
4063,999700
4064,1301100
4065,980800
4066,963600
4067,962000
4068,973100
4069,961600
4070,955600
4071,961500
4072,961500
4073,958500
4074,957100
4075,975700
4076,792500
4077,742200
4078,774200
4079,644900
4080,633000
4081,632100
4082,627300
4083,641200
4084,628200
4085,627700
4086,624500
4087,624900
4088,625000
4089,625400
4090,623400
4091,628100
4092,622500
4093,625300
4094,623100
4095,626300
4096,628000
4097,633800
4098,620800
4099,622900
4100,835200
4101,1060600
4102,665000
4103,736400
4104,647500
4105,642200
4106,635700
4107,632700
4108,624300
4109,631000
4110,625400
4111,644300
4112,623200
4113,727000
4114,623200
4115,630200
4116,631900
4117,621200
4118,622600
4119,623800
4120,621700
4121,627000
4122,616500
4123,640800
4124,619100
4125,622000
4126,631600
4127,626500
4128,623200
4129,632900
4130,625100
4131,637400
4132,626700
4133,623700
4134,622000
4135,956000
4136,628700
4137,630100
4138,622500
4139,626500
4140,624000
4141,624400
4142,624300
4143,625600
4144,620700
4145,626700
4146,625000
4147,729900
4148,797100
4149,899600
4150,687800
4151,646500
4152,652000
4153,631900
4154,629000
4155,626800
4156,656900
4157,630500
4158,632800
4159,625100
4160,629500
4161,625100
4162,640000
4163,621900
4164,629400
4165,633000
4166,627700
4167,624200
4168,626600
4169,625400
4170,627300
4171,625100
4172,663000
4173,627600
4174,631800
4175,636300
4176,638500
4177,621500
4178,634600
4179,628000
4180,630100
4181,623100
4182,623200
4183,620000
4184,629100
4185,622900
4186,622200
4187,621100
4188,626600
4189,621900
4190,623300
4191,620100
4192,754700
4193,625900
4194,634200
4195,624700
4196,653700
4197,642700
4198,630600
4199,643300
4200,632600
4201,628400
4202,627700
4203,625200
4204,631400
4205,628400
4206,625900
4207,627000
4208,628700
4209,621700
4210,626200
4211,621800
4212,624000
4213,910800
4214,632400
4215,625200
4216,627200
4217,622100
4218,632500
4219,623300
4220,629600
4221,659600
4222,678000
4223,725200
4224,692600
4225,693500
4226,665400
4227,677900
4228,672100
4229,677000
4230,663400
4231,669700
4232,670700
4233,663800
4234,675000
4235,686300
4236,659300
4237,677600
4238,675700
4239,662600
4240,679200
4241,673100
4242,668600
4243,663500
4244,921300
4245,993200
4246,770600
4247,658400
4248,628800
4249,629000
4250,633100
4251,626700
4252,623100
4253,624400
4254,647200
4255,628600
4256,622000
4257,623200
4258,627100
4259,621900
4260,628400
4261,619200
4262,616100
4263,621200
4264,618000
4265,622900
4266,617300
4267,744300
4268,1059300
4269,847200
4270,775300
4271,689700
4272,670200
4273,680000
4274,665900
4275,671600
4276,674400
4277,676000
4278,682800
4279,682800
4280,659600
4281,676500
4282,672800
4283,657300
4284,675400
4285,672600
4286,910100
4287,674800
4288,677700
4289,800500
4290,864700
4291,662300
4292,695800
4293,689900
4294,659900
4295,681700
4296,680000
4297,657900
4298,680900
4299,671700
4300,660800
4301,664200
4302,675200
4303,659900
4304,656000
4305,668800
4306,652400
4307,674700
4308,663300
4309,664600
4310,674100
4311,656200
4312,731500
4313,882700
4314,676500
4315,671400
4316,673600
4317,679800
4318,647600
4319,654800
4320,639300
4321,655800
4322,654500
4323,659800
4324,646400
4325,659300
4326,651200
4327,643200
4328,657800
4329,654600
4330,649700
4331,645400
4332,661000
4333,652200
4334,646400
4335,685800
4336,652300
4337,674200
4338,654700
4339,647100
4340,661700
4341,645100
4342,649800
4343,666300
4344,643400
4345,740900
4346,648000
4347,645400
4348,654100
4349,644900
4350,647600
4351,641800
4352,656600
4353,661500
4354,643400
4355,666900
4356,646600
4357,649600
4358,696700
4359,852900
4360,1395300
4361,1028600
4362,1043000
4363,1020100
4364,1024500
4365,1027900
4366,1031800
4367,1022700
4368,1027100
4369,1025600
4370,1028200
4371,1036600
4372,1041700
4373,1101600
4374,788900
4375,1235400
4376,1086200
4377,1031600
4378,1040100
4379,1016900
4380,1016700
4381,1007700
4382,1012900
4383,1011600
4384,1022600
4385,1019500
4386,1025200
4387,1014500
4388,1035900
4389,676900
4390,634800
4391,630900
4392,626400
4393,623800
4394,624800
4395,635700
4396,627500
4397,617700
4398,621800
4399,613500
4400,617100
4401,610900
4402,613400
4403,615100
4404,612000
4405,617400
4406,712600
4407,613200
4408,620900
4409,611500
4410,612700
4411,609900
4412,612000
4413,739600
4414,6995400
4415,1538200
4416,1058700
4417,1065500
4418,1057100
4419,1057300
4420,1044000
4421,1047500
4422,1063800
4423,1060100
4424,1051900
4425,1078100
4426,1051700
4427,1034300
4428,1034000
4429,1032700
4430,1025900
4431,1028200
4432,1043200
4433,1044800
4434,1036100
4435,1036300
4436,799500
4437,4179900
4438,791000
4439,811500
4440,812500
4441,798700
4442,785100
4443,1949300
4444,732000
4445,666900
4446,662600
4447,655800
4448,669400
4449,667700
4450,668500
4451,668200
4452,939600
4453,697500
4454,670500
4455,682200
4456,681500
4457,673000
4458,669000
4459,662400
4460,654200
4461,666000
4462,671400
4463,666200
4464,1161500
4465,677100
4466,667100
4467,665200
4468,663500
4469,650900
4470,675600
4471,698700
4472,658000
4473,664700
4474,649500
4475,898500
4476,930800
4477,829600
4478,759800
4479,698500
4480,724900
4481,677600
4482,671800
4483,676700
4484,664100
4485,673900
4486,673000
4487,885300
4488,1054500
4489,1043100
4490,1039900
4491,1052800
4492,1012400
4493,1156500
4494,767700
4495,852400
4496,740400
4497,635000
4498,622500
4499,621800
4500,619100
4501,623300
4502,611000
4503,614300
4504,609100
4505,635900
4506,615300
4507,611500
4508,610100
4509,610200
4510,607300
4511,609400
4512,610300
4513,606200
4514,610500
4515,614200
4516,609600
4517,610500
4518,1050300
4519,839200
4520,720500
4521,703500
4522,746700
4523,794700
4524,679100
4525,668400
4526,673100
4527,679300
4528,662500
4529,667000
4530,677100
4531,657300
4532,668100
4533,1101700
4534,668000
4535,659800
4536,661000
4537,669000
4538,648500
4539,665700
4540,907000
4541,1022600
4542,686100
4543,672600
4544,666600
4545,673900
4546,661700
4547,665400
4548,673100
4549,664600
4550,662000
4551,677200
4552,653500
4553,669400
4554,660600
4555,679500
4556,661800
4557,653000
4558,657900
4559,660500
4560,647500
4561,669200
4562,702200
4563,676600
4564,1068800
4565,1063800
4566,1049800
4567,1029800
4568,1040300
4569,1028800
4570,1031400
4571,1028700
4572,1040000
4573,1034200
4574,1024700
4575,1024000
4576,1041000
4577,1032300
4578,1063800
4579,1025000
4580,956700
4581,762100
4582,735100
4583,709800
4584,647400
4585,628300
4586,624000
4587,622300
4588,720200
4589,624500
4590,616600
4591,615300
4592,611200
4593,615800
4594,613400
4595,615400
4596,608200
4597,987300
4598,618400
4599,616800
4600,641900
4601,614800
4602,615000
4603,614900
4604,618900
4605,620600
4606,607600
4607,615800
4608,625200
4609,613900
4610,610100
4611,610800
4612,607400
4613,613900
4614,609300
4615,611400
4616,607200
4617,613300
4618,609700
4619,608700
4620,609100
4621,614000
4622,608700
4623,614300
4624,607300
4625,636900
4626,610300
4627,648000
4628,787900
4629,726900
4630,659200
4631,1044600
4632,1029500
4633,1038400
4634,1032600
4635,1020600
4636,1017100
4637,1020000
4638,1019300
4639,1015100
4640,1019900
4641,1025600
4642,1047600
4643,1013000
4644,960400
4645,1012500
4646,907100
4647,635800
4648,645700
4649,640200
4650,624400
4651,621000
4652,614700
4653,614400
4654,621000
4655,625100
4656,616200
4657,610700
4658,622500
4659,610400
4660,708900
4661,654600
4662,833600
4663,743600
4664,619000
4665,634000
4666,1020100
4667,633000
4668,650800
4669,635700
4670,628500
4671,627000
4672,628500
4673,626900
4674,631600
4675,619400
4676,618500
4677,625100
4678,622200
4679,621300
4680,622600
4681,619400
4682,621300
4683,617000
4684,617200
4685,627400
4686,623300
4687,699800
4688,766500
4689,914000
4690,767800
4691,726600
4692,752700
4693,675700
4694,664300
4695,634300
4696,632800
4697,625500
4698,629800
4699,629700
4700,630700
4701,626200
4702,628800
4703,627500
4704,631800
4705,626000
4706,621400
4707,619200
4708,621400
4709,621700
4710,698800
4711,755700
4712,679400
4713,627500
4714,622100
4715,635900
4716,622500
4717,627500
4718,628900
4719,619600
4720,633900
4721,626500
4722,619300
4723,626000
4724,865100
4725,980900
4726,975800
4727,1039100
4728,1046300
4729,1004300
4730,1095700
4731,765100
4732,736300
4733,790000
4734,631500
4735,627000
4736,631600
4737,624100
4738,1366200
4739,1018200
4740,1023600
4741,1020500
4742,1010100
4743,1015800
4744,1017400
4745,1017800
4746,1021400
4747,1052600
4748,1111700
4749,1037000
4750,733900
4751,681500
4752,660300
4753,676800
4754,685400
4755,980300
4756,1060000
4757,1048400
4758,1047000
4759,1053700
4760,1055300
4761,1055500
4762,1041700
4763,1067100
4764,1069500
4765,1057000
4766,1035000
4767,1037900
4768,1025000
4769,1031000
4770,1023700
4771,1037100
4772,1031200
4773,1042500
4774,1042400
4775,1037700
4776,1038200
4777,1027700
4778,1027200
4779,1101200
4780,1096000
4781,867900
4782,736700
4783,656700
4784,627100
4785,624900
4786,720200
4787,834500
4788,1028000
4789,1028800
4790,1392900
4791,1013000
4792,1014600
4793,993500
4794,1009500
4795,1010900
4796,1032600
4797,1008100
4798,909800
4799,719000
4800,679600
4801,664400
4802,669300
4803,670000
4804,700300
4805,1051000
4806,1074700
4807,1032400
4808,1030800
4809,1029900
4810,1056400
4811,1017500
4812,1065700
4813,1080600
4814,778700
4815,883100
4816,763800
4817,690200
4818,625400
4819,615400
4820,619100
4821,610700
4822,617000
4823,610700
4824,612200
4825,614300
4826,612100
4827,614800
4828,619100
4829,614500
4830,618300
4831,610900
4832,615500
4833,614200
4834,616800
4835,624900
4836,611100
4837,615300
4838,637900
4839,609100
4840,626400
4841,620800
4842,612300
4843,610100
4844,609200
4845,614900
4846,615200
4847,631200
4848,1018600
4849,1007500
4850,1028000
4851,1169700
4852,1008100
4853,1382000
4854,1101400
4855,1081100
4856,1027100
4857,1029600
4858,898500
4859,689200
4860,675400
4861,662300
4862,676400
4863,663600
4864,656800
4865,660700
4866,660300
4867,656100
4868,646200
4869,665000
4870,646600
4871,658900
4872,667500
4873,655100
4874,663800
4875,662100
4876,653500
4877,651200
4878,659400
4879,818800
4880,1068700
4881,779000
4882,753400
4883,748600
4884,638600
4885,630400
4886,614000
4887,616100
4888,615900
4889,621300
4890,620900
4891,616100
4892,615300
4893,623400
4894,612300
4895,615900
4896,622700
4897,618100
4898,617000
4899,610100
4900,617100
4901,613800
4902,612900
4903,784900
4904,619200
4905,623200
4906,629000
4907,629000
4908,625300
4909,623500
4910,619200
4911,618500
4912,617300
4913,621000
4914,615500
4915,622300
4916,617700
4917,619500
4918,613800
4919,614800
4920,629900
4921,626000
4922,615000
4923,615600
4924,612100
4925,703600
4926,839700
4927,654100
4928,624900
4929,755500
4930,796100
4931,755700
4932,707300
4933,628200
4934,622300
4935,629200
4936,622800
4937,624700
4938,620100
4939,628500
4940,622200
4941,616400
4942,621100
4943,629500
4944,610900
4945,621100
4946,629400
4947,617000
4948,610300
4949,609900
4950,616400
4951,772900
4952,881300
4953,742900
4954,748400
4955,713300
4956,627500
4957,636200
4958,632800
4959,624200
4960,620300
4961,624800
4962,620300
4963,637100
4964,625300
4965,627900
4966,641700
4967,622100
4968,621700
4969,622600
4970,619400
4971,622100
4972,619200
4973,621600
4974,637400
4975,686000
4976,930800
4977,748500
4978,743800
4979,732900
4980,636700
4981,623700
4982,628200
4983,626800
4984,622300
4985,621900
4986,619200
4987,619500
4988,621000
4989,642300
4990,620000
4991,623200
4992,619100
4993,620000
4994,616300
4995,629500
4996,617800
4997,617500
4998,615800
4999,665000
5000,635300
5001,671400
5002,1092300
5003,656100
5004,644700
5005,631800
5006,631500
5007,634300
5008,626500
5009,628600
5010,628100
5011,628000
5012,631500
5013,628000
5014,633400
5015,629000
5016,643300
5017,629100
5018,622500
5019,623500
5020,624800
5021,627000
5022,620900
5023,898100
5024,837500
5025,636200
5026,632400
5027,637800
5028,631400
5029,629000
5030,631000
5031,623700
5032,991400
5033,989100
5034,1017800
5035,1040900
5036,1031300
5037,1011000
5038,1009600
5039,1028000
5040,1002100
5041,1019900
5042,1026100
5043,1017400
5044,1013200
5045,1019900
5046,1011200
5047,1001000
5048,1019500
5049,1006200
5050,1017200
5051,996200
5052,1016200
5053,1006800
5054,1012100
5055,1019800
5056,1017000
5057,1206500
5058,819100
5059,800700
5060,706000
5061,654500
5062,664300
5063,882300
5064,646800
5065,759100
5066,684300
5067,1023300
5068,1036900
5069,1043900
5070,1041300
5071,1045000
5072,1038700
5073,1030800
5074,1055600
5075,1040800
5076,1072300
5077,1066600
5078,1041300
5079,1037500
5080,1047200
5081,1035000
5082,1031100
5083,1026500
5084,1019100
5085,1043700
5086,1022700
5087,1063100
5088,1086600
5089,905000
5090,802700
5091,669800
5092,882600
5093,684200
5094,656300
5095,668200
5096,650600
5097,674600
5098,665900
5099,657500
5100,672700
5101,668900
5102,672600
5103,665300
5104,663600
5105,677800
5106,655700
5107,661700
5108,657500
5109,660200
5110,754600
5111,783000
5112,770500
5113,712900
5114,624600
5115,624900
5116,621200
5117,627400
5118,621500
5119,630200
5120,620300
5121,622500
5122,620400
5123,622400
5124,618300
5125,851600
5126,628300
5127,708700
5128,621000
5129,620400
5130,620300
5131,617900
5132,617100
5133,654600
5134,986500
5135,971700
5136,700100
5137,644600
5138,636300
5139,632700
5140,637400
5141,646300
5142,634700
5143,632800
5144,631300
5145,624600
5146,627100
5147,622900
5148,625200
5149,623500
5150,624600
5151,621800
5152,637100
5153,623000
5154,625300
5155,623100
5156,623800
5157,692500
5158,794800
5159,791300
5160,1135800
5161,1051400
5162,1030500
5163,1047600
5164,1035100
5165,1037100
5166,1029900
5167,1028500
5168,1017000
5169,1029500
5170,1017000
5171,1018300
5172,1020100
5173,1057800
5174,780500
5175,682700
5176,639400
5177,634100
5178,633300
5179,626100
5180,629400
5181,629100
5182,627100
5183,624600
5184,621000
5185,619500
5186,654900
5187,623700
5188,618700
5189,616400
5190,628000
5191,616300
5192,861900
5193,622300
5194,620800
5195,621300
5196,621600
5197,730100
5198,786700
5199,641000
5200,620400
5201,630900
5202,2520600
5203,743500
5204,683200
5205,672300
5206,677300
5207,672400
5208,675800
5209,654100
5210,651600
5211,1012900
5212,954900
5213,958500
5214,1031100
5215,1066700
5216,938700
5217,928000
5218,1024800
5219,1000100
5220,969600
5221,1041900
5222,1014900
5223,979000
5224,1061100
5225,939600
5226,1006800
5227,751100
5228,708300
5229,683900
5230,744400
5231,751900
5232,8571100
5233,981100
5234,687400
5235,694600
5236,674500
5237,670800
5238,675400
5239,668800
5240,670400
5241,668400
5242,725000
5243,1217400
5244,698700
5245,685100
5246,682000
5247,675900
5248,814200
5249,677000
5250,676900
5251,742800
5252,674700
5253,659900
5254,676500
5255,666500
5256,665800
5257,669700
5258,668800
5259,663000
5260,669000
5261,676600
5262,657100
5263,660900
5264,790900
5265,897400
5266,787900
5267,667900
5268,670000
5269,673100
5270,674600
5271,660700
5272,672900
5273,656900
5274,660700
5275,675300
5276,667100
5277,651300
5278,687700
5279,713300
5280,660300
5281,665400
5282,665000
5283,652900
5284,665700
5285,658300
5286,656000
5287,882400
5288,1041900
5289,784900
5290,780100
5291,783400
5292,643400
5293,640600
5294,633400
5295,628700
5296,628200
5297,631000
5298,624500
5299,619800
5300,626600
5301,621300
5302,626900
5303,621300
5304,625300
5305,626600
5306,626900
5307,624900
5308,623300
5309,627500
5310,700300
5311,638100
5312,702200
5313,743300
5314,648800
5315,639500
5316,1040800
5317,637100
5318,632800
5319,632200
5320,637900
5321,628800
5322,631300
5323,738500
5324,632500
5325,634200
5326,627800
5327,626900
5328,626500
5329,626800
5330,639200
5331,624600
5332,626200
5333,659000
5334,633800
5335,639300
5336,654900
5337,718400
5338,815400
5339,714100
5340,675300
5341,670300
5342,681100
5343,663500
5344,670100
5345,673000
5346,673100
5347,661500
5348,676200
5349,659700
5350,680800
5351,668600
5352,673600
5353,672900
5354,683800
5355,677100
5356,910000
5357,1009600
5358,769700
5359,736000
5360,666300
5361,625000
5362,624400
5363,621600
5364,629900
5365,624200
5366,630400
5367,622700
5368,622600
5369,619200
5370,624200
5371,621600
5372,625800
5373,624900
5374,626300
5375,619500
5376,627500
5377,624600
5378,636100
5379,618800
5380,897200
5381,1063800
5382,914100
5383,905300
5384,754400
5385,640600
5386,631400
5387,631800
5388,635400
5389,1118200
5390,644000
5391,631800
5392,635100
5393,635300
5394,630100
5395,629100
5396,636100
5397,639100
5398,732200
5399,625200
5400,627800
5401,713500
5402,810500
5403,760900
5404,745400
5405,703400
5406,632700
5407,626700
5408,625800
5409,624900
5410,631900
5411,627700
5412,628400
5413,641500
5414,627600
5415,631200
5416,647200
5417,640800
5418,625200
5419,624400
5420,626300
5421,633300
5422,627000
5423,624800
5424,629700
5425,623200
5426,673000
5427,638400
5428,660700
5429,629200
5430,635000
5431,629700
5432,628300
5433,623000
5434,632900
5435,627200
5436,629300
5437,624800
5438,627000
5439,632700
5440,627400
5441,625200
5442,629000
5443,628200
5444,624700
5445,640200
5446,634900
5447,624000
5448,630900
5449,622600
5450,676200
5451,804200
5452,764400
5453,743400
5454,754800
5455,671600
5456,628200
5457,627700
5458,630900
5459,624800
5460,629100
5461,626000
5462,625600
5463,624900
5464,625900
5465,1080500
5466,639000
5467,651400
5468,630500
5469,630400
5470,630300
5471,625000
5472,636700
5473,720000
5474,916400
5475,871000
5476,648100
5477,635000
5478,635300
5479,631500
5480,638000
5481,627900
5482,629000
5483,624600
5484,628500
5485,631000
5486,630400
5487,654700
5488,628800
5489,626700
5490,636400
5491,629900
5492,630200
5493,627000
5494,631400
5495,632200
5496,631200
5497,782700
5498,874000
5499,707000
5500,634300
5501,625800
5502,637700
5503,630000
5504,626200
5505,627400
5506,629200
5507,624500
5508,626900
5509,625100
5510,627000
5511,622500
5512,625200
5513,630800
5514,627900
5515,627100
5516,623900
5517,631300
5518,626400
5519,619400
5520,624400
5521,645500
5522,645100
5523,644900
5524,625500
5525,634400
5526,629900
5527,633200
5528,625200
5529,626800
5530,625400
5531,628600
5532,625600
5533,628400
5534,629200
5535,627500
5536,623000
5537,636500
5538,624300
5539,626300
5540,625300
5541,627600
5542,852500
5543,633800
5544,626000
5545,799300
5546,814100
5547,898600
5548,672300
5549,647200
5550,642700
5551,638900
5552,636600
5553,755100
5554,635400
5555,639300
5556,629400
5557,639300
5558,636300
5559,644500
5560,633600
5561,634000
5562,631300
5563,626200
5564,623700
5565,628600
5566,627200
5567,625400
5568,625300
5569,650600
5570,626800
5571,629500
5572,631300
5573,626800
5574,627400
5575,629900
5576,625400
5577,626800
5578,625900
5579,625400
5580,627800
5581,628800
5582,622100
5583,633200
5584,625900
5585,626800
5586,625800
5587,624800
5588,624000
5589,626700
5590,624400
5591,627400
5592,623000
5593,760000
5594,676500
5595,651400
5596,634300
5597,634900
5598,633500
5599,629200
5600,629200
5601,627300
5602,627800
5603,626000
5604,622500
5605,631500
5606,622200
5607,633200
5608,630200
5609,628800
5610,678200
5611,630700
5612,676600
5613,635500
5614,630400
5615,628100
5616,622000
5617,642200
5618,673400
5619,1099300
5620,637000
5621,633300
5622,628100
5623,628400
5624,633300
5625,633800
5626,623500
5627,667900
5628,628100
5629,643400
5630,625300
5631,625800
5632,625900
5633,719200
5634,625700
5635,627100
5636,629300
5637,624900
5638,624400
5639,625400
5640,637700
5641,694500
5642,644600
5643,773600
5644,688000
5645,689100
5646,683400
5647,674600
5648,668000
5649,675300
5650,671200
5651,667600
5652,685800
5653,675100
5654,716500
5655,672800
5656,682200
5657,704700
5658,703500
5659,673100
5660,669700
5661,672000
5662,668500
5663,707400
5664,928000
5665,888700
5666,687300
5667,717500
5668,690300
5669,676400
5670,722200
5671,704300
5672,687500
5673,664900
5674,668300
5675,673700
5676,661900
5677,666700
5678,669900
5679,667600
5680,662700
5681,674800
5682,669300
5683,663500
5684,690800
5685,789900
5686,888100
5687,786600
5688,748600
5689,663700
5690,630200
5691,631300
5692,849000
5693,630300
5694,636400
5695,634900
5696,628100
5697,623900
5698,627200
5699,627500
5700,640000
5701,634900
5702,621800
5703,632700
5704,626100
5705,625000
5706,623100
5707,626500
5708,710500
5709,687200
5710,636100
5711,802900
5712,766400
5713,754600
5714,721800
5715,642800
5716,628700
5717,637100
5718,627500
5719,630900
5720,626400
5721,625900
5722,625000
5723,629600
5724,627100
5725,629400
5726,625900
5727,625900
5728,624200
5729,635800
5730,625400
5731,634000
5732,630600
5733,668400
5734,770200
5735,799800
5736,693100
5737,634900
5738,633500
5739,631300
5740,622300
5741,652800
5742,620400
5743,617900
5744,609400
5745,613700
5746,626700
5747,626700
5748,691600
5749,629200
5750,620600
5751,617100
5752,619900
5753,616700
5754,614700
5755,611200
5756,610600
5757,677000
5758,630700
5759,617500
5760,734300
5761,686700
5762,682400
5763,680700
5764,677500
5765,658700
5766,658000
5767,653800
5768,652800
5769,1128900
5770,665600
5771,664100
5772,693000
5773,1027700
5774,1050300
5775,1051400
5776,1043200
5777,1040800
5778,1038500
5779,873400
5780,748200
5781,848700
5782,671800
5783,620000
5784,617300
5785,629300
5786,617100
5787,620700
5788,621700
5789,615500
5790,615000
5791,612600
5792,614900
5793,616300
5794,616100
5795,617000
5796,614100
5797,613900
5798,611300
5799,614400
5800,642100
5801,632600
5802,745900
5803,770500
5804,710500
5805,650800
5806,630500
5807,628900
5808,628000
5809,624500
5810,629800
5811,614500
5812,622900
5813,617900
5814,621000
5815,619700
5816,621200
5817,981500
5818,1033700
5819,1035100
5820,1040200
5821,868400
5822,780100
5823,768800
5824,755000
5825,638900
5826,632300
5827,629600
5828,631800
5829,626000
5830,626700
5831,624300
5832,623800
5833,623100
5834,623400
5835,623600
5836,621000
5837,621500
5838,623400
5839,841400
5840,636000
5841,623000
5842,623700
5843,618900
5844,620700
5845,840700
5846,1014600
5847,787500
5848,769800
5849,835200
5850,690400
5851,680000
5852,683700
5853,657400
5854,670900
5855,670100
5856,756600
5857,664000
5858,688100
5859,672300
5860,676300
5861,673400
5862,664200
5863,670500
5864,662700
5865,664400
5866,695200
5867,983200
5868,766100
5869,753200
5870,634600
5871,624400
5872,625300
5873,622500
5874,622600
5875,619800
5876,621300
5877,626500
5878,624600
5879,624800
5880,624800
5881,623400
5882,621800
5883,622300
5884,622600
5885,622800
5886,623500
5887,620600
5888,621500
5889,630700
5890,706600
5891,790600
5892,777200
5893,672900
5894,631600
5895,626400
5896,625800
5897,621100
5898,625700
5899,621900
5900,627300
5901,622000
5902,633900
5903,623700
5904,627400
5905,626400
5906,625900
5907,620200
5908,622600
5909,620500
5910,623500
5911,616600
5912,619500
5913,617900
5914,1161700
5915,679300
5916,655500
5917,626800
5918,626300
5919,618400
5920,619600
5921,620900
5922,624600
5923,613700
5924,621400
5925,619400
5926,620000
5927,612700
5928,615500
5929,612000
5930,616700
5931,616800
5932,615900
5933,614000
5934,711200
5935,622300
5936,617900
5937,617500
5938,743200
5939,920900
5940,917800
5941,800100
5942,816200
5943,734600
5944,666900
5945,661300
5946,666400
5947,667000
5948,652100
5949,682100
5950,668300
5951,662100
5952,672400
5953,656800
5954,653800
5955,652000
5956,650000
5957,656100
5958,650500
5959,648500
5960,769500
5961,759600
5962,776200
5963,684400
5964,678600
5965,683200
5966,666400
5967,676800
5968,667700
5969,650800
5970,664700
5971,655300
5972,652500
5973,658800
5974,655600
5975,649100
5976,659800
5977,649600
5978,647600
5979,663200
5980,665500
5981,656200
5982,661700
5983,760900
5984,908700
5985,736800
5986,673400
5987,1076900
5988,643600
5989,628200
5990,637000
5991,631700
5992,630600
5993,629600
5994,629300
5995,637900
5996,636700
5997,625300
5998,629100
5999,623700
6000,643800
6001,626400
6002,629900
6003,623900
6004,638500
6005,633300
6006,713100
6007,792500
6008,763500
6009,725700
6010,649200
6011,631800
6012,634100
6013,625000
6014,626200
6015,625500
6016,628300
6017,626200
6018,626100
6019,624900
6020,625500
6021,626000
6022,630900
6023,621800
6024,631000
6025,620900
6026,630900
6027,623300
6028,630600
6029,621400
6030,719200
6031,1125300
6032,996200
6033,677200
6034,680500
6035,672600
6036,5880700
6037,653900
6038,672800
6039,650200
6040,672600
6041,673300
6042,669800
6043,664500
6044,12345400
6045,1601900
6046,739400
6047,688500
6048,1033300
6049,1011500
6050,704900
6051,718000
6052,644600
6053,653200
6054,642100
6055,788300
6056,650100
6057,779100
6058,644400
6059,635000
6060,635100
6061,634500
6062,630800
6063,632400
6064,630300
6065,875700
6066,660300
6067,634400
6068,628800
6069,629600
6070,629400
6071,659000
6072,631300
6073,647900
6074,660000
6075,824600
6076,857600
6077,798400
6078,637200
6079,634200
6080,640800
6081,629800
6082,641700
6083,630900
6084,627500
6085,686200
6086,755300
6087,638100
6088,631100
6089,640100
6090,627400
6091,630400
6092,627400
6093,628800
6094,672600
6095,639100
6096,663200
6097,626100
6098,622500
6099,630100
6100,629100
6101,630300
6102,669100
6103,631200
6104,638500
6105,631000
6106,624000
6107,628000
6108,625200
6109,1310600
6110,629700
6111,636700
6112,625700
6113,626900
6114,623600
6115,626600
6116,620300
6117,705100
6118,642900
6119,645700
6120,629400
6121,627900
6122,624000
6123,628800
6124,621000
6125,623900
6126,642700
6127,5922500
6128,762100
6129,628100
6130,625500
6131,626500
6132,626800
6133,664100
6134,683700
6135,780800
6136,688700
6137,670300
6138,699500
6139,707700
6140,676800
6141,668200
6142,686200
6143,675600
6144,669500
6145,664500
6146,692000
6147,676000
6148,729100
6149,697200
6150,676700
6151,667500
6152,672200
6153,660900
6154,689300
6155,787000
6156,900300
6157,832900
6158,700900
6159,683100
6160,686100
6161,679900
6162,675600
6163,696700
6164,664100
6165,673300
6166,682700
6167,655800
6168,998600
6169,910200
6170,690900
6171,661700
6172,670400
6173,725000
6174,1357800
6175,671500
6176,911000
6177,1064900
6178,771900
6179,747300
6180,651800
6181,635200
6182,620400
6183,623500
6184,624800
6185,626800
6186,624600
6187,623500
6188,618000
6189,649100
6190,616500
6191,622300
6192,611500
6193,612200
6194,611500
6195,616900
6196,615200
6197,611400
6198,609700
6199,631600
6200,612100
6201,615400
6202,715400
6203,626000
6204,618400
6205,619100
6206,613800
6207,630800
6208,613900
6209,617800
6210,617800
6211,618900
6212,627800
6213,621500
6214,611500
6215,626700
6216,617400
6217,614200
6218,612000
6219,613800
6220,615300
6221,612600
6222,650700
6223,625100
6224,636900
6225,786900
6226,678200
6227,640800
6228,635300
6229,633300
6230,629400
6231,632800
6232,627600
6233,625300
6234,623300
6235,628100
6236,622100
6237,640300
6238,622900
6239,624300
6240,626900
6241,624200
6242,621500
6243,626700
6244,629100
6245,627100
6246,621300
6247,630800
6248,676800
6249,785600
6250,1104000
6251,659800
6252,630200
6253,625100
6254,632200
6255,623900
6256,629200
6257,630600
6258,613800
6259,617700
6260,621200
6261,611500
6262,610300
6263,612400
6264,605200
6265,606800
6266,607900
6267,608000
6268,612000
6269,613300
6270,605700
6271,609400
6272,663500
6273,621600
6274,608200
6275,755400
6276,691600
6277,632000
6278,724000
6279,652900
6280,623900
6281,713600
6282,613000
6283,615500
6284,621100
6285,615700
6286,611900
6287,615300
6288,610100
6289,613200
6290,624600
6291,612800
6292,611400
6293,627900
6294,614800
6295,619000
6296,609100
6297,660100
6298,617300
6299,801000
6300,639400
6301,625600
6302,618700
6303,620000
6304,618000
6305,621600
6306,614200
6307,615400
6308,668000
6309,616800
6310,612700
6311,631300
6312,613700
6313,616300
6314,613900
6315,617600
6316,614800
6317,614000
6318,613800
6319,617200
6320,615200
6321,614900
6322,720500
6323,670100
6324,741700
6325,658000
6326,623600
6327,627500
6328,620600
6329,946000
6330,625100
6331,630900
6332,622400
6333,618300
6334,617700
6335,619700
6336,625300
6337,619100
6338,615100
6339,614300
6340,617400
6341,611400
6342,613500
6343,612700
6344,615500
6345,614600
6346,707200
6347,742400
6348,734100
6349,719400
6350,618100
6351,614600
6352,613600
6353,620800
6354,613500
6355,620300
6356,615400
6357,609600
6358,613200
6359,610700
6360,613600
6361,702600
6362,612700
6363,613100
6364,611400
6365,610200
6366,615200
6367,612900
6368,611600
6369,618300
6370,624100
6371,687700
6372,635800
6373,613700
6374,614400
6375,612400
6376,608100
6377,613400
6378,618500
6379,616000
6380,636600
6381,611100
6382,613200
6383,617700
6384,636700
6385,609400
6386,611900
6387,608300
6388,609600
6389,605300
6390,610700
6391,608700
6392,609300
6393,607100
6394,610800
6395,609400
6396,635200
6397,630000
6398,750200
6399,826900
6400,746000
6401,641600
6402,638400
6403,622400
6404,619300
6405,623900
6406,615400
6407,874200
6408,619100
6409,617800
6410,616200
6411,615700
6412,614600
6413,611000
6414,613500
6415,615400
6416,612200
6417,618000
6418,612500
6419,613700
6420,788900
6421,1007100
6422,961900
6423,679900
6424,657600
6425,687300
6426,661000
6427,655800
6428,663600
6429,658300
6430,652000
6431,684500
6432,659500
6433,648600
6434,664900
6435,654900
6436,653400
6437,650800
6438,662500
6439,654000
6440,751000
6441,660100
6442,817900
6443,894600
6444,752700
6445,696500
6446,671500
6447,644000
6448,668500
6449,647900
6450,655100
6451,663800
6452,646600
6453,659400
6454,654500
6455,647600
6456,656200
6457,639700
6458,653200
6459,657300
6460,660500
6461,644400
6462,645100
6463,649300
6464,642300
6465,840800
6466,883600
6467,731500
6468,668100
6469,655800
6470,654700
6471,653400
6472,637400
6473,660100
6474,639000
6475,659900
6476,652600
6477,636500
6478,656000
6479,648000
6480,649500
6481,889000
6482,658300
6483,645600
6484,640500
6485,655200
6486,701700
6487,649900
6488,931500
6489,975300
6490,6150500
6491,776300
6492,734800
6493,658100
6494,658400
6495,644300
6496,672600
6497,654900
6498,639800
6499,662900
6500,648400
6501,651900
6502,855800
6503,952300
6504,771200
6505,844300
6506,692200
6507,614500
6508,615100
6509,608300
6510,613600
6511,610800
6512,610900
6513,616000
6514,608100
6515,612100
6516,607200
6517,611700
6518,606600
6519,609000
6520,606000
6521,606600
6522,619500
6523,606800
6524,609100
6525,604200
6526,701800
6527,792300
6528,755400
6529,723100
6530,665400
6531,617500
6532,617000
6533,611900
6534,609800
6535,629600
6536,638500
6537,626400
6538,614700
6539,611000
6540,617800
6541,612200
6542,613600
6543,619800
6544,622400
6545,616900
6546,617500
6547,614200
6548,1244000
6549,620500
6550,677200
6551,836800
6552,771200
6553,737700
6554,653700
6555,622300
6556,617100
6557,612300
6558,616000
6559,614700
6560,801800
6561,911500
6562,904500
6563,903300
6564,635200
6565,618800
6566,618100
6567,614300
6568,622600
6569,611400
6570,618800
6571,622600
6572,637000
6573,609600
6574,610900
6575,702700
6576,672700
6577,665200
6578,662500
6579,654400
6580,665900
6581,656000
6582,642700
6583,768000
6584,695000
6585,648100
6586,666700
6587,655100
6588,642300
6589,661700
6590,655300
6591,650200
6592,653600
6593,648400
6594,668000
6595,649400
6596,920500
6597,951400
6598,675100
6599,670500
6600,667600
6601,659900
6602,639800
6603,679100
6604,648600
6605,660500
6606,654500
6607,647100
6608,655800
6609,644900
6610,645400
6611,647700
6612,653100
6613,647900
6614,645000
6615,668000
6616,646600
6617,648000
6618,719500
6619,739100
6620,723200
6621,1220700
6622,613400
6623,618200
6624,610600
6625,621400
6626,609600
6627,611300
6628,607700
6629,611400
6630,608700
6631,610000
6632,610400
6633,609800
6634,607300
6635,610700
6636,610500
6637,606500
6638,612200
6639,607100
6640,606600
6641,607200
6642,605900
6643,754300
6644,769400
6645,735400
6646,724600
6647,632200
6648,608200
6649,613200
6650,613800
6651,614200
6652,609800
6653,613900
6654,605700
6655,609100
6656,608500
6657,606900
6658,614800
6659,607000
6660,698600
6661,608900
6662,615800
6663,610000
6664,605100
6665,608200
6666,606300
6667,691100
6668,614500
6669,624500
6670,615500
6671,616900
6672,615400
6673,612200
6674,611300
6675,612900
6676,607900
6677,613600
6678,609400
6679,614200
6680,606300
6681,610300
6682,604600
6683,608900
6684,603400
6685,612300
6686,612800
6687,608500
6688,606600
6689,608600
6690,604100
6691,611300
6692,756000
6693,1056900
6694,924900
6695,671500
6696,674100
6697,665000
6698,670400
6699,1173800
6700,659000
6701,660400
6702,651800
6703,658400
6704,644500
6705,670300
6706,666900
6707,641700
6708,677700
6709,653000
6710,639800
6711,664200
6712,649000
6713,648600
6714,861000
6715,988000
6716,771000
6717,742700
6718,687000
6719,623400
6720,617500
6721,620700
6722,621600
6723,617800
6724,608300
6725,614500
6726,607300
6727,608700
6728,604400
6729,615900
6730,633300
6731,608000
6732,609400
6733,607300
6734,604600
6735,611300
6736,610000
6737,701200
6738,789000
6739,763400
6740,754500
6741,743500
6742,631300
6743,615300
6744,616200
6745,614700
6746,611500
6747,608200
6748,607000
6749,639100
6750,676300
6751,629300
6752,627600
6753,628800
6754,611900
6755,608500
6756,608900
6757,608900
6758,608300
6759,606900
6760,606200
6761,607200
6762,663600
6763,786500
6764,651300
6765,645900
6766,633800
6767,647000
6768,625700
6769,655700
6770,619500
6771,619000
6772,617100
6773,615300
6774,1070500
6775,618500
6776,622300
6777,608200
6778,609000
6779,609000
6780,611100
6781,606900
6782,609200
6783,606100
6784,609600
6785,607500
6786,681400
6787,769500
6788,749700
6789,681200
6790,671500
6791,653100
6792,666900
6793,652400
6794,653400
6795,643200
6796,653900
6797,660000
6798,706400
6799,640400
6800,682900
6801,665300
6802,641200
6803,647500
6804,641900
6805,626500
6806,642600
6807,641200
6808,626800
6809,769400
6810,653200
6811,671200
6812,662400
6813,910700
6814,655200
6815,773800
6816,658700
6817,661700
6818,651600
6819,651200
6820,649400
6821,674500
6822,649300
6823,645600
6824,651500
6825,646500
6826,645600
6827,659300
6828,646900
6829,637100
6830,650900
6831,651300
6832,635300
6833,763100
6834,794900
6835,794600
6836,914200
6837,1009000
6838,1015000
6839,1010500
6840,1004500
6841,1004700
6842,987300
6843,999300
6844,993100
6845,1415900
6846,994500
6847,1004500
6848,1000900
6849,1011200
6850,1008700
6851,1002900
6852,993100
6853,1000100
6854,1108800
6855,1014500
6856,991100
6857,1004900
6858,997900
6859,991800
6860,998600
6861,1004200
6862,994400
6863,997700
6864,1001700
6865,1050800
6866,809200
6867,734700
6868,664700
6869,624600
6870,621500
6871,610100
6872,605400
6873,608300
6874,613900
6875,608900
6876,704800
6877,622000
6878,604700
6879,612700
6880,605000
6881,604200
6882,604700
6883,609100
6884,600800
6885,609100
6886,600300
6887,602100
6888,636100
6889,607100
6890,622600
6891,610500
6892,602500
6893,608000
6894,603900
6895,609100
6896,610700
6897,609600
6898,600400
6899,609300
6900,599600
6901,601500
6902,596600
6903,597700
6904,600600
6905,608900
6906,615600
6907,9681600
6908,1166300
6909,666600
6910,655500
6911,686600
6912,647300
6913,670500
6914,664500
6915,653700
6916,646300
6917,644500
6918,676500
6919,645100
6920,702400
6921,772500
6922,797800
6923,5836300
6924,640300
6925,628000
6926,610600
6927,609800
6928,606600
6929,614200
6930,618000
6931,609800
6932,608900
6933,767000
6934,609900
6935,616100
6936,613300
6937,705400
6938,6275400
6939,804200
6940,793900
6941,745400
6942,652400
6943,652900
6944,653200
6945,644200
6946,652200
6947,659300
6948,646600
6949,683200
6950,661000
6951,672400
6952,883200
6953,1007500
6954,651000
6955,1058900
6956,680100
6957,659400
6958,655700
6959,661100
6960,655300
6961,676900
6962,672400
6963,645100
6964,668100
6965,655000
6966,652500
6967,643500
6968,655100
6969,645900
6970,649600
6971,648500
6972,656200
6973,642300
6974,871600
6975,903500
6976,784800
6977,730400
6978,735500
6979,719900
6980,649900
6981,615100
6982,614300
6983,609600
6984,611100
6985,614000
6986,610200
6987,606000
6988,611700
6989,607800
6990,612100
6991,604200
6992,604400
6993,601700
6994,607100
6995,605700
6996,607400
6997,606300
6998,655100
6999,646800
7000,821400
7001,670000
7002,715300
7003,669200
7004,663000
7005,655700
7006,662700
7007,653400
7008,663000
7009,662000
7010,655800
7011,654600
7012,664300
7013,653400
7014,656900
7015,660300
7016,658300
7017,652800
7018,659800
7019,647200
7020,657100
7021,641200
7022,913900
7023,6749500
7024,1211800
7025,724900
7026,677400
7027,681100
7028,659400
7029,659600
7030,664900
7031,670300
7032,931000
7033,982400
7034,898200
7035,1072300
7036,899600
7037,630600
7038,627900
7039,627100
7040,626200
7041,623700
7042,616600
7043,618600
7044,616900
7045,615500
7046,614700
7047,614200
7048,614200
7049,613400
7050,617200
7051,617100
7052,623800
7053,611600
7054,613900
7055,613100
7056,622100
7057,691100
7058,666000
7059,647800
7060,624700
7061,622600
7062,619300
7063,620800
7064,618800
7065,621100
7066,724500
7067,635600
7068,622700
7069,619300
7070,619500
7071,616700
7072,620000
7073,618200
7074,614700
7075,614800
7076,613400
7077,614700
7078,613400
7079,614400
7080,614600
7081,613400
7082,848300
7083,875000
7084,691000
7085,675100
7086,668700
7087,672500
7088,663000
7089,666700
7090,665100
7091,666800
7092,657500
7093,649100
7094,649500
7095,963500
7096,654800
7097,707500
7098,671400
7099,651600
7100,652400
7101,668000
7102,680500
7103,650500
7104,816000
7105,881300
7106,755200
7107,760400
7108,679500
7109,802900
7110,769600
7111,669300
7112,658700
7113,654500
7114,645700
7115,654600
7116,663600
7117,639000
7118,658300
7119,641800
7120,655600
7121,645900
7122,646500
7123,652100
7124,643700
7125,649900
7126,655400
7127,943900
7128,927500
7129,682600
7130,691900
7131,652800
7132,654200
7133,645100
7134,654900
7135,642600
7136,656600
7137,641000
7138,646000
7139,658800
7140,658300
7141,734400
7142,660000
7143,635400
7144,651800
7145,656700
7146,652300
7147,633400
7148,660300
7149,762700
7150,762200
7151,768200
7152,661200
7153,608600
7154,618500
7155,610400
7156,612800
7157,614700
7158,621000
7159,608500
7160,609400
7161,605500
7162,611800
7163,608700
7164,610400
7165,602300
7166,612700
7167,601500
7168,602000
7169,861200
7170,610900
7171,616000
7172,608600
7173,609300
7174,642100
7175,772500
7176,773200
7177,730300
7178,722300
7179,643300
7180,615100
7181,613200
7182,672000
7183,638400
7184,610500
7185,616900
7186,625700
7187,616400
7188,609500
7189,609400
7190,633400
7191,607500
7192,620400
7193,604700
7194,613000
7195,618300
7196,608400
7197,606600
7198,623800
7199,608500
7200,614000
7201,689600
7202,691400
7203,657800
7204,649700
7205,653500
7206,660900
7207,650100
7208,662800
7209,639300
7210,663400
7211,645300
7212,654000
7213,652500
7214,642600
7215,656800
7216,652000
7217,645600
7218,659200
7219,648500
7220,740700
7221,690800
7222,768500
7223,747500
7224,721100
7225,644800
7226,607900
7227,607900
7228,608700
7229,607000
7230,607200
7231,602800
7232,606600
7233,603100
7234,605100
7235,606400
7236,607000
7237,603000
7238,605600
7239,604000
7240,604400
7241,622500
7242,604700
7243,624300
7244,606100
7245,602500
7246,1058700
7247,1006000
7248,766700
7249,748300
7250,654100
7251,814100
7252,702300
7253,622000
7254,618300
7255,613700
7256,614700
7257,612500
7258,687600
7259,1016500
7260,1008800
7261,992900
7262,990300
7263,980500
7264,977800
7265,986000
7266,987600
7267,1011300
7268,1001000
7269,990300
7270,989700
7271,983700
7272,994500
7273,994000
7274,998400
7275,974000
7276,985200
7277,998500
7278,986900
7279,984200
7280,988300
7281,992400
7282,1007500
7283,984500
7284,1162600
7285,981600
7286,996400
7287,988700
7288,978400
7289,980400
7290,984700
7291,991800
7292,974500
7293,972400
7294,981900
7295,984200
7296,983400
7297,957400
7298,1021500
7299,1018600
7300,1255000
7301,798900
7302,723000
7303,672700
7304,668600
7305,659900
7306,672800
7307,692400
7308,653900
7309,670900
7310,658900
7311,658100
7312,653900
7313,654600
7314,657300
7315,646100
7316,655400
7317,650000
7318,928600
7319,926800
7320,677800
7321,696700
7322,678100
7323,660000
7324,665800
7325,663800
7326,665800
7327,658100
7328,663300
7329,656900
7330,673300
7331,685800
7332,665400
7333,656900
7334,658000
7335,705700
7336,676900
7337,663400
7338,650700
7339,664900
7340,810300
7341,896000
7342,738900
7343,689200
7344,682100
7345,670400
7346,679700
7347,665100
7348,664700
7349,675100
7350,776400
7351,668800
7352,658200
7353,684500
7354,672800
7355,662800
7356,668700
7357,668300
7358,664700
7359,697900
7360,678800
7361,663600
7362,750600
7363,825700
7364,735600
7365,720000
7366,646700
7367,607900
7368,611300
7369,616300
7370,615700
7371,609800
7372,855700
7373,611900
7374,618900
7375,606800
7376,611400
7377,606800
7378,609300
7379,605100
7380,610000
7381,607500
7382,608400
7383,606400
7384,620800
7385,608000
7386,638500
7387,631800
7388,756600
7389,771600
7390,744700
7391,637200
7392,615200
7393,616700
7394,612800
7395,617100
7396,619600
7397,614400
7398,613700
7399,617200
7400,614200
7401,609500
7402,610000
7403,605400
7404,613500
7405,611600
7406,612300
7407,610700
7408,611400
7409,607000
7410,613700
7411,711500
7412,775800
7413,775500
7414,711000
7415,614500
7416,612300
7417,612400
7418,613800
7419,611700
7420,611000
7421,610000
7422,622300
7423,609400
7424,614900
7425,609500
7426,606500
7427,651600
7428,768400
7429,869700
7430,633300
7431,616600
7432,613300
7433,608200
7434,608400
7435,651300
7436,673800
7437,723400
7438,695300
7439,683200
7440,674000
7441,663900
7442,682200
7443,674900
7444,662900
7445,699000
7446,668800
7447,668900
7448,664300
7449,897200
7450,670800
7451,672800
7452,668300
7453,673100
7454,665300
7455,676900
7456,659600
7457,777700
7458,862600
7459,1016600
7460,704400
7461,699500
7462,689700
7463,705800
7464,675400
7465,678600
7466,670700
7467,671800
7468,678300
7469,675500
7470,663000
7471,690500
7472,669300
7473,661400
7474,659500
7475,667600
7476,665200
7477,662600
7478,667300
7479,665000
7480,938400
7481,888100
7482,678100
7483,666300
7484,658600
7485,703100
7486,676700
7487,666300
7488,684300
7489,669100
7490,684900
7491,677800
7492,697900
7493,668500
7494,672400
7495,670400
7496,669000
7497,666400
7498,674400
7499,653100
7500,701000
7501,676300
7502,656100
7503,1120500
7504,864500
7505,691500
7506,6340800
7507,674600
7508,685600
7509,676600
7510,681300
7511,680600
7512,1061900
7513,672200
7514,671100
7515,675400
7516,871100
7517,1055600
7518,661100
7519,681600
7520,684500
7521,658100
7522,706100
7523,679300
7524,670500
7525,672600
7526,672600
7527,664900
7528,671400
7529,668200
7530,668300
7531,684100
7532,686300
7533,662100
7534,673200
7535,668400
7536,653500
7537,733100
7538,788900
7539,733300
7540,722800
7541,615000
7542,628800
7543,613600
7544,619100
7545,618300
7546,610800
7547,614400
7548,613200
7549,610900
7550,613800
7551,610600
7552,612100
7553,608000
7554,610600
7555,610600
7556,622300
7557,609700
7558,611700
7559,609300
7560,620300
7561,631700
7562,710800
7563,777900
7564,747100
7565,749800
7566,640100
7567,610600
7568,613500
7569,617700
7570,718200
7571,613200
7572,614600
7573,608500
7574,610000
7575,610100
7576,609400
7577,607100
7578,608100
7579,606600
7580,611200
7581,606800
7582,607700
7583,603400
7584,613900
7585,606000
7586,671000
7587,5408800
7588,1097500
7589,738800
7590,727200
7591,637900
7592,614600
7593,608900
7594,614400
7595,612300
7596,611700
7597,609800
7598,611900
7599,608500
7600,616100
7601,609800
7602,628700
7603,653800
7604,619600
7605,634900
7606,643300
7607,612300
7608,619800
7609,607700
7610,611600
7611,608600
7612,617600
7613,605500
7614,608300
7615,607600
7616,609500
7617,605900
7618,612200
7619,606800
7620,622400
7621,613900
7622,607300
7623,604000
7624,610800
7625,603500
7626,607600
7627,604500
7628,740300
7629,634700
7630,629800
7631,609700
7632,610700
7633,609600
7634,609900
7635,609900
7636,617800
7637,607700
7638,620300
7639,610100
7640,610800
7641,608700
7642,609700
7643,700900
7644,611100
7645,608600
7646,612000
7647,607600
7648,610000
7649,615900
7650,610300
7651,604900
7652,612500
7653,800300
7654,900900
7655,871400
7656,727700
7657,676700
7658,932500
7659,673900
7660,673300
7661,671000
7662,670000
7663,688500
7664,680300
7665,664400
7666,676600
7667,666100
7668,665200
7669,658900
7670,663900
7671,662900
7672,665500
7673,801200
7674,995900
7675,766000
7676,778400
7677,963700
7678,1001900
7679,1002600
7680,1006100
7681,985100
7682,999300
7683,1012800
7684,1006600
7685,990700
7686,1001000
7687,1000400
7688,1004100
7689,995300
7690,1037400
7691,1028800
7692,746900
7693,684500
7694,682000
7695,676600
7696,690900
7697,666800
7698,663900
7699,663700
7700,659500
7701,656100
7702,671500
7703,647100
7704,670300
7705,666600
7706,652800
7707,664100
7708,668400
7709,656100
7710,659100
7711,763600
7712,665500
7713,907100
7714,858100
7715,676900
7716,695300
7717,654300
7718,669800
7719,657300
7720,651900
7721,664600
7722,688100
7723,1509200
7724,830700
7725,671600
7726,675900
7727,662800
7728,656800
7729,667100
7730,682100
7731,700300
7732,668600
7733,660400
7734,9812000
7735,5698100
7736,763600
7737,794300
7738,718000
7739,645000
7740,618200
7741,609700
7742,622700
7743,610900
7744,611800
7745,612600
7746,606600
7747,617900
7748,606200
7749,606200
7750,620700
7751,607200
7752,605900
7753,607000
7754,609300
7755,603700
7756,613400
7757,604800
7758,604300
7759,607000
7760,607400
7761,607400
7762,608200
7763,685700
7764,723600
7765,681200
7766,756200
7767,620200
7768,611900
7769,617400
7770,613600
7771,617000
7772,625800
7773,615900
7774,611000
7775,615500
7776,611200
7777,1029100
7778,632700
7779,631800
7780,620200
7781,620100
7782,621800
7783,614900
7784,608000
7785,612500
7786,610100
7787,838100
7788,1000400
7789,636000
7790,629800
7791,616400
7792,613700
7793,618600
7794,609800
7795,612600
7796,613400
7797,615100
7798,616800
7799,608200
7800,622000
7801,625200
7802,614300
7803,629200
7804,613300
7805,610600
7806,657400
7807,618500
7808,621100
7809,619700
7810,613000
7811,666000
7812,623900
7813,810900
7814,790000
7815,765100
7816,726500
7817,621800
7818,616300
7819,616700
7820,615600
7821,614400
7822,612400
7823,614100
7824,625200
7825,616400
7826,622400
7827,615200
7828,612500
7829,612700
7830,615000
7831,613300
7832,616700
7833,615100
7834,609000
7835,667900
7836,674400
7837,801100
7838,826900
7839,1016900
7840,1021000
7841,1027100
7842,1086300
7843,758000
7844,902800
7845,972300
7846,1015200
7847,718800
7848,625900
7849,620100
7850,980200
7851,624000
7852,613900
7853,617000
7854,656900
7855,617400
7856,796000
7857,645800
7858,619700
7859,620100
7860,628100
7861,616900
7862,613700
7863,616000
7864,612200
7865,615500
7866,612700
7867,616500
7868,620000
7869,614100
7870,613900
7871,612800
7872,612200
7873,616000
7874,609600
7875,614600
7876,609000
7877,613300
7878,615500
7879,807500
7880,876700
7881,637000
7882,624300
7883,620800
7884,612200
7885,613900
7886,614000
7887,615300
7888,615400
7889,610000
7890,612600
7891,618700
7892,609300
7893,612400
7894,623900
7895,787900
7896,732200
7897,647400
7898,645400
7899,616600
7900,622200
7901,609600
7902,615000
7903,686100
7904,629300
7905,642000
7906,627800
7907,661600
7908,620200
7909,615300
7910,666100
7911,622200
7912,729200
7913,656300
7914,672200
7915,625900
7916,611200
7917,618800
7918,624600
7919,629400
7920,735100
7921,624100
7922,952900
7923,900100
7924,870300
7925,899200
7926,1226300
7927,737900
7928,690900
7929,669100
7930,680800
7931,669000
7932,675400
7933,685100
7934,676200
7935,680800
7936,669600
7937,674500
7938,665700
7939,667600
7940,668800
7941,677000
7942,662000
7943,678300
7944,659200
7945,671600
7946,672800
7947,658600
7948,896200
7949,992600
7950,765200
7951,738200
7952,692400
7953,615800
7954,615700
7955,618000
7956,627700
7957,629300
7958,609800
7959,611000
7960,611500
7961,617800
7962,615900
7963,616300
7964,615700
7965,612800
7966,608500
7967,610600
7968,606800
7969,608000
7970,648300
7971,613800
7972,666200
7973,626000
7974,625800
7975,616500
7976,613600
7977,610700
7978,606300
7979,607900
7980,606500
7981,618300
7982,604300
7983,608600
7984,606900
7985,609500
7986,609600
7987,611300
7988,605200
7989,610600
7990,610400
7991,610200
7992,605900
7993,611300
7994,604300
7995,612900
7996,703400
7997,712300
7998,893900
7999,744100
8000,726300
8001,988200
8002,618600
8003,618600
8004,627900
8005,619500
8006,612800
8007,614600
8008,612300
8009,613200
8010,610200
8011,611200
8012,613000
8013,613600
8014,624700
8015,610200
8016,607800
8017,609400
8018,609600
8019,609200
8020,607800
8021,666900
8022,786000
8023,840100
8024,831800
8025,825200
8026,687200
8027,673100
8028,666200
8029,686500
8030,669100
8031,668200
8032,669000
8033,661300
8034,663400
8035,677800
8036,652600
8037,670100
8038,672000
8039,685900
8040,667900
8041,676900
8042,662600
8043,737600
8044,783600
8045,762400
8046,703000
8047,616500
8048,617900
8049,611600
8050,610200
8051,625700
8052,612200
8053,612400
8054,616800
8055,619500
8056,606100
8057,609300
8058,606400
8059,622900
8060,606700
8061,607000
8062,608300
8063,605700
8064,603200
8065,609800
8066,604900
8067,606000
8068,741600
8069,890700
8070,638700
8071,620000
8072,620200
8073,819800
8074,611900
8075,611900
8076,605300
8077,882700
8078,609500
8079,608500
8080,608800
8081,607700
8082,605000
8083,608500
8084,608500
8085,607400
8086,605300
8087,606100
8088,602600
8089,605200
8090,605800
8091,608900
8092,651700
8093,636500
8094,631300
8095,614400
8096,618400
8097,609600
8098,617800
8099,607400
8100,611200
8101,608100
8102,610600
8103,624800
8104,610000
8105,607800
8106,611700
8107,612000
8108,629500
8109,611700
8110,611500
8111,604600
8112,609200
8113,625000
8114,606900
8115,607600
8116,612900
8117,688900
8118,5961400
8119,738000
8120,714000
8121,614800
8122,613400
8123,641300
8124,642700
8125,620500
8126,620400
8127,619200
8128,620400
8129,614600
8130,622200
8131,642900
8132,637400
8133,749000
8134,958100
8135,654900
8136,628800
8137,622200
8138,617200
8139,631700
8140,643700
8141,616100
8142,615400
8143,611300
8144,622200
8145,720100
8146,661700
8147,613500
8148,959300
8149,611900
8150,612100
8151,611100
8152,609200
8153,617900
8154,608900
8155,606500
8156,611200
8157,663200
8158,622500
8159,639400
8160,626000
8161,621500
8162,622800
8163,615500
8164,619000
8165,619800
8166,631900
8167,615500
8168,621600
8169,614600
8170,638100
8171,613700
8172,613400
8173,611000
8174,614700
8175,613700
8176,613800
8177,610100
8178,614100
8179,612800
8180,612900
8181,620300
8182,614700
8183,672000
8184,719100
8185,705600
8186,693200
8187,677000
8188,688600
8189,669900
8190,674900
8191,669100
8192,680900
8193,672800
8194,672200
8195,672000
8196,671700
8197,663900
8198,676200
8199,739400
8200,695400
8201,673400
8202,698500
8203,671100
8204,686900
8205,819200
8206,763400
8207,748400
8208,724900
8209,681800
8210,619700
8211,612800
8212,616900
8213,610600
8214,615400
8215,620300
8216,615400
8217,616100
8218,612500
8219,608400
8220,611400
8221,613800
8222,614600
8223,701600
8224,613200
8225,891000
8226,614900
8227,616200
8228,612600
8229,714900
8230,621500
8231,641300
8232,610400
8233,613700
8234,614000
8235,610900
8236,609200
8237,610400
8238,632500
8239,623800
8240,607900
8241,616000
8242,606200
8243,608000
8244,609400
8245,609700
8246,608300
8247,613800
8248,605400
8249,610200
8250,636400
8251,616900
8252,605200
8253,609700
8254,659200
8255,612300
8256,627400
8257,609800
8258,608300
8259,613800
8260,610100
8261,607700
8262,606300
8263,611400
8264,606900
8265,616500
8266,606000
8267,612000
8268,607000
8269,606600
8270,609200
8271,602800
8272,607000
8273,605700
8274,605900
8275,610900
8276,610300
8277,603300
8278,605700
8279,605500
8280,662500
8281,660700
8282,749600
8283,691900
8284,682600
8285,680700
8286,679000
8287,672300
8288,673500
8289,673000
8290,676800
8291,669800
8292,666300
8293,673300
8294,660900
8295,672900
8296,685800
8297,663100
8298,673600
8299,670800
8300,661800
8301,666900
8302,667100
8303,1360700
8304,753800
8305,700000
8306,686900
8307,673100
8308,677900
8309,668400
8310,707500
8311,721000
8312,683900
8313,908300
8314,679300
8315,790600
8316,945800
8317,782400
8318,674600
8319,722900
8320,689400
8321,660600
8322,709300
8323,829100
8324,922400
8325,746800
8326,681000
8327,666800
8328,666500
8329,661800
8330,659600
8331,653200
8332,650400
8333,662400
8334,658800
8335,646500
8336,669100
8337,671700
8338,686200
8339,653000
8340,686100
8341,667400
8342,653200
8343,662200
8344,661200
8345,651700
8346,861200
8347,1034300
8348,760700
8349,723000
8350,713500
8351,600300
8352,600500
8353,600500
8354,597700
8355,598800
8356,599400
8357,600300
8358,601100
8359,599000
8360,599600
8361,597200
8362,600300
8363,653500
8364,605900
8365,606800
8366,607000
8367,611600
8368,606900
8369,610700
8370,644100
8371,615800
8372,741500
8373,767400
8374,745200
8375,945300
8376,626700
8377,761800
8378,620600
8379,613600
8380,609400
8381,607000
8382,607500
8383,606600
8384,609200
8385,621700
8386,608500
8387,605600
8388,608500
8389,602900
8390,611100
8391,602300
8392,606500
8393,606600
8394,676900
8395,631300
8396,790000
8397,744400
8398,718700
8399,659700
8400,613600
8401,608800
8402,610500
8403,608700
8404,609900
8405,609600
8406,615300
8407,609600
8408,600600
8409,595600
8410,621900
8411,597600
8412,599000
8413,607400
8414,601300
8415,598500
8416,601400
8417,603500
8418,599100
8419,658800
8420,615100
8421,603500
8422,606000
8423,601100
8424,604900
8425,607200
8426,597400
8427,598300
8428,601000
8429,596700
8430,603600
8431,598700
8432,597600
8433,594300
8434,616800
8435,599700
8436,595900
8437,594200
8438,602900
8439,593500
8440,602400
8441,595600
8442,598300
8443,593300
8444,597000
8445,626500
8446,623200
8447,682600
8448,704900
8449,680700
8450,682800
8451,682600
8452,1047200
8453,1042800
8454,1426400
8455,1245200
8456,986200
8457,676000
8458,672400
8459,718300
8460,669100
8461,668300
8462,730400
8463,679400
8464,800800
8465,745300
8466,791800
8467,805700
8468,697800
8469,677800
8470,669400
8471,661200
8472,681600
8473,670700
8474,665300
8475,669300
8476,658800
8477,659100
8478,660900
8479,650300
8480,659300
8481,658300
8482,658600
8483,652500
8484,658900
8485,657900
8486,648000
8487,802600
8488,909900
8489,726700
8490,669300
8491,664000
8492,655800
8493,665300
8494,656800
8495,658200
8496,660500
8497,653500
8498,654100
8499,668400
8500,656200
8501,654300
8502,709000
8503,668700
8504,654900
8505,661400
8506,652100
8507,651600
8508,651600
8509,658200
8510,878300
8511,1036900
8512,753600
8513,733100
8514,702400
8515,616900
8516,612400
8517,605100
8518,599400
8519,620100
8520,600200
8521,609800
8522,600000
8523,608800
8524,601600
8525,893200
8526,601300
8527,599500
8528,609200
8529,1087400
8530,976100
8531,1077900
8532,753900
8533,716100
8534,622700
8535,616000
8536,610800
8537,611900
8538,611300
8539,613300
8540,614800
8541,608000
8542,605200
8543,605600
8544,604100
8545,607300
8546,5739100
8547,666700
8548,613400
8549,630800
8550,657200
8551,611400
8552,609800
8553,607000
8554,601400
8555,600600
8556,601100
8557,615200
8558,602400
8559,602400
8560,602100
8561,602600
8562,600500
8563,601600
8564,598600
8565,603500
8566,601700
8567,602300
8568,601500
8569,604000
8570,600500
8571,600400
8572,599800
8573,765600
8574,796600
8575,762500
8576,749600
8577,744900
8578,739200
8579,747500
8580,757000
8581,749900
8582,698400
8583,619200
8584,609500
8585,609700
8586,609500
8587,612300
8588,600000
8589,596700
8590,595000
8591,597800
8592,611200
8593,1508400
8594,1021100
8595,983900
8596,990300
8597,1195700
8598,988500
8599,999900
8600,998400
8601,992500
8602,985300
8603,983000
8604,993100
8605,985000
8606,986400
8607,980700
8608,987800
8609,979700
8610,1003000
8611,1003100
8612,1006200
8613,1004100
8614,6184300
8615,816600
8616,772400
8617,669900
8618,676800
8619,678800
8620,694300
8621,1050500
8622,972600
8623,11185500
8624,830000
8625,646500
8626,621400
8627,615600
8628,663200
8629,620500
8630,609600
8631,1072000
8632,625700
8633,615500
8634,613100
8635,1686700
8636,5900800
8637,1147600
8638,1013300
8639,1026100
8640,1049300
8641,1016300
8642,1009000
8643,1032700
8644,1018500
8645,1014800
8646,1011100
8647,1014500
8648,1023500
8649,981400
8650,1012400
8651,1029000
8652,767100
8653,735900
8654,625400
8655,621400
8656,621400
8657,666200
8658,636500
8659,618700
8660,623000
8661,627000
8662,628500
8663,623000
8664,616100
8665,615800
8666,636700
8667,608900
8668,619600
8669,612800
8670,619300
8671,617300
8672,616100
8673,614500
8674,612700
8675,612000
8676,612800
8677,608000
8678,620000
8679,612900
8680,600800
8681,601200
8682,762400
8683,991100
8684,787600
8685,722900
8686,675800
8687,608200
8688,611700
8689,928500
8690,608400
8691,601400
8692,600800
8693,603300
8694,600400
8695,598100
8696,600700
8697,608000
8698,608400
8699,594100
8700,598300
8701,596700
8702,599200
8703,597200
8704,689800
8705,603700
8706,643400
8707,759800
8708,1055900
8709,1080600
8710,1017000
8711,1006100
8712,1008200
8713,986400
8714,997800
8715,993500
8716,1006400
8717,994100
8718,1034500
8719,991600
8720,1015400
8721,1020500
8722,1017500
8723,1034600
8724,758300
8725,708400
8726,615600
8727,618600
8728,612800
8729,618900
8730,612400
8731,612700
8732,611000
8733,608900
8734,606600
8735,611200
8736,607400
8737,610900
8738,611100
8739,611200
8740,611200
8741,610200
8742,615100
8743,607700
8744,606900
8745,760000
8746,769100
8747,994900
8748,1115500
8749,1009100
8750,1015900
8751,1002800
8752,1002700
8753,999500
8754,1318700
8755,1007400
8756,999600
8757,993800
8758,991400
8759,1006700
8760,1071200
8761,758000
8762,691800
8763,620900
8764,608800
8765,699800
8766,610600
8767,609300
8768,608300
8769,609500
8770,609000
8771,604700
8772,609400
8773,612700
8774,605000
8775,605400
8776,601900
8777,606600
8778,605300
8779,604200
8780,608000
8781,607000
8782,605000
8783,616400
8784,608500
8785,604700
8786,765800
8787,808600
8788,902700
8789,727500
8790,678300
8791,669300
8792,671000
8793,657700
8794,653500
8795,657900
8796,657100
8797,656300
8798,663800
8799,662600
8800,652200
8801,665000
8802,652200
8803,661300
8804,681200
8805,656000
8806,667100
8807,662600
8808,656600
8809,897000
8810,1040800
8811,674600
8812,663100
8813,665200
8814,656500
8815,663900
8816,664200
8817,663100
8818,675200
8819,663400
8820,655200
8821,658200
8822,654000
8823,657200
8824,657400
8825,1001700
8826,665900
8827,659200
8828,655200
8829,656100
8830,657700
8831,643700
8832,965600
8833,1013300
8834,801800
8835,740600
8836,665200
8837,711100
8838,666500
8839,661200
8840,757300
8841,663900
8842,647200
8843,664500
8844,656600
8845,663700
8846,674600
8847,657800
8848,668200
8849,657200
8850,649300
8851,652900
8852,660200
8853,662800
8854,927400
8855,881600
8856,682000
8857,670500
8858,677700
8859,668500
8860,678800
8861,688300
8862,666600
8863,666100
8864,666500
8865,673700
8866,662000
8867,672100
8868,679200
8869,681100
8870,682300
8871,674500
8872,680400
8873,667900
8874,661200
8875,671300
8876,927900
8877,1036500
8878,763700
8879,732100
8880,705200
8881,615700
8882,610500
8883,613500
8884,616100
8885,629800
8886,608800
8887,612000
8888,613200
8889,610900
8890,609400
8891,611000
8892,614700
8893,611600
8894,608400
8895,610600
8896,606300
8897,606400
8898,1009700
8899,739100
8900,661500
8901,813700
8902,664300
8903,623100
8904,616100
8905,625800
8906,614800
8907,614400
8908,609900
8909,674800
8910,621300
8911,627100
8912,612100
8913,611300
8914,608600
8915,621300
8916,708500
8917,611100
8918,612800
8919,611400
8920,609200
8921,615500
8922,609200
8923,766400
8924,764800
8925,725400
8926,620300
8927,624600
8928,618700
8929,650800
8930,614300
8931,614600
8932,612900
8933,622100
8934,613300
8935,615100
8936,618100
8937,610000
8938,608000
8939,619400
8940,625100
8941,612000
8942,609200
8943,614000
8944,603600
8945,613800
8946,622000
8947,610400
8948,627400
8949,948300
8950,665500
8951,689900
8952,688500
8953,680400
8954,680900
8955,675000
8956,663200
8957,672200
8958,670600
8959,665700
8960,667100
8961,664400
8962,665100
8963,655300
8964,665900
8965,665600
8966,671600
8967,684300
8968,661700
8969,668000
8970,665000
8971,912900
8972,979500
8973,918200
8974,674600
8975,678400
8976,675600
8977,657600
8978,673100
8979,667200
8980,693300
8981,685400
8982,667200
8983,668300
8984,661000
8985,670700
8986,657300
8987,664800
8988,650700
8989,666000
8990,663200
8991,666100
8992,650200
8993,1036000
8994,901600
8995,705200
8996,675400
8997,676100
8998,671600
8999,675800
9000,685400
9001,666300
9002,677400
9003,671300
9004,655000
9005,693900
9006,676500
9007,665500
9008,672700
9009,662200
9010,724100
9011,681100
9012,672900
9013,664000
9014,726700
9015,664900
9016,741400
9017,670000
9018,611500
9019,614900
9020,973800
9021,1008300
9022,986600
9023,992000
9024,981800
9025,981900
9026,984000
9027,980100
9028,1003300
9029,985100
9030,1010900
9031,992800
9032,1087600
9033,814300
9034,767000
9035,637300
9036,619600
9037,617600
9038,631600
9039,825100
9040,988900
9041,666500
9042,737800
9043,633500
9044,823600
9045,871200
9046,937800
9047,754000
9048,869700
9049,733600
9050,675100
9051,620600
9052,625900
9053,775600
9054,763700
9055,866400
9056,697300
9057,630400
9058,638500
9059,639700
9060,761000
9061,673600
9062,631200
9063,624200
9064,627400
9065,626200
9066,633400
9067,621600
9068,623300
9069,632600
9070,628200
9071,613800
9072,685200
9073,831100
9074,645900
9075,648700
9076,674300
9077,628200
9078,621800
9079,628900
9080,619500
9081,677700
9082,711600
9083,625000
9084,617900
9085,618200
9086,623700
9087,615100
9088,617000
9089,615200
9090,617400
9091,627500
9092,616300
9093,623100
9094,612100
9095,615500
9096,609500
9097,610500
9098,611700
9099,611400
9100,611800
9101,705700
9102,841100
9103,735400
9104,616300
9105,615000
9106,621200
9107,611000
9108,612700
9109,617500
9110,614800
9111,644900
9112,978200
9113,924000
9114,1478700
9115,1000500
9116,997500
9117,991100
9118,999500
9119,998900
9120,1002100
9121,1203100
9122,1160000
9123,647400
9124,944200
9125,647500
9126,636000
9127,627400
9128,1006800
9129,1011700
9130,1210900
9131,1009900
9132,1012200
9133,999900
9134,1010300
9135,1012900
9136,1011500
9137,1086800
9138,768400
9139,745800
9140,663900
9141,646900
9142,623100
9143,635600
9144,617700
9145,616900
9146,613700
9147,612500
9148,618500
9149,614700
9150,613800
9151,621200
9152,622700
9153,619800
9154,619000
9155,616100
9156,622700
9157,618100
9158,616900
9159,615300
9160,614800
9161,616700
9162,684100
9163,767700
9164,739600
9165,700400
9166,621800
9167,622800
9168,619200
9169,619600
9170,628600
9171,634200
9172,629000
9173,635400
9174,619800
9175,618100
9176,619600
9177,616000
9178,614700
9179,1132400
9180,628600
9181,626800
9182,627100
9183,623700
9184,657300
9185,650000
9186,623000
9187,642700
9188,630300
9189,621000
9190,619000
9191,615600
9192,611000
9193,616900
9194,612800
9195,615800
9196,611100
9197,611300
9198,609400
9199,610200
9200,611700
9201,611800
9202,611900
9203,610300
9204,610300
9205,723600
9206,623500
9207,619400
9208,685600
9209,808800
9210,890400
9211,662500
9212,626600
9213,625500
9214,618500
9215,653700
9216,638700
9217,738700
9218,1005700
9219,1008300
9220,1001600
9221,1003600
9222,933900
9223,1012400
9224,1049100
9225,1018900
9226,998100
9227,998200
9228,806300
9229,663900
9230,635100
9231,649800
9232,620000
9233,623900
9234,621600
9235,631900
9236,612400
9237,616400
9238,611300
9239,617700
9240,619500
9241,996400
9242,911200
9243,1011100
9244,1009700
9245,1014000
9246,996400
9247,1584300
9248,1066600
9249,700700
9250,666800
9251,748700
9252,648000
9253,628000
9254,1082600
9255,778100
9256,635500
9257,628800
9258,623700
9259,628600
9260,625400
9261,620000
9262,617400
9263,620700
9264,619300
9265,618900
9266,617500
9267,618900
9268,615900
9269,702600
9270,924300
9271,1184800
9272,1017100
9273,1007100
9274,1011300
9275,1020800
9276,1012200
9277,1020800
9278,1017000
9279,1012000
9280,1002600
9281,984400
9282,997700
9283,892700
9284,1013300
9285,1019100
9286,974200
9287,980600
9288,1015300
9289,999700
9290,1042300
9291,1020000
9292,1014100
9293,979600
9294,643100
9295,624900
9296,623500
9297,624600
9298,621200
9299,619300
9300,625900
9301,626200
9302,621900
9303,798900
9304,1022400
9305,1010900
9306,1011700
9307,1746500
9308,1018900
9309,1004100
9310,1052300
9311,1006100
9312,1008800
9313,1010800
9314,1007400
9315,1011800
9316,1010600
9317,1010300
9318,1007000
9319,1089700
9320,777600
9321,880800
9322,655100
9323,630400
9324,620000
9325,620900
9326,619700
9327,738800
9328,620200
9329,620800
9330,613200
9331,610500
9332,610700
9333,616200
9334,617600
9335,623400
9336,616700
9337,627400
9338,637800
9339,620000
9340,608600
9341,609900
9342,677200
9343,762700
9344,5712800
9345,755500
9346,723100
9347,667500
9348,1009200
9349,1017600
9350,1009000
9351,1014500
9352,1015300
9353,938000
9354,1051100
9355,765800
9356,772100
9357,740100
9358,618900
9359,613000
9360,611400
9361,615200
9362,1136200
9363,621800
9364,614200
9365,617600
9366,619400
9367,611600
9368,613900
9369,604800
9370,613800
9371,610800
9372,650700
9373,612200
9374,608100
9375,603700
9376,605900
9377,599200
9378,642100
9379,611700
9380,740500
9381,771500
9382,739400
9383,725900
9384,618500
9385,617800
9386,617900
9387,611500
9388,628800
9389,619700
9390,611500
9391,616600
9392,1015500
9393,1214100
9394,997500
9395,986200
9396,1003300
9397,990300
9398,1029500
9399,1114900
9400,5553700
9401,711000
9402,682900
9403,697300
9404,729000
9405,674900
9406,693500
9407,679200
9408,729700
9409,684500
9410,680000
9411,676300
9412,798300
9413,931200
9414,6319100
9415,837500
9416,1290000
9417,636200
9418,664100
9419,624800
9420,622600
9421,611700
9422,615300
9423,613300
9424,614700
9425,611000
9426,633000
9427,609300
9428,636500
9429,1008300
9430,998300
9431,1011100
9432,968700
9433,1010800
9434,998600
9435,985000
9436,982000
9437,1002000
9438,995100
9439,1003900
9440,980500
9441,1220900
9442,1093400
9443,657900
9444,760800
9445,666100
9446,641500
9447,622800
9448,624900
9449,630600
9450,649200
9451,1030500
9452,1024700
9453,1019700
9454,1020600
9455,1018600
9456,1056500
9457,893300
9458,636700
9459,638900
9460,630200
9461,630800
9462,876300
9463,1008900
9464,5499700
9465,780900
9466,741400
9467,735100
9468,657700
9469,626000
9470,619700
9471,623800
9472,1190000
9473,633300
9474,630300
9475,628500
9476,622300
9477,663300
9478,629600
9479,624400
9480,622500
9481,622900
9482,618300
9483,620000
9484,707400
9485,795800
9486,858600
9487,787300
9488,786500
9489,823300
9490,841900
9491,781500
9492,901300
9493,921200
9494,809700
9495,627700
9496,621400
9497,623500
9498,676700
9499,627300
9500,619900
9501,617700
9502,617200
9503,614000
9504,737000
9505,620900
9506,614000
9507,613700
9508,608700
9509,619900
9510,625900
9511,617700
9512,622900
9513,613700
9514,611600
9515,615700
9516,617100
9517,616500
9518,615800
9519,617700
9520,618800
9521,622500
9522,617800
9523,751200
9524,699500
9525,631400
9526,633200
9527,623700
9528,613500
9529,630800
9530,617400
9531,618600
9532,620100
9533,617200
9534,626100
9535,617600
9536,609700
9537,611200
9538,609900
9539,617200
9540,615500
9541,614900
9542,609200
9543,610400
9544,610100
9545,613500
9546,610900
9547,613800
9548,1088600
9549,847000
9550,657100
9551,630000
9552,624400
9553,617400
9554,651500
9555,657300
9556,631900
9557,640200
9558,619000
9559,620800
9560,612800
9561,606900
9562,616500
9563,729600
9564,608400
9565,612300
9566,608200
9567,611300
9568,609500
9569,612100
9570,611100
9571,609000
9572,697400
9573,640500
9574,618000
9575,620800
9576,620300
9577,619300
9578,620300
9579,623400
9580,629600
9581,626800
9582,617900
9583,753100
9584,621500
9585,618900
9586,622600
9587,613100
9588,664600
9589,624300
9590,622300
9591,614000
9592,615300
9593,618100
9594,611200
9595,618800
9596,681500
9597,781800
9598,872500
9599,948800
9600,1013900
9601,1021300
9602,1024800
9603,1017400
9604,1008500
9605,1009500
9606,989500
9607,1023100
9608,997300
9609,1006100
9610,999600
9611,1007900
9612,1068900
9613,774400
9614,735000
9615,728500
9616,625600
9617,978400
9618,612500
9619,618300
9620,629400
9621,619000
9622,602400
9623,603600
9624,600600
9625,603500
9626,600400
9627,601900
9628,601800
9629,603400
9630,601400
9631,600700
9632,610500
9633,603000
9634,603800
9635,605200
9636,602300
9637,728300
9638,836100
9639,738700
9640,631300
9641,609500
9642,608400
9643,631100
9644,602600
9645,604200
9646,592400
9647,601600
9648,595700
9649,602400
9650,638500
9651,603400
9652,621000
9653,608100
9654,590100
9655,734000
9656,609900
9657,602700
9658,599500
9659,600900
9660,594700
9661,591700
9662,855300
9663,1131800
9664,857400
9665,776600
9666,727600
9667,719900
9668,634700
9669,611500
9670,615800
9671,613100
9672,612300
9673,611400
9674,611100
9675,604800
9676,667500
9677,987100
9678,1000700
9679,1000800
9680,993100
9681,1012400
9682,999100
9683,1085400
9684,765300
9685,733800
9686,619300
9687,612800
9688,611300
9689,607000
9690,959100
9691,617100
9692,605700
9693,606200
9694,607000
9695,619600
9696,611200
9697,940700
9698,989100
9699,1000000
9700,993500
9701,816900
9702,976100
9703,1137800
9704,707700
9705,668100
9706,678700
9707,655500
9708,667800
9709,685500
9710,666800
9711,657700
9712,654100
9713,667500
9714,657700
9715,663200
9716,660200
9717,654300
9718,659000
9719,653400
9720,648300
9721,660600
9722,647500
9723,673700
9724,824400
9725,6172700
9726,744100
9727,721100
9728,656200
9729,605900
9730,606200
9731,677800
9732,1003200
9733,1000900
9734,998200
9735,974000
9736,995500
9737,1021400
9738,994300
9739,996000
9740,993300
9741,986500
9742,1183900
9743,822900
9744,690900
9745,678000
9746,676200
9747,992900
9748,671200
9749,676800
9750,662400
9751,663700
9752,660500
9753,673700
9754,717600
9755,660300
9756,783700
9757,890000
9758,754400
9759,675800
9760,656000
9761,676800
9762,1031200
9763,676700
9764,656300
9765,682400
9766,670300
9767,672600
9768,679300
9769,666500
9770,662600
9771,662500
9772,665200
9773,659400
9774,664200
9775,667100
9776,665500
9777,764500
9778,821400
9779,902200
9780,717400
9781,686200
9782,720600
9783,675100
9784,864800
9785,1035300
9786,6260800
9787,985000
9788,888400
9789,913600
9790,911900
9791,905300
9792,647500
9793,629000
9794,610600
9795,612000
9796,781000
9797,728200
9798,975900
9799,957100
9800,884100
9801,666400
9802,607600
9803,606600
9804,608800
9805,601100
9806,599300
9807,1038100
9808,613300
9809,609100
9810,653100
9811,717200
9812,728600
9813,779800
9814,638800
9815,614500
9816,608000
9817,611600
9818,607900
9819,604800
9820,603500
9821,601500
9822,683200
9823,785200
9824,709500
9825,624600
9826,614500
9827,913400
9828,990500
9829,989200
9830,981800
9831,995300
9832,991800
9833,1031300
9834,1029900
9835,999500
9836,1000200
9837,911400
9838,861500
9839,855400
9840,853600
9841,1028900
9842,835900
9843,819900
9844,783400
9845,916000
9846,814400
9847,824900
9848,827500
9849,867900
9850,803900
9851,903100
9852,718800
9853,800300
9854,677000
9855,681700
9856,675700
9857,682800
9858,671900
9859,671600
9860,670400
9861,668300
9862,651900
9863,671300
9864,659400
9865,660000
9866,705200
9867,660500
9868,736200
9869,678100
9870,666100
9871,666800
9872,1545200
9873,866400
9874,675500
9875,670200
9876,679200
9877,655600
9878,671600
9879,727000
9880,665700
9881,673100
9882,667900
9883,663500
9884,774700
9885,664300
9886,662700
9887,665600
9888,669600
9889,665200
9890,651800
9891,670200
9892,649300
9893,661200
9894,802000
9895,687700
9896,830000
9897,774500
9898,668500
9899,622300
9900,612300
9901,615800
9902,611800
9903,626400
9904,618400
9905,646700
9906,608300
9907,610100
9908,611900
9909,609400
9910,607700
9911,619300
9912,606300
9913,608500
9914,722100
9915,615500
9916,608200
9917,620900
9918,623800
9919,609100
9920,643200
9921,826200
9922,805200
9923,723700
9924,675000
9925,641000
9926,695300
9927,751400
9928,639800
9929,712100
9930,650000
9931,768000
9932,756700
9933,785500
9934,733400
9935,632200
9936,613000
9937,675400
9938,683400
9939,698400
9940,710600
9941,685600
9942,655000
9943,633500
9944,632500
9945,1410900
9946,651200
9947,627800
9948,620500
9949,619100
9950,639500
9951,656600
9952,625300
9953,622200
9954,618500
9955,627900
9956,609900
9957,616600
9958,672300
9959,615500
9960,751600
9961,656400
9962,838400
9963,1065400
9964,886200
9965,755600
9966,714200
9967,685600
9968,670700
9969,671600
9970,790900
9971,753100
9972,669600
9973,775800
9974,756600
9975,683800
9976,699800
9977,677400
9978,772000
9979,929300
9980,776500
9981,676300
9982,821200
9983,677600
9984,749900
9985,799400
9986,690900
9987,658600
9988,630900
9989,649900
9990,626200
9991,611800
9992,714700
9993,995800
9994,1011100
9995,1005700
9996,1017300
9997,660400
9998,789200
9999,647500
10000,618600
10001,751400
10002,681300
10003,637800
10004,614900
10005,632000
10006,618000
10007,611500
10008,648800
10009,928400
10010,906500
10011,985300
10012,749000
10013,1185100
10014,634300
10015,632800
10016,844000
10017,930200
10018,793600
10019,671200
10020,619500
10021,618800
10022,615900
10023,607400
10024,610800
10025,610700
10026,666000
10027,931400
10028,931900
10029,702300
10030,687500
10031,877600
10032,865000
10033,709000
10034,752100
10035,734200
10036,696500
10037,641300
10038,619500
10039,608500
10040,610000
10041,656300
10042,716500
10043,689000
10044,656300
10045,755000
10046,627500
10047,712000
10048,672800
10049,630700
10050,628100
10051,612600
10052,697300
10053,770500
10054,666800
10055,702600
10056,793500
10057,680800
10058,674200
10059,664900
10060,822900
10061,633700
10062,669900
10063,841200
10064,665300
10065,621700
10066,624800
10067,767300
10068,887700
10069,711600
10070,866300
10071,794600
10072,660700
10073,621700
10074,751700
10075,1008800
10076,1011600
10077,1007600
10078,1040900
10079,950500
10080,857700
10081,2014900
10082,6817300
10083,970600
10084,1016500
10085,1007100
10086,1034000
10087,1054900
10088,867700
10089,750900
10090,889700
10091,715300
10092,828100
10093,1110500
10094,684300
10095,1085500
10096,1058300
10097,1142000
10098,749400
10099,945100
10100,854500
10101,869900
10102,725600
10103,1260600
10104,701100
10105,709000
10106,815600
10107,969700
10108,670300
10109,821700
10110,757500
10111,644600
10112,613600
10113,748000
10114,771100
10115,1022400
10116,1058800
10117,1063700
10118,1241500
10119,657400
10120,618700
10121,674200
10122,621500
10123,610700
10124,604200
10125,615200
10126,606800
10127,609400
10128,601200
10129,608100
10130,607000
10131,606000
10132,607000
10133,1043400
10134,606100
10135,606600
10136,604300
10137,711000
10138,780800
10139,938900
10140,828700
10141,740700
10142,666300
10143,624800
10144,613100
10145,610100
10146,611500
10147,618700
10148,609500
10149,608800
10150,606000
10151,605100
10152,605500
10153,604100
10154,606100
10155,606900
10156,605400
10157,600900
10158,608600
10159,604700
10160,605000
10161,701900
10162,616600
10163,603600
10164,609500
10165,602600
10166,616600
10167,604300
10168,600600
10169,594500
10170,605400
10171,594900
10172,600400
10173,598400
10174,601200
10175,597200
10176,597300
10177,597100
10178,597300
10179,596700
10180,599000
10181,608200
10182,597900
10183,594600
10184,698800
10185,598200
10186,598500
10187,597300
10188,823100
10189,744900
10190,752000
10191,742300
10192,750300
10193,749200
10194,750000
10195,748300
10196,765800
10197,804800
10198,726000
10199,604400
10200,606100
10201,601700
10202,599900
10203,601000
10204,603100
10205,602100
10206,602000
10207,599900
10208,602700
10209,602500
10210,976700
10211,782600
10212,5196200
10213,6596300
10214,727900
10215,692100
10216,615200
10217,612600
10218,738800
10219,838400
10220,735600
10221,618100
10222,613800
10223,610100
10224,611400
10225,608700
10226,605800
10227,609500
10228,607300
10229,606700
10230,618200
10231,613100
10232,602900
10233,601900
10234,602900
10235,607900
10236,605700
10237,606600
10238,622100
10239,607500
10240,609200
10241,604300
10242,604200
10243,635400
10244,605400
10245,721700
10246,609400
10247,608100
10248,605200
10249,603300
10250,605000
10251,608000
10252,603800
10253,601200
10254,608700
10255,603500
10256,600200
10257,598600
10258,603400
10259,600800
10260,604600
10261,603400
10262,614000
10263,600400
10264,602800
10265,602600
10266,600300
10267,606600
10268,725700
10269,755000
10270,726400
10271,689800
10272,1009500
10273,609200
10274,607600
10275,608200
10276,607500
10277,611400
10278,612000
10279,604700
10280,605000
10281,602800
10282,606500
10283,602300
10284,606700
10285,602900
10286,604500
10287,607400
10288,605300
10289,603400
10290,603300
10291,618500
10292,664700
10293,780000
10294,944500
10295,672400
10296,641100
10297,642900
10298,647800
10299,631600
10300,642200
10301,627200
10302,644300
10303,657400
10304,654600
10305,675300
10306,1013800
10307,986600
10308,1040800
10309,1052200
10310,1073800
10311,1041400
10312,1067500
10313,762300
10314,866200
10315,730200
10316,683400
10317,607300
10318,611600
10319,607500
10320,601100
10321,700000
10322,602800
10323,597200
10324,601700
10325,602000
10326,598200
10327,595200
10328,601100
10329,599900
10330,598700
10331,596000
10332,600500
10333,609300
10334,602200
10335,598700
10336,603300
10337,597000
10338,633400
10339,733600
10340,761300
10341,718400
10342,612500
10343,627600
10344,610000
10345,609500
10346,1086500
10347,618400
10348,620100
10349,611700
10350,615200
10351,618000
10352,610600
10353,601000
10354,606800
10355,603100
10356,638100
10357,605300
10358,604000
10359,610300
10360,605400
10361,603500
10362,605000
10363,646500
10364,655800
10365,864600
10366,709900
10367,622400
10368,617900
10369,613700
10370,604900
10371,607700
10372,597700
10373,600900
10374,598700
10375,601700
10376,600500
10377,599700
10378,600100
10379,604600
10380,605500
10381,600900
10382,595100
10383,596600
10384,596600
10385,600600
10386,596000
10387,596800
10388,642600
10389,598600
10390,597900
10391,617400
10392,605900
10393,602700
10394,593900
10395,598200
10396,595500
10397,595500
10398,595400
10399,595800
10400,594400
10401,597000
10402,684900
10403,662500
10404,609800
10405,598600
10406,598200
10407,594800
10408,591000
10409,594000
10410,591000
10411,594700
10412,592900
10413,746700
10414,862800
10415,756300
10416,723300
10417,607100
10418,607000
10419,607700
10420,616300
10421,611100
10422,598600
10423,595300
10424,593500
10425,603300
10426,864000
10427,616600
10428,599600
10429,599000
10430,599500
10431,601700
10432,594700
10433,594800
10434,595300
10435,598400
10436,596800
10437,598900
10438,622400
10439,608200
10440,740500
10441,619200
10442,608600
10443,608000
10444,611800
10445,612900
10446,600100
10447,606200
10448,605700
10449,607900
10450,606300
10451,602600
10452,626300
10453,607900
10454,604400
10455,606700
10456,605400
10457,607200
10458,599900
10459,597700
10460,602200
10461,612700
10462,611000
10463,625300
10464,605700
10465,728200
10466,5427100
10467,792100
10468,697800
10469,721900
10470,786700
10471,767500
10472,717900
10473,758000
10474,919300
10475,919400
10476,1100300
10477,992100
10478,1386700
10479,1003700
10480,894100
10481,899300
10482,938000
10483,1041400
10484,885300
10485,903800
10486,862100
10487,1080200
10488,911600
10489,1318500
10490,794900
10491,795200
10492,1002400
10493,1134000
10494,1190600
10495,650300
10496,625200
10497,614000
10498,612200
10499,610800
10500,612800
10501,621700
10502,601400
10503,623400
10504,605600
10505,603000
10506,603400
10507,601100
10508,602600
10509,603100
10510,606800
10511,604400
10512,601300
10513,603200
10514,601700
10515,601200
10516,607400
10517,624400
10518,615600
10519,608200
10520,912600
10521,673300
10522,855600
10523,772500
10524,727000
10525,677800
10526,760400
10527,674100
10528,708700
10529,727400
10530,718600
10531,709200
10532,711200
10533,727600
10534,711400
10535,716600
10536,706400
10537,693500
10538,698300
10539,1385700
10540,1286000
10541,1302700
10542,998400
10543,1313900
10544,797200
10545,803700
10546,708900
10547,728900
10548,731000
10549,785600
10550,880600
10551,753400
10552,770000
10553,767300
10554,985000
10555,852300
10556,949500
10557,1182900
10558,708100
10559,797000
10560,858600
10561,732900
10562,844000
10563,662000
10564,724500
10565,646100
10566,873800
10567,849500
10568,805700
10569,735700
10570,659300
10571,706900
10572,801600
10573,748300
10574,816900
10575,694400
10576,1007300
10577,968600
10578,838000
10579,696000
10580,931800
10581,840700
10582,958900
10583,1114700
10584,856800
10585,796600
10586,743900
10587,740000
10588,711000
10589,687100
10590,692800
10591,704500
10592,702500
10593,697200
10594,755900
10595,873100
10596,1094900
10597,653000
10598,727700
10599,760100
10600,737300
10601,690200
10602,726800
10603,747800
10604,725000
10605,697700
10606,716500
10607,721800
10608,708100
10609,694800
10610,684100
10611,713400
10612,731100
10613,706000
10614,721000
10615,678600
10616,896000
10617,1089400
10618,1072200
10619,725600
10620,647000
10621,608700
10622,630000
10623,622700
10624,616600
10625,618400
10626,638100
10627,611000
10628,603800
10629,605200
10630,615600
10631,608700
10632,601500
10633,596000
10634,609100
10635,600500
10636,606900
10637,606200
10638,601400
10639,637100
10640,653100
10641,612300
10642,622300
10643,622300
10644,634300
10645,634600
10646,617300
10647,615900
10648,615900
10649,616900
10650,610800
10651,608700
10652,620900
10653,609400
10654,610100
10655,610400
10656,614800
10657,604400
10658,607600
10659,608900
10660,611600
10661,609300
10662,608700
10663,605200
10664,610000
10665,769500
10666,702900
10667,853800
10668,657300
10669,835300
10670,1001700
10671,636400
10672,629900
10673,617900
10674,621800
10675,609400
10676,606700
10677,900300
10678,859200
10679,724000
10680,625800
10681,613100
10682,624500
10683,610100
10684,612600
10685,610600
10686,615000
10687,610500
10688,670600
10689,627600
10690,631500
10691,618000
10692,606900
10693,604100
10694,603700
10695,943200
10696,609100
10697,605700
10698,607700
10699,601700
10700,608400
10701,605500
10702,607500
10703,601800
10704,662100
10705,1003500
10706,994600
10707,981400
10708,977100
10709,1048300
10710,758900
10711,734200
10712,630800
10713,614500
10714,621800
10715,610600
10716,623200
10717,598100
10718,596900
10719,596300
10720,598400
10721,598700
10722,599100
10723,594000
10724,601000
10725,598200
10726,597400
10727,876700
10728,849000
10729,930600
10730,974600
10731,985000
10732,1015800
10733,974600
10734,992500
10735,995400
10736,1005800
10737,995500
10738,1009700
10739,991600
10740,1024500
10741,994300
10742,996300
10743,987900
10744,990700
10745,995000
10746,1180500
10747,1091500
10748,783300
10749,737700
10750,728200
10751,616000
10752,611200
10753,607200
10754,605600
10755,606900
10756,606100
10757,872500
10758,610300
10759,610200
10760,606600
10761,604900
10762,616700
10763,604100
10764,602000
10765,605500
10766,603300
10767,604600
10768,601100
10769,612100
10770,603300
10771,699400
10772,652300
10773,779600
10774,763200
10775,726000
10776,614200
10777,620400
10778,611000
10779,614100
10780,635500
10781,610100
10782,629200
10783,608200
10784,601500
10785,598100
10786,597700
10787,793100
10788,989000
10789,989900
10790,1002000
10791,1015900
10792,933300
10793,1111700
10794,731900
10795,628100
10796,618800
10797,619400
10798,608900
10799,609100
10800,609100
10801,610100
10802,606200
10803,610000
10804,613300
10805,609000
10806,605600
10807,607000
10808,624300
10809,656000
10810,648500
10811,620600
10812,604700
10813,614500
10814,607700
10815,611200
10816,630100
10817,612100
10818,614200
10819,631800
10820,701400
10821,681500
10822,776700
10823,672500
10824,660100
10825,671600
10826,680400
10827,668800
10828,661900
10829,666700
10830,670700
10831,659700
10832,932800
10833,651700
10834,664900
10835,686200
10836,651000
10837,669300
10838,669500
10839,651300
10840,930000
10841,881300
10842,673900
10843,663900
10844,664900
10845,663700
10846,665300
10847,653000
10848,670500
10849,664200
10850,648700
10851,665600
10852,660700
10853,652000
10854,666400
10855,666900
10856,659500
10857,670700
10858,655200
10859,653800
10860,660000
10861,653400
10862,656100
10863,753700
10864,767700
10865,670400
10866,666500
10867,656600
10868,668500
10869,658900
10870,678400
10871,656700
10872,660000
10873,659600
10874,650100
10875,657100
10876,656400
10877,647700
10878,669700
10879,652900
10880,665900
10881,662500
10882,681900
10883,647200
10884,660400
10885,667900
10886,696800
10887,1057600
10888,963600
10889,624000
10890,613700
10891,608300
10892,612600
10893,603100
10894,605500
10895,604500
10896,702300
10897,604700
10898,606200
10899,602000
10900,613400
10901,607900
10902,608100
10903,606800
10904,607800
10905,604200
10906,837000
10907,604900
10908,606200
10909,614700
10910,694400
10911,5813100
10912,626700
10913,4775500
10914,715600
10915,709400
10916,668200
10917,602100
10918,610400
10919,605100
10920,599100
10921,594500
10922,605600
10923,596600
10924,598400
10925,593600
10926,601100
10927,594800
10928,650600
10929,605700
10930,607200
10931,600400
10932,599500
10933,597300
10934,595500
10935,593600
10936,727900
10937,672900
10938,752800
10939,628900
10940,614600
10941,609600
10942,846800
10943,765000
10944,804500
10945,817700
10946,699100
10947,682100
10948,673700
10949,665600
10950,673900
10951,924600
10952,887500
10953,917500
10954,897600
10955,935200
10956,928900
10957,797300
10958,804700
10959,1138500
10960,933300
10961,974700
10962,921700
10963,1311200
10964,741700
10965,726200
10966,713900
10967,629300
10968,606000
10969,607200
10970,605700
10971,606600
10972,607600
10973,606400
10974,614500
10975,620700
10976,602900
10977,607400
10978,601000
10979,605600
10980,603800
10981,604800
10982,599800
10983,602900
10984,606300
10985,606400
10986,602500
10987,703600
10988,626400
10989,617700
10990,611700
10991,606800
10992,632200
10993,606500
10994,611200
10995,606700
10996,604600
10997,605500
10998,612000
10999,605900
11000,607200
11001,603800
11002,605500
11003,611200
11004,601800
11005,603700
11006,611600
11007,603400
11008,618500
11009,610900
11010,603800
11011,604900
11012,698200
11013,5763800
11014,730000
11015,693600
11016,625500
11017,607700
11018,605400
11019,612800
11020,606800
11021,604800
11022,606000
11023,606300
11024,616600
11025,610300
11026,603100
11027,618300
11028,605100
11029,811000
11030,616600
11031,628200
11032,606900
11033,602100
11034,991800
11035,611600
11036,602800
11037,609100
11038,613700
11039,602600
11040,603400
11041,603900
11042,604000
11043,610000
11044,597900
11045,602400
11046,599300
11047,602200
11048,609800
11049,602900
11050,601700
11051,603800
11052,602700
11053,606500
11054,636100
11055,760100
11056,656500
11057,605800
11058,604300
11059,601700
11060,611500
11061,600700
11062,611900
11063,603200
11064,604400
11065,601900
11066,597900
11067,597100
11068,597300
11069,598900
11070,599400
11071,598200
11072,595600
11073,600600
11074,595200
11075,601000
11076,605300
11077,605100
11078,597000
11079,641300
11080,608600
11081,648700
11082,598900
11083,600800
11084,594500
11085,602700
11086,596800
11087,616500
11088,602400
11089,600200
11090,597100
11091,599900
11092,594300
11093,597800
11094,596400
11095,600500
11096,603800
11097,605800
11098,598200
11099,599800
11100,602900
11101,596500
11102,595300
11103,602200
11104,594600
11105,647800
11106,599800
11107,626300
11108,600100
11109,607200
11110,603100
11111,605400
11112,711300
11113,615400
11114,615000
11115,604200
11116,923200
11117,618100
11118,606600
11119,656700
11120,606800
11121,607000
11122,602500
11123,602700
11124,602200
11125,605600
11126,598500
11127,601500
11128,601100
11129,661600
11130,5849800
11131,802200
11132,671800
11133,686200
11134,669000
11135,675700
11136,663100
11137,679800
11138,664300
11139,655500
11140,671300
11141,824900
11142,619100
11143,665900
11144,836000
11145,919300
11146,765100
11147,747200
11148,712100
11149,612700
11150,607800
11151,605900
11152,606200
11153,605300
11154,603200
11155,609100
11156,603300
11157,605800
11158,606000
11159,603200
11160,603800
11161,603000
11162,600700
11163,608900
11164,598600
11165,601500
11166,605900
11167,607500
11168,707300
11169,827100
11170,824700
11171,669000
11172,675600
11173,671400
11174,659600
11175,663900
11176,655100
11177,656800
11178,670800
11179,660600
11180,657900
11181,652100
11182,762000
11183,901100
11184,654700
11185,666200
11186,674300
11187,663600
11188,659000
11189,655500
11190,657600
11191,754700
11192,700000
11193,715300
11194,668000
11195,659500
11196,662300
11197,658100
11198,656800
11199,663100
11200,671500
11201,658900
11202,659800
11203,658900
11204,653100
11205,657400
11206,659900
11207,667200
11208,652300
11209,663700
11210,649500
11211,651300
11212,656200
11213,657400
11214,640200
11215,911600
11216,979100
11217,686300
11218,664800
11219,666600
11220,653500
11221,663500
11222,671100
11223,662000
11224,652900
11225,650400
11226,670300
11227,656900
11228,649600
11229,664000
11230,653500
11231,664600
11232,645800
11233,657300
11234,648500
11235,650200
11236,655500
11237,727600
11238,1065400
11239,920100
11240,618700
11241,610700
11242,607800
11243,608900
11244,604300
11245,612800
11246,603100
11247,604600
11248,601900
11249,601200
11250,601000
11251,606600
11252,602300
11253,601000
11254,599500
11255,603000
11256,599500
11257,616600
11258,914300
11259,610900
11260,607000
11261,685300
11262,779300
11263,730300
11264,696000
11265,624500
11266,611000
11267,609400
11268,612000
11269,615300
11270,605300
11271,606600
11272,605400
11273,605300
11274,601000
11275,603800
11276,601300
11277,602600
11278,603000
11279,605500
11280,602000
11281,607300
11282,611400
11283,599000
11284,608100
11285,607100
11286,680500
11287,899400
11288,662300
11289,619700
11290,616700
11291,608000
11292,604100
11293,604900
11294,599600
11295,606900
11296,597700
11297,602400
11298,603100
11299,601800
11300,598700
11301,602300
11302,599100
11303,601700
11304,599300
11305,608800
11306,597900
11307,604500
11308,609900
11309,604300
11310,726900
11311,746700
11312,783100
11313,699400
11314,670300
11315,683700
11316,665900
11317,664900
11318,664400
11319,658800
11320,684100
11321,667700
11322,649200
11323,671600
11324,653700
11325,717300
11326,663500
11327,672700
11328,653600
11329,668800
11330,669400
11331,662500
11332,664300
11333,739700
11334,683000
11335,899500
11336,681700
11337,770600
11338,682000
11339,673600
11340,666100
11341,673900
11342,657400
11343,676800
11344,694500
11345,764200
11346,695600
11347,668000
11348,654600
11349,682400
11350,666200
11351,653900
11352,669500
11353,670600
11354,655000
11355,658900
11356,939700
11357,862600
11358,678200
11359,668200
11360,668200
11361,662500
11362,655800
11363,669300
11364,652800
11365,663800
11366,666500
11367,648900
11368,663800
11369,656900
11370,656300
11371,653300
11372,652300
11373,668200
11374,656500
11375,665700
11376,656600
11377,657100
11378,734900
11379,1037500
11380,975300
11381,618500
11382,611100
11383,608800
11384,606700
11385,610300
11386,604500
11387,607900
11388,603600
11389,607400
11390,606200
11391,606800
11392,602800
11393,613500
11394,607100
11395,608300
11396,603700
11397,613500
11398,607100
11399,612800
11400,608600
11401,605000
11402,599600
11403,655600
11404,728800
11405,680800
11406,637700
11407,610900
11408,609600
11409,604800
11410,831700
11411,615600
11412,610000
11413,690200
11414,609900
11415,608400
11416,607700
11417,601400
11418,603400
11419,603000
11420,602900
11421,599200
11422,613300
11423,603400
11424,602800
11425,601700
11426,609900
11427,602600
11428,602000
11429,635300
11430,606500
11431,619500
11432,603700
11433,603000
11434,604500
11435,602100
11436,601100
11437,609500
11438,598700
11439,601300
11440,603600
11441,598500
11442,607600
11443,598000
11444,598800
11445,599300
11446,600000
11447,608100
11448,600100
11449,598900
11450,600500
11451,603900
11452,599000
11453,597200
11454,599400
11455,649900
11456,609800
11457,616300
11458,602300
11459,604600
11460,599200
11461,601500
11462,610800
11463,598700
11464,602300
11465,599600
11466,600800
11467,599800
11468,605300
11469,596700
11470,604400
11471,596900
11472,627100
11473,597600
11474,599100
11475,608200
11476,600400
11477,597200
11478,595100
11479,598300
11480,724600
11481,1032800
11482,821500
11483,680500
11484,683300
11485,678700
11486,670300
11487,668100
11488,666900
11489,653500
11490,883900
11491,668500
11492,668600
11493,670100
11494,755200
11495,669200
11496,674500
11497,655400
11498,673300
11499,676000
11500,664600
11501,660100
11502,781300
11503,885100
11504,766900
11505,671900
11506,656900
11507,675900
11508,663300
11509,662200
11510,662800
11511,651400
11512,667800
11513,673400
11514,661200
11515,671700
11516,659300
11517,658100
11518,654800
11519,669000
11520,663300
11521,651300
11522,666400
11523,660000
11524,664400
11525,5780900
11526,649700
11527,661200
11528,667300
11529,659400
11530,681500
11531,670100
11532,660300
11533,662300
11534,646700
11535,662700
11536,669000
11537,657400
11538,659200
11539,661500
11540,659700
11541,662400
11542,789700
11543,757900
11544,718700
11545,722400
11546,603200
11547,610800
11548,606400
11549,607900
11550,602900
11551,604200
11552,601200
11553,618800
11554,603800
11555,607300
11556,600800
11557,843500
11558,606500
11559,602300
11560,605100
11561,601500
11562,596900
11563,598700
11564,686300
11565,606100
11566,752400
11567,655700
11568,843400
11569,807500
11570,989500
11571,668600
11572,717600
11573,682200
11574,663800
11575,668000
11576,672100
11577,663500
11578,666400
11579,667700
11580,659600
11581,667400
11582,660600
11583,654200
11584,655800
11585,654100
11586,641600
11587,670800
11588,897200
11589,909600
11590,970100
11591,681900
11592,650900
11593,673000
11594,652900
11595,668500
11596,662000
11597,656000
11598,657800
11599,650500
11600,643700
11601,653900
11602,643500
11603,639000
11604,648900
11605,652900
11606,642600
11607,644600
11608,650000
11609,647600
11610,862700
11611,871100
11612,740800
11613,661800
11614,655600
11615,647900
11616,658700
11617,651000
11618,642700
11619,659000
11620,659100
11621,650500
11622,647500
11623,655000
11624,657200
11625,649500
11626,659300
11627,658000
11628,657200
11629,647100
11630,902900
11631,657700
11632,653600
11633,643100
11634,901000
11635,952600
11636,737100
11637,767800
11638,663700
11639,652700
11640,665100
11641,650500
11642,647400
11643,652000
11644,643200
11645,662400
11646,652400
11647,638600
11648,648900
11649,643400
11650,649000
11651,642600
11652,642800
11653,638400
11654,662100
11655,795400
11656,846800
11657,884600
11658,721500
11659,719300
11660,664600
11661,652400
11662,675200
11663,664700
11664,666800
11665,664100
11666,652000
11667,660100
11668,664800
11669,658300
11670,658300
11671,657500
11672,656800
11673,639800
11674,655800
11675,660400
11676,654200
11677,641400
11678,657500
11679,834500
11680,1044500
11681,763200
11682,764500
11683,1087900
11684,994800
11685,993600
11686,1002500
11687,990300
11688,990700
11689,992400
11690,1003300
11691,994900
11692,1009000
11693,987200
11694,986400
11695,1005000
11696,1315700
11697,807500
11698,758500
11699,1088800
11700,996800
11701,1013800
11702,1165600
11703,1015700
11704,1004300
11705,953100
11706,966400
11707,991800
11708,984100
11709,971200
11710,1044700
11711,752000
11712,706700
11713,612400
11714,607900
11715,631400
11716,609900
11717,613500
11718,594800
11719,598500
11720,608500
11721,594100
11722,595400
11723,596000
11724,590000
11725,599600
11726,594400
11727,600800
11728,592200
11729,591300
11730,595100
11731,595100
11732,597400
11733,591700
11734,593600
11735,592400
11736,591900
11737,620200
11738,613400
11739,644100
11740,618600
11741,606900
11742,607100
11743,606600
11744,601800
11745,597200
11746,593500
11747,596600
11748,604500
11749,599600
11750,598700
11751,603300
11752,602100
11753,613900
11754,602400
11755,601900
11756,597400
11757,598200
11758,596400
11759,8201300
11760,1077300
11761,719800
11762,640000
11763,605300
11764,602700
11765,601600
11766,694300
11767,611600
11768,602700
11769,603900
11770,601200
11771,601600
11772,602300
11773,600000
11774,661200
11775,609100
11776,735600
11777,5423000
11778,612600
11779,601700
11780,599700
11781,600300
11782,599300
11783,600000
11784,600900
11785,603900
11786,595400
11787,597900
11788,599700
11789,602900
11790,628800
11791,597800
11792,818000
11793,990000
11794,7068800
11795,893900
11796,750900
11797,680400
11798,659500
11799,666800
11800,668600
11801,644700
11802,787900
11803,1040900
11804,913100
11805,908800
11806,649400
11807,730400
11808,693300
11809,613900
11810,609800
11811,611100
11812,599500
11813,599200
11814,988800
11815,593400
11816,589500
11817,868400
11818,978300
11819,985700
11820,992800
11821,990200
11822,926500
11823,733500
11824,595600
11825,600900
11826,596000
11827,614700
11828,593800
11829,598900
11830,595700
11831,588900
11832,589000
11833,648300
11834,604300
11835,653700
11836,602200
11837,602700
11838,601200
11839,603100
11840,597100
11841,609100
11842,595200
11843,597400
11844,596100
11845,599200
11846,598300
11847,608300
11848,594700
11849,595100
11850,677700
11851,612800
11852,808700
11853,761400
11854,724400
11855,716100
11856,710300
11857,636800
11858,605100
11859,607900
11860,608300
11861,605700
11862,605600
11863,605600
11864,661300
11865,612800
11866,600200
11867,606400
11868,601500
11869,601800
11870,612800
11871,599300
11872,598100
11873,609800
11874,746900
11875,5854700
11876,720000
11877,743800
11878,609500
11879,612900
11880,604800
11881,954100
11882,608400
11883,612000
11884,600600
11885,610200
11886,597700
11887,601900
11888,599300
11889,599300
11890,772200
11891,840100
11892,666500
11893,607400
11894,601100
11895,709500
11896,601800
11897,602500
11898,599800
11899,600900
11900,602100
11901,605000
11902,597500
11903,600700
11904,599700
11905,600900
11906,594100
11907,599800
11908,598800
11909,608000
11910,598300
11911,599000
11912,592500
11913,600300
11914,594400
11915,636300
11916,602200
11917,627100
11918,597800
11919,604900
11920,610100
11921,619300
11922,604500
11923,602300
11924,598500
11925,600500
11926,597400
11927,602800
11928,597700
11929,612400
11930,608500
11931,604500
11932,600900
11933,604400
11934,611800
11935,605300
11936,598800
11937,606000
11938,597800
11939,599400
11940,599200
11941,735300
11942,1060500
11943,836900
11944,669600
11945,679100
11946,668300
11947,669200
11948,663700
11949,667900
11950,659800
11951,664200
11952,660300
11953,665800
11954,665000
11955,665000
11956,668000
11957,669600
11958,654000
11959,664700
11960,898600
11961,666800
11962,665800
11963,757400
11964,918500
11965,786300
11966,753400
11967,672800
11968,717200
11969,662100
11970,655600
11971,656900
11972,656200
11973,745300
11974,647600
11975,659000
11976,651200
11977,658100
11978,657700
11979,650600
11980,651000
11981,662100
11982,651700
11983,686500
11984,658800
11985,662500
11986,5921400
11987,693300
11988,687600
11989,678000
11990,692700
11991,665900
11992,668800
11993,664900
11994,654200
11995,659300
11996,660200
11997,657300
11998,662800
11999,664100
12000,657000
12001,793900
12002,1041000
12003,769400
12004,774000
12005,623500
12006,614400
12007,613800
12008,634500
12009,997900
12010,986600
12011,1007700
12012,1006000
12013,991500
12014,983200
12015,1025000
12016,991100
12017,978400
12018,991800
12019,1057000
12020,1284300
12021,625200
12022,611900
12023,608400
12024,603400
12025,607300
12026,603300
12027,605600
12028,600200
12029,604600
12030,603500
12031,621700
12032,606900
12033,605300
12034,603000
12035,599500
12036,706100
12037,606400
12038,596200
12039,606200
12040,603400
12041,601700
12042,601400
12043,644000
12044,599100
12045,617800
12046,601400
12047,605400
12048,595400
12049,602100
12050,601700
12051,599400
12052,598800
12053,598700
12054,593200
12055,603000
12056,623500
12057,897200
12058,890100
12059,892000
12060,765900
12061,610200
12062,601200
12063,596700
12064,595400
12065,605200
12066,594800
12067,689600
12068,836200
12069,756200
12070,607800
12071,611700
12072,975600
12073,977100
12074,984800
12075,998100
12076,970400
12077,973800
12078,969000
12079,959100
12080,966400
12081,965300
12082,958900
12083,971000
12084,1045400
12085,894200
12086,739400
12087,713000
12088,709600
12089,1267600
12090,1003100
12091,1004200
12092,992800
12093,989000
12094,984700
12095,997200
12096,983400
12097,982400
12098,993200
12099,991900
12100,1045900
12101,879700
12102,742200
12103,642000
12104,605400
12105,607500
12106,605200
12107,600300
12108,604300
12109,626300
12110,607000
12111,600900
12112,599900
12113,599700
12114,600600
12115,599600
12116,599700
12117,599300
12118,601100
12119,597500
12120,603100
12121,598800
12122,611400
12123,602600
12124,604800
12125,766200
12126,823300
12127,803100
12128,754500
12129,659100
12130,669700
12131,658000
12132,715800
12133,665900
12134,671500
12135,662100
12136,663200
12137,670800
12138,699300
12139,660600
12140,691300
12141,658000
12142,667200
12143,666500
12144,664400
12145,662700
12146,667100
12147,658500
12148,899500
12149,959600
12150,674300
12151,667000
12152,714200
12153,653600
12154,965600
12155,687900
12156,665700
12157,872300
12158,663200
12159,899700
12160,879100
12161,670000
12162,655800
12163,652000
12164,670500
12165,650800
12166,691300
12167,656100
12168,654700
12169,754800
12170,783600
12171,753300
12172,717500
12173,698100
12174,615100
12175,696100
12176,606600
12177,609500
12178,651400
12179,601000
12180,596100
12181,592100
12182,597100
12183,593600
12184,593200
12185,593200
12186,594600
12187,590600
12188,594400
12189,591400
12190,594400
12191,590700
12192,593400
12193,752300
12194,782800
12195,686000
12196,672400
12197,664200
12198,675400
12199,651700
12200,656800
12201,656300
12202,656200
12203,642400
12204,644200
12205,654800
12206,658400
12207,650200
12208,658000
12209,827100
12210,712500
12211,677500
12212,653500
12213,665700
12214,650200
12215,651600
12216,925400
12217,661100
12218,697000
12219,659200
12220,659400
12221,657100
12222,649000
12223,640000
12224,640800
12225,662600
12226,708600
12227,641500
12228,654900
12229,647700
12230,655900
12231,643000
12232,928600
12233,656800
12234,650300
12235,652700
12236,647800
12237,646600
12238,725100
12239,870000
12240,1066100
12241,754700
12242,747500
12243,718800
12244,622200
12245,605800
12246,604000
12247,604800
12248,600200
12249,603400
12250,603100
12251,601600
12252,688200
12253,612500
12254,604700
12255,609700
12256,599200
12257,601300
12258,597200
12259,600500
12260,602200
12261,602200
12262,599100
12263,647500
12264,651100
12265,1148900
12266,989000
12267,647200
12268,622600
12269,614200
12270,616500
12271,612200
12272,611300
12273,612000
12274,601800
12275,606400
12276,611200
12277,603700
12278,601600
12279,602800
12280,603300
12281,604800
12282,613700
12283,603400
12284,600900
12285,607600
12286,677900
12287,620400
12288,608200
12289,630300
12290,605200
12291,601800
12292,597100
12293,967400
12294,993900
12295,980900
12296,964300
12297,976400
12298,976300
12299,981700
12300,975500
12301,975900
12302,967200
12303,1282400
12304,1026600
12305,753900
12306,683300
12307,616500
12308,625400
12309,616500
12310,609100
12311,607800
12312,611900
12313,598100
12314,605700
12315,595000
12316,597700
12317,595300
12318,597400
12319,591400
12320,699200
12321,588000
12322,591500
12323,589700
12324,682600
12325,928700
12326,1063100
12327,909500
12328,859700
12329,613800
12330,771700
12331,980300
12332,980900
12333,985200
12334,987300
12335,982000
12336,967400
12337,974500
12338,985600
12339,980200
12340,976600
12341,968800
12342,988600
12343,980900
12344,1117300
12345,803200
12346,718800
12347,913900
12348,1011800
12349,999700
12350,989800
12351,975000
12352,982900
12353,975300
12354,975400
12355,977800
12356,994500
12357,968300
12358,980300
12359,976100
12360,981800
12361,1000100
12362,1326200
12363,704800
12364,679100
12365,664500
12366,662900
12367,658500
12368,665500
12369,640100
12370,659600
12371,703100
12372,644700
12373,661100
12374,658400
12375,653000
12376,653400
12377,655400
12378,655500
12379,650700
12380,651100
12381,655200
12382,676400
12383,965900
12384,979700
12385,717200
12386,663100
12387,668000
12388,672300
12389,668200
12390,663500
12391,721700
12392,663700
12393,652000
12394,652400
12395,650600
12396,653300
12397,649000
12398,666600
12399,690100
12400,699000
12401,647100
12402,663200
12403,650200
12404,656300
12405,837600
12406,966900
12407,686300
12408,674300
12409,678200
12410,655900
12411,650000
12412,650500
12413,647400
12414,714400
12415,644400
12416,643000
12417,644300
12418,646600
12419,640900
12420,647500
12421,643800
12422,648500
12423,644000
12424,651500
12425,640600
12426,643900
12427,635500
12428,832500
12429,894300
12430,712400
12431,664700
12432,667000
12433,656900
12434,885100
12435,644400
12436,649900
12437,642200
12438,648700
12439,645800
12440,648100
12441,642500
12442,644900
12443,644200
12444,689000
12445,638500
12446,661200
12447,646400
12448,654400
12449,644800
12450,640300
12451,898500
12452,996300
12453,1125700
12454,1082300
12455,1007200
12456,1008000
12457,1196600
12458,986900
12459,975600
12460,978900
12461,985700
12462,1000600
12463,974300
12464,983000
12465,981600
12466,950300
12467,832700
12468,690700
12469,613500
12470,612500
12471,608900
12472,609200
12473,602500
12474,608200
12475,606900
12476,607800
12477,607300
12478,601200
12479,597800
12480,602900
12481,599000
12482,602500
12483,596800
12484,610000
12485,598800
12486,600700
12487,597300
12488,608300
12489,597200
12490,600100
12491,630600
12492,603700
12493,608300
12494,640200
12495,739800
12496,702400
12497,616500
12498,610400
12499,617100
12500,606300
12501,603700
12502,603000
12503,603900
12504,830700
12505,610100
12506,609200
12507,613000
12508,601800
12509,601800
12510,600700
12511,603000
12512,598900
12513,598700
12514,602500
12515,601700
12516,598900
12517,632400
12518,603900
12519,621900
12520,607800
12521,603800
12522,598000
12523,600600
12524,599000
12525,600300
12526,596600
12527,598900
12528,595900
12529,597900
12530,602900
12531,622300
12532,599200
12533,694400
12534,603700
12535,600900
12536,601700
12537,599300
12538,597700
12539,604300
12540,596400
12541,602500
12542,665400
12543,614700
12544,620200
12545,610400
12546,608400
12547,612900
12548,601200
12549,601200
12550,601800
12551,599600
12552,600400
12553,599700
12554,597300
12555,603400
12556,595400
12557,605100
12558,598200
12559,604600
12560,23008500
12561,5957500
12562,728300
12563,710200
12564,619500
12565,607000
12566,605000
12567,614900
12568,602400
12569,615400
12570,608900
12571,726200
12572,815600
12573,882700
12574,845100
12575,754400
12576,674300
12577,666300
12578,664700
12579,656800
12580,676500
12581,671000
12582,658300
12583,679500
12584,650100
12585,665800
12586,662800
12587,657800
12588,649000
12589,665300
12590,653800
12591,658300
12592,658900
12593,655900
12594,651100
12595,765700
12596,5413500
12597,726500
12598,722000
12599,692800
12600,612000
12601,600900
12602,609300
12603,605000
12604,603300
12605,605600
12606,604500
12607,601900
12608,598900
12609,603000
12610,942700
12611,605100
12612,647200
12613,616300
12614,622500
12615,607600
12616,598400
12617,603300
12618,602300
12619,604600
12620,601100
12621,601400
12622,610300
12623,596800
12624,601400
12625,604100
12626,604300
12627,596000
12628,593100
12629,598700
12630,596500
12631,592200
12632,593400
12633,593600
12634,595100
12635,593600
12636,594300
12637,595100
12638,848600
12639,907800
12640,816100
12641,913900
12642,687200
12643,655800
12644,653400
12645,662100
12646,663900
12647,652700
12648,654700
12649,663500
12650,667500
12651,644800
12652,670900
12653,652400
12654,639700
12655,652800
12656,651900
12657,645100
12658,650400
12659,651000
12660,847300
12661,896800
12662,720800
12663,653400
12664,672300
12665,666600
12666,663900
12667,665400
12668,652500
12669,670100
12670,657400
12671,659200
12672,665200
12673,655000
12674,649400
12675,655400
12676,655600
12677,651500
12678,641500
12679,657200
12680,658700
12681,650700
12682,653600
12683,832200
12684,939800
12685,1143900
12686,720000
12687,638700
12688,607800
12689,605600
12690,603000
12691,602000
12692,603300
12693,598900
12694,615000
12695,780200
12696,626900
12697,606200
12698,600100
12699,601100
12700,600600
12701,601500
12702,595000
12703,605300
12704,613300
12705,601400
12706,596700
12707,653000
12708,618800
12709,618400
12710,600600
12711,599300
12712,595200
12713,613300
12714,596900
12715,600400
12716,594600
12717,598300
12718,706400
12719,597600
12720,643800
12721,991400
12722,980000
12723,981200
12724,986700
12725,981300
12726,970700
12727,970100
12728,974400
12729,969800
12730,982000
12731,992300
12732,988300
12733,979600
12734,971200
12735,982200
12736,975200
12737,972600
12738,978700
12739,981000
12740,941000
12741,974900
12742,966600
12743,970200
12744,1132700
12745,876100
12746,921300
12747,643300
12748,610000
12749,606500
12750,877400
12751,607000
12752,591000
12753,592100
12754,591200
12755,594800
12756,589800
12757,592500
12758,587800
12759,593800
12760,589100
12761,592800
12762,590800
12763,590100
12764,586100
12765,593900
12766,588100
12767,588400
12768,594500
12769,640700
12770,628700
12771,1019500
12772,986500
12773,989500
12774,982900
12775,982500
12776,984300
12777,985900
12778,994800
12779,979600
12780,1146700
12781,999500
12782,986200
12783,983000
12784,984200
12785,1059100
12786,762900
12787,759100
12788,712900
12789,631800
12790,612200
12791,612700
12792,605600
12793,610400
12794,604800
12795,609900
12796,599300
12797,606900
12798,598300
12799,603500
12800,601900
12801,599400
12802,596500
12803,598400
12804,602400
12805,600900
12806,598000
12807,599300
12808,597900
12809,606400
12810,673200
12811,616200
12812,800700
12813,695200
12814,686600
12815,699300
12816,963200
12817,679100
12818,668800
12819,682000
12820,931700
12821,688700
12822,666600
12823,666200
12824,658500
12825,668800
12826,657800
12827,652300
12828,664100
12829,663300
12830,649000
12831,670800
12832,740600
12833,769000
12834,735200
12835,710700
12836,618600
12837,603700
12838,601600
12839,601100
12840,599600
12841,602400
12842,598900
12843,601500
12844,842300
12845,997500
12846,990000
12847,983800
12848,978500
12849,973000
12850,977000
12851,1151700
12852,975500
12853,975300
12854,989900
12855,1009600
12856,984900
12857,971400
12858,969300
12859,976700
12860,967500
12861,970700
12862,972700
12863,971500
12864,976200
12865,978000
12866,981000
12867,969600
12868,960600
12869,987000
12870,995800
12871,978700
12872,969900
12873,971600
12874,976000
12875,973300
12876,970500
12877,972900
12878,967200
12879,1287700
12880,976600
12881,993400
12882,971300
12883,970300
12884,846400
12885,646200
12886,801800
12887,674200
12888,877400
12889,903600
12890,743700
12891,625000
12892,611300
12893,606300
12894,603200
12895,606200
12896,601700
12897,602500
12898,602300
12899,601000
12900,598800
12901,601200
12902,608800
12903,600800
12904,595500
12905,608700
12906,600200
12907,601500
12908,670700
12909,607900
12910,646300
12911,601500
12912,605300
12913,692800
12914,609700
12915,604000
12916,613100
12917,605700
12918,610500
12919,600600
12920,604200
12921,601400
12922,616800
12923,597900
12924,599400
12925,600000
12926,603000
12927,605500
12928,598600
12929,598500
12930,601600
12931,599700
12932,601000
12933,665000
12934,837700
12935,778000
12936,614800
12937,601800
12938,603900
12939,598900
12940,605100
12941,609100
12942,597200
12943,602000
12944,600000
12945,600900
12946,599300
12947,597500
12948,614800
12949,596400
12950,599000
12951,618400
12952,602400
12953,598300
12954,595100
12955,859100
12956,604400
12957,641100
12958,643800
12959,615400
12960,617200
12961,606600
12962,950000
12963,962100
12964,976900
12965,981100
12966,968700
12967,977300
12968,952500
12969,970500
12970,978000
12971,971000
12972,968100
12973,967200
12974,971500
12975,980700
12976,974200
12977,979400
12978,968900
12979,970900
12980,974200
12981,977700
12982,967200
12983,1142200
12984,976000
12985,1006200
12986,977600
12987,967600
12988,964100
12989,975200
12990,964800
12991,983600
12992,966300
12993,970400
12994,989600
12995,800400
12996,790000
12997,769000
12998,654600
12999,664600
13000,659900
13001,664400
13002,654800
13003,659200
13004,644600
13005,647500
13006,739200
13007,636600
13008,659100
13009,653500
13010,634900
13011,655300
13012,752600
13013,648800
13014,926500
13015,661300
13016,646600
13017,645900
13018,651900
13019,658300
13020,672900
13021,649000
13022,677900
13023,669700
13024,656300
13025,654400
13026,661200
13027,654800
13028,651400
13029,647500
13030,658300
13031,655400
13032,654600
13033,658000
13034,663600
13035,724500
13036,767000
13037,726500
13038,723400
13039,675500
13040,605700
13041,605500
13042,605800
13043,602400
13044,612600
13045,605000
13046,601800
13047,602800
13048,611900
13049,601500
13050,599600
13051,600200
13052,600500
13053,599100
13054,690000
13055,601200
13056,598200
13057,606900
13058,600300
13059,600900
13060,631200
13061,607900
13062,605800
13063,604100
13064,599700
13065,602900
13066,600200
13067,602600
13068,602800
13069,601100
13070,601600
13071,601700
13072,598000
13073,606000
13074,603300
13075,602200
13076,598900
13077,600500
13078,595600
13079,599500
13080,598100
13081,599500
13082,597800
13083,600300
13084,599500
13085,600800
13086,642100
13087,842200
13088,777800
13089,692200
13090,665700
13091,664800
13092,907800
13093,666800
13094,669600
13095,662800
13096,664800
13097,668000
13098,654300
13099,654700
13100,664800
13101,674000
13102,657800
13103,647700
13104,659300
13105,663400
13106,645300
13107,665300
13108,649000
13109,912500
13110,953500
13111,678400
13112,666000
13113,671700
13114,660900
13115,655400
13116,680700
13117,653900
13118,667800
13119,656000
13120,662000
13121,650700
13122,661100
13123,655800
13124,658300
13125,658600
13126,660300
13127,659400
13128,666600
13129,644700
13130,659700
13131,839000
13132,938600
13133,691300
13134,667700
13135,652000
13136,664800
13137,656900
13138,665900
13139,654300
13140,658400
13141,660700
13142,658300
13143,658700
13144,653400
13145,666100
13146,659100
13147,648200
13148,671200
13149,654300
13150,657200
13151,666600
13152,654700
13153,657400
13154,726000
13155,890600
13156,786700
13157,662000
13158,651400
13159,659500
13160,670600
13161,661000
13162,647600
13163,664900
13164,664400
13165,866400
13166,665400
13167,660700
13168,662400
13169,657800
13170,658100
13171,662900
13172,663300
13173,647900
13174,665200
13175,675600
13176,661800
13177,725000
13178,878700
13179,742200
13180,671500
13181,608200
13182,615400
13183,607300
13184,613500
13185,607700
13186,605100
13187,605800
13188,600900
13189,602500
13190,600900
13191,601100
13192,600800
13193,601800
13194,601100
13195,603200
13196,601000
13197,601900
13198,599500
13199,604100
13200,603300
13201,601500
13202,769100
13203,800600
13204,693900
13205,617300
13206,615100
13207,614400
13208,619500
13209,717800
13210,608100
13211,607100
13212,605800
13213,606200
13214,602400
13215,606700
13216,622200
13217,620000
13218,605600
13219,611600
13220,603800
13221,606600
13222,603500
13223,606000
13224,602600
13225,610300
13226,607700
13227,675000
13228,767200
13229,749500
13230,632100
13231,616700
13232,607600
13233,605100
13234,608100
13235,605100
13236,602000
13237,604000
13238,603500
13239,611200
13240,605300
13241,608900
13242,601700
13243,602000
13244,838000
13245,617400
13246,612900
13247,606900
13248,604100
13249,606300
13250,598700
13251,605400
13252,701100
13253,759400
13254,727700
13255,690300
13256,613600
13257,617200
13258,605200
13259,607100
13260,613500
13261,605100
13262,605700
13263,603500
13264,605000
13265,605800
13266,603600
13267,604400
13268,608900
13269,614000
13270,608400
13271,605300
13272,603700
13273,610500
13274,603300
13275,753800
13276,911000
13277,1013500
13278,1017100
13279,989900
13280,988100
13281,981000
13282,977600
13283,980700
13284,977900
13285,1143700
13286,978500
13287,983000
13288,968200
13289,975800
13290,979600
13291,975400
13292,982300
13293,1070000
13294,758500
13295,723300
13296,618500
13297,605700
13298,596200
13299,603300
13300,606900
13301,600900
13302,597600
13303,596800
13304,595400
13305,598500
13306,595800
13307,604700
13308,592000
13309,594800
13310,595200
13311,596300
13312,594400
13313,828200
13314,613800
13315,601300
13316,639000
13317,611600
13318,611300
13319,610800
13320,613500
13321,603800
13322,607800
13323,608000
13324,603700
13325,600700
13326,604400
13327,605000
13328,603100
13329,600600
13330,638200
13331,604500
13332,608300
13333,606600
13334,605800
13335,606100
13336,607000
13337,603700
13338,604100
13339,599100
13340,603300
13341,599800
13342,672400
13343,765900
13344,1038600
13345,1097300
13346,1036600
13347,1006500
13348,1001500
13349,987300
13350,988400
13351,985200
13352,989200
13353,940000
13354,765600
13355,755300
13356,869100
13357,751000
13358,749800
13359,748900
13360,4976900
13361,886000
13362,907100
13363,677900
13364,640200
13365,715600
13366,637800
13367,604600
13368,603200
13369,605600
13370,606100
13371,601400
13372,602900
13373,600700
13374,622400
13375,670700
13376,614500
13377,611200
13378,900400
13379,610900
13380,611100
13381,601000
13382,603100
13383,611900
13384,601900
13385,624600
13386,602400
13387,617700
13388,607300
13389,600600
13390,605000
13391,596400
13392,596000
13393,595100
13394,598900
13395,596400
13396,596600
13397,601800
13398,615100
13399,602000
13400,598800
13401,681300
13402,5687400
13403,618200
13404,596600
13405,593900
13406,599500
13407,589900
13408,597000
13409,593600
13410,612500
13411,598500
13412,594700
13413,783100
13414,752400
13415,738200
13416,737200
13417,758100
13418,860500
13419,759200
13420,784500
13421,900000
13422,886100
13423,869700
13424,611000
13425,599400
13426,603200
13427,597300
13428,600300
13429,595900
13430,607000
13431,643400
13432,605400
13433,596000
13434,604300
13435,594000
13436,608700
13437,602200
13438,597900
13439,606000
13440,596900
13441,748100
13442,833500
13443,697200
13444,607800
13445,612600
13446,601900
13447,900300
13448,605600
13449,598100
13450,598400
13451,598800
13452,592600
13453,599300
13454,591300
13455,603300
13456,634700
13457,965900
13458,975400
13459,981900
13460,982600
13461,987500
13462,975900
13463,1043300
13464,5404400
13465,783900
13466,759000
13467,656000
13468,654500
13469,645900
13470,992900
13471,1036800
13472,1008600
13473,1025600
13474,1017000
13475,1033700
13476,1012100
13477,1025400
13478,1002300
13479,996600
13480,1210400
13481,1012000
13482,1020000
13483,1012900
13484,997100
13485,1006300
13486,998900
13487,1005700
13488,1008200
13489,996000
13490,1110300
13491,5483400
13492,5721400
13493,1114200
13494,617000
13495,656700
13496,613400
13497,607000
13498,774600
13499,751100
13500,747600
13501,689000
13502,601700
13503,597000
13504,719300
13505,822500
13506,891600
13507,620100
13508,618600
13509,605700
13510,610900
13511,615300
13512,610800
13513,610300
13514,601800
13515,603900
13516,606200
13517,602600
13518,607300
13519,598400
13520,605600
13521,600800
13522,636800
13523,605600
13524,631800
13525,604400
13526,600300
13527,608800
13528,606900
13529,619500
13530,604200
13531,598800
13532,602800
13533,595400
13534,599300
13535,596600
13536,608800
13537,721900
13538,621900
13539,598100
13540,635100
13541,649400
13542,652000
13543,608500
13544,602700
13545,602500
13546,608900
13547,687300
13548,613200
13549,757300
13550,637400
13551,616100
13552,614300
13553,606600
13554,605600
13555,604900
13556,608800
13557,601000
13558,608300
13559,605000
13560,616400
13561,604300
13562,606900
13563,602700
13564,1019800
13565,671000
13566,613300
13567,602400
13568,630300
13569,604200
13570,604800
13571,679000
13572,636900
13573,847800
13574,619800
13575,610500
13576,606900
13577,608000
13578,602600
13579,603400
13580,608100
13581,604800
13582,607400
13583,611200
13584,605500
13585,601800
13586,606200
13587,601100
13588,602800
13589,598400
13590,609300
13591,603800
13592,603800
13593,597600
13594,599900
13595,606200
13596,652100
13597,6045600
13598,822600
13599,764200
13600,779700
13601,652400
13602,653100
13603,642500
13604,652400
13605,645200
13606,650000
13607,642300
13608,744600
13609,632800
13610,653800
13611,810800
13612,820700
13613,785300
13614,754500
13615,636500
13616,621300
13617,606500
13618,610300
13619,605700
13620,630300
13621,616000
13622,599200
13623,603000
13624,600600
13625,604400
13626,602700
13627,606200
13628,600300
13629,598700
13630,601500
13631,601900
13632,601000
13633,859300
13634,602300
13635,648700
13636,644300
13637,793000
13638,722700
13639,719400
13640,650600
13641,606900
13642,604500
13643,605100
13644,628700
13645,607900
13646,599100
13647,604000
13648,604600
13649,603600
13650,601200
13651,601100
13652,600700
13653,602200
13654,612000
13655,601700
13656,598100
13657,599100
13658,598200
13659,598700
13660,663400
13661,849300
13662,893700
13663,796600
13664,765000
13665,683600
13666,654300
13667,678400
13668,651600
13669,658800
13670,639300
13671,662200
13672,661400
13673,658400
13674,660600
13675,645500
13676,645400
13677,637200
13678,640900
13679,641700
13680,639500
13681,648800
13682,636200
13683,818300
13684,861400
13685,763700
13686,706100
13687,621000
13688,604300
13689,612700
13690,608600
13691,606000
13692,607000
13693,598600
13694,602000
13695,607000
13696,602200
13697,602000
13698,597200
13699,601500
13700,599700
13701,604000
13702,596700
13703,604200
13704,599500
13705,601700
13706,598400
13707,613800
13708,672100
13709,605300
13710,854500
13711,613600
13712,602900
13713,610200
13714,610600
13715,605100
13716,600700
13717,603400
13718,601000
13719,602800
13720,603100
13721,603700
13722,603000
13723,599800
13724,601900
13725,603000
13726,601100
13727,603400
13728,601100
13729,601000
13730,602600
13731,605700
13732,599900
13733,644100
13734,651700
13735,865300
13736,691900
13737,651200
13738,671100
13739,650600
13740,654500
13741,674200
13742,646100
13743,646000
13744,642200
13745,653200
13746,640400
13747,642600
13748,653700
13749,640000
13750,658200
13751,644600
13752,648800
13753,659500
13754,637900
13755,647200
13756,705200
13757,862200
13758,791700
13759,656600
13760,670700
13761,644000
13762,654000
13763,640800
13764,634500
13765,647600
13766,791700
13767,630800
13768,653200
13769,638500
13770,643600
13771,637100
13772,649200
13773,636800
13774,635400
13775,645100
13776,640500
13777,641800
13778,635500
13779,635000
13780,773500
13781,879300
13782,764900
13783,740500
13784,707100
13785,649900
13786,811900
13787,606600
13788,614200
13789,608500
13790,608800
13791,604800
13792,611100
13793,607000
13794,608100
13795,602300
13796,601500
13797,602000
13798,626700
13799,892600
13800,621000
13801,606000
13802,607200
13803,597900
13804,639600
13805,757300
13806,651500
13807,618200
13808,612600
13809,598900
13810,614300
13811,595900
13812,644300
13813,601100
13814,596800
13815,595600
13816,595200
13817,595800
13818,598400
13819,597300
13820,596300
13821,593300
13822,596800
13823,598700
13824,596500
13825,590400
13826,592500
13827,596600
13828,599800
13829,670000
13830,606900
13831,610000
13832,695400
13833,669000
13834,660600
13835,687300
13836,641700
13837,657100
13838,628800
13839,675700
13840,832000
13841,660200
13842,650100
13843,637600
13844,765400
13845,651300
13846,640000
13847,641000
13848,633800
13849,642000
13850,655400
13851,636600
13852,677300
13853,889300
13854,948000
13855,663200
13856,636100
13857,648300
13858,679100
13859,633600
13860,647700
13861,634900
13862,644700
13863,637400
13864,838500
13865,642200
13866,632700
13867,642200
13868,685200
13869,640700
13870,631600
13871,636900
13872,641000
13873,662900
13874,639100
13875,815000
13876,906300
13877,732900
13878,709900
13879,601300
13880,598500
13881,605300
13882,602600
13883,595000
13884,594700
13885,603600
13886,594900
13887,596300
13888,593200
13889,588100
13890,589200
13891,587800
13892,588800
13893,586000
13894,588300
13895,586800
13896,590700
13897,588600
13898,585200
13899,593600
13900,745800
13901,730800
13902,867000
13903,660100
13904,617100
13905,607100
13906,607900
13907,599900
13908,601100
13909,602400
13910,602600
13911,596400
13912,599900
13913,596000
13914,600800
13915,600800
13916,605500
13917,597500
13918,599800
13919,595500
13920,884100
13921,747900
13922,1120300
13923,1008400
13924,1008100
13925,958000
13926,714000
13927,694100
13928,611400
13929,610300
13930,608800
13931,607200
13932,608200
13933,617100
13934,615100
13935,606400
13936,608700
13937,602700
13938,604300
13939,604600
13940,820300
13941,607500
13942,607300
13943,603400
13944,615200
13945,606700
13946,658800
13947,805800
13948,794800
13949,741400
13950,655800
13951,655000
13952,642500
13953,648600
13954,648500
13955,639900
13956,653400
13957,699800
13958,644900
13959,643800
13960,643900
13961,644100
13962,642500
13963,647100
13964,654900
13965,646200
13966,662700
13967,638200
13968,653900
13969,650200
13970,716300
13971,675500
13972,669000
13973,648400
13974,659700
13975,651800
13976,659600
13977,640800
13978,658400
13979,666200
13980,661100
13981,637300
13982,660200
13983,646300
13984,646300
13985,648500
13986,651500
13987,647800
13988,659300
13989,670100
13990,648000
13991,646600
13992,667400
13993,748100
13994,857600
13995,768900
13996,737500
13997,717300
13998,812500
13999,608200
14000,610800
14001,608600
14002,610500
14003,606000
14004,611100
14005,608600
14006,606900
14007,603300
14008,607600
14009,603500
14010,613200
14011,601500
14012,611000
14013,604600
14014,604200
14015,605600
14016,818400
14017,664000
14018,615300
14019,618100
14020,607700
14021,605300
14022,606600
14023,602500
14024,605900
14025,605000
14026,608200
14027,608700
14028,605700
14029,602500
14030,605400
14031,604500
14032,603300
14033,603500
14034,606000
14035,602500
14036,622800
14037,600800
14038,602500
14039,601700
14040,603500
14041,600900
14042,662000
14043,758300
14044,731000
14045,693500
14046,618500
14047,614200
14048,607500
14049,609100
14050,613500
14051,607000
14052,604700
14053,606500
14054,604900
14055,609300
14056,603800
14057,612900
14058,607700
14059,603600
14060,620700
14061,605100
14062,605600
14063,610300
14064,603300
14065,605000
14066,600700
14067,692300
14068,888500
14069,996700
14070,988000
14071,987700
14072,985800
14073,992500
14074,991500
14075,981400
14076,1140200
14077,985700
14078,994900
14079,973600
14080,978300
14081,979700
14082,972500
14083,1024500
14084,1103900
14085,1072800
14086,1311700
14087,765800
14088,725300
14089,694700
14090,607200
14091,604300
14092,602900
14093,605100
14094,607100
14095,862000
14096,1017500
14097,984500
14098,975900
14099,976900
14100,989400
14101,996500
14102,745100
14103,872800
14104,713800
14105,630800
14106,704700
14107,668600
14108,598700
14109,594100
14110,601300
14111,595700
14112,600800
14113,595100
14114,596200
14115,611300
14116,791000
14117,977300
14118,979400
14119,977000
14120,973100
14121,980700
14122,994900
14123,748400
14124,743600
14125,621100
14126,617400
14127,607700
14128,610600
14129,606600
14130,608900
14131,614100
14132,616000
14133,598300
14134,603200
14135,598800
14136,612400
14137,601600
14138,600900
14139,601300
14140,603700
14141,599800
14142,688400
14143,601500
14144,601700
14145,601100
14146,598600
14147,725400
14148,792200
14149,746200
14150,633700
14151,605500
14152,608100
14153,604800
14154,603300
14155,806900
14156,597900
14157,593000
14158,591400
14159,597900
14160,593200
14161,589300
14162,588700
14163,590200
14164,588700
14165,594200
14166,591900
14167,629400
14168,598200
14169,589400
14170,595400
14171,681800
14172,750200
14173,736000
14174,631600
14175,612500
14176,601000
14177,612400
14178,600600
14179,608200
14180,608100
14181,595100
14182,593400
14183,595500
14184,589700
14185,621200
14186,594000
14187,596800
14188,593100
14189,596100
14190,590900
14191,600200
14192,594200
14193,597400
14194,591100
14195,594700
14196,596800
14197,7099400
14198,6294300
14199,736900
14200,658400
14201,618600
14202,612900
14203,633600
14204,719800
14205,823900
14206,744900
14207,752400
14208,740600
14209,743600
14210,742500
14211,759800
14212,729500
14213,635700
14214,984000
14215,610400
14216,604400
14217,612500
14218,608000
14219,621600
14220,609500
14221,598200
14222,600400
14223,602100
14224,599100
14225,634400
14226,742700
14227,684500
14228,660300
14229,651600
14230,654000
14231,645400
14232,653800
14233,661000
14234,684300
14235,650300
14236,634200
14237,660200
14238,639800
14239,631100
14240,636400
14241,630800
14242,622100
14243,623300
14244,625800
14245,632700
14246,661700
14247,832800
14248,744500
14249,810600
14250,937900
14251,733200
14252,617800
14253,2000500
14254,1148600
14255,1162500
14256,1013800
14257,1003400
14258,988400
14259,969600
14260,992600
14261,968800
14262,984900
14263,982000
14264,1014600
14265,996700
14266,748400
14267,687800
14268,606300
14269,603600
14270,618300
14271,725000
14272,997100
14273,1003000
14274,991300
14275,977400
14276,983500
14277,973000
14278,1479500
14279,991800
14280,979700
14281,992600
14282,1210500
14283,1139800
14284,804300
14285,720200
14286,641500
14287,690700
14288,639600
14289,650100
14290,646700
14291,633900
14292,625700
14293,637500
14294,643400
14295,626900
14296,644100
14297,623200
14298,644800
14299,643200
14300,633400
14301,629300
14302,634900
14303,754600
14304,885100
14305,705300
14306,605700
14307,613300
14308,612500
14309,612500
14310,612100
14311,610200
14312,604100
14313,605700
14314,599600
14315,604000
14316,600900
14317,601600
14318,599700
14319,604200
14320,598800
14321,601300
14322,596600
14323,603600
14324,600300
14325,602700
14326,600200
14327,601100
14328,713300
14329,796200
14330,778100
14331,694700
14332,662600
14333,636300
14334,645900
14335,646700
14336,637900
14337,633400
14338,642000
14339,629900
14340,645300
14341,647500
14342,726200
14343,647700
14344,645800
14345,640700
14346,643600
14347,633000
14348,641000
14349,641000
14350,633400
14351,1082400
14352,861900
14353,781900
14354,669500
14355,642300
14356,644500
14357,655200
14358,710500
14359,714000
14360,3591900
14361,654700
14362,620000
14363,612800
14364,604600
14365,621400
14366,609500
14367,605700
14368,608800
14369,703700
14370,623000
14371,786000
14372,622600
14373,624400
14374,612900
14375,610200
14376,613000
14377,607300
14378,606300
14379,611400
14380,604000
14381,607900
14382,601300
14383,607500
14384,602400
14385,608100
14386,605100
14387,604600
14388,604700
14389,607600
14390,607200
14391,608600
14392,601500
14393,604600
14394,621900
14395,871300
14396,978700
14397,758000
14398,724200
14399,714300
14400,610800
14401,606000
14402,604100
14403,605100
14404,606400
14405,603900
14406,599700
14407,602500
14408,607000
14409,605900
14410,602200
14411,600800
14412,599700
14413,601000
14414,598700
14415,604900
14416,598400
14417,718700
14418,794400
14419,620000
14420,784700
14421,805800
14422,760500
14423,1051100
14424,645800
14425,653900
14426,672200
14427,646600
14428,648100
14429,647700
14430,636200
14431,656400
14432,645000
14433,648800
14434,630300
14435,658500
14436,647300
14437,630200
14438,652600
14439,637900
14440,642700
14441,859300
14442,904900
14443,782600
14444,711500
14445,611200
14446,609800
14447,606600
14448,600100
14449,603500
14450,603300
14451,602700
14452,602800
14453,606100
14454,598100
14455,603700
14456,602300
14457,602400
14458,598300
14459,600600
14460,597700
14461,602500
14462,601100
14463,599100
14464,609000
14465,602700
14466,700000
14467,836200
14468,777900
14469,620300
14470,616800
14471,604000
14472,601700
14473,605000
14474,599500
14475,605800
14476,604500
14477,604900
14478,602500
14479,603200
14480,603000
14481,602500
14482,607700
14483,606000
14484,598100
14485,605800
14486,600500
14487,603600
14488,597900
14489,603800
14490,602200
14491,652800
14492,609300
14493,622400
14494,687300
14495,612000
14496,599100
14497,609400
14498,601800
14499,601200
14500,599800
14501,956600
14502,602300
14503,607300
14504,599800
14505,603800
14506,600000
14507,597900
14508,596500
14509,600100
14510,596800
14511,596300
14512,596300
14513,599100
14514,599100
14515,600700
14516,769500
14517,850300
14518,700400
14519,614800
14520,628500
14521,608900
14522,597200
14523,597900
14524,603800
14525,600900
14526,596500
14527,597600
14528,595500
14529,600000
14530,597200
14531,601100
14532,595900
14533,604300
14534,594900
14535,599700
14536,598000
14537,617400
14538,595900
14539,597700
14540,598200
14541,618700
14542,610200
14543,616000
14544,605600
14545,606500
14546,601500
14547,600500
14548,600500
14549,600100
14550,598000
14551,602900
14552,598000
14553,600400
14554,598800
14555,601600
14556,598700
14557,602200
14558,601700
14559,679700
14560,703900
14561,770000
14562,610500
14563,620500
14564,598200
14565,604100
14566,661800
14567,612200
14568,632000
14569,601900
14570,601600
14571,605900
14572,610600
14573,605900
14574,611800
14575,603300
14576,606000
14577,689600
14578,601600
14579,603500
14580,604200
14581,601300
14582,865300
14583,610100
14584,605300
14585,610300
14586,601700
14587,598400
14588,601000
14589,601500
14590,601600
14591,740600
14592,833800
14593,715000
14594,840900
14595,971800
14596,626600
14597,627500
14598,625200
14599,610500
14600,614800
14601,611700
14602,606200
14603,606600
14604,604700
14605,605300
14606,604800
14607,603500
14608,609600
14609,603500
14610,605400
14611,602100
14612,651500
14613,1080900
14614,655000
14615,826100
14616,756300
14617,721900
14618,713100
14619,682700
14620,910900
14621,989700
14622,1001800
14623,1003000
14624,984500
14625,984500
14626,979000
14627,1022400
14628,1043500
14629,987000
14630,993300
14631,998400
14632,995100
14633,758000
14634,710800
14635,691700
14636,618800
14637,601600
14638,605600
14639,603400
14640,603000
14641,600700
14642,599800
14643,600900
14644,607500
14645,601100
14646,600500
14647,605600
14648,602300
14649,697500
14650,603200
14651,847000
14652,605200
14653,600000
14654,650200
14655,696100
14656,665200
14657,601700
14658,608600
14659,604000
14660,652200
14661,612700
14662,624300
14663,591500
14664,599200
14665,610500
14666,593200
14667,584500
14668,591300
14669,589000
14670,590200
14671,600500
14672,589600
14673,586500
14674,587300
14675,587300
14676,586100
14677,851600
14678,1047800
14679,736600
14680,726400
14681,642800
14682,602600
14683,605800
14684,607000
14685,596800
14686,606000
14687,600600
14688,597400
14689,590800
14690,592900
14691,592000
14692,595900
14693,590200
14694,595900
14695,592700
14696,592600
14697,597400
14698,591600
14699,589800
14700,599900
14701,590700
14702,816000
14703,984100
14704,988700
14705,984300
14706,996600
14707,990500
14708,990200
14709,974800
14710,984900
14711,976600
14712,993600
14713,996600
14714,975100
14715,973300
14716,990700
14717,976600
14718,982500
14719,1161200
14720,1282400
14721,988400
14722,971800
14723,972800
14724,978500
14725,969600
14726,984900
14727,984000
14728,977400
14729,968600
14730,976700
14731,972700
14732,980900
14733,982800
14734,972700
14735,657400
14736,619100
14737,745800
14738,5835700
14739,760800
14740,692600
14741,606100
14742,610800
14743,602000
14744,611300
14745,606200
14746,604900
14747,603200
14748,602700
14749,601400
14750,601900
14751,661700
14752,605300
14753,760900
14754,803100
14755,837900
14756,839100
14757,666600
14758,604900
14759,602800
14760,603400
14761,597100
14762,631500
14763,593100
14764,595500
14765,599400
14766,598400
14767,599000
14768,602100
14769,594800
14770,595100
14771,592000
14772,595600
14773,592900
14774,601700
14775,672900
14776,946400
14777,738500
14778,717800
14779,657100
14780,605000
14781,950800
14782,611600
14783,604500
14784,605200
14785,619900
14786,602100
14787,601600
14788,606100
14789,589300
14790,597500
14791,591100
14792,599700
14793,586300
14794,590600
14795,588300
14796,590400
14797,588100
14798,590400
14799,644700
14800,1019600
14801,987800
14802,975000
14803,969100
14804,971000
14805,973100
14806,992800
14807,970600
14808,986700
14809,970000
14810,975300
14811,970700
14812,975700
14813,969900
14814,982700
14815,1061100
14816,757200
14817,1028300
14818,1002200
14819,1016200
14820,1015700
14821,973700
14822,980800
14823,999900
14824,968400
14825,992700
14826,980600
14827,990300
14828,989800
14829,992000
14830,982700
14831,1013300
14832,885000
14833,695100
14834,621000
14835,615400
14836,615400
14837,614900
14838,608300
14839,622300
14840,618400
14841,611900
14842,608500
14843,858100
14844,610500
14845,742600
14846,609300
14847,611600
14848,610500
14849,609200
14850,606600
14851,604800
14852,606900
14853,617500
14854,601800
14855,756100
14856,841300
14857,682000
14858,610100
14859,609000
14860,607800
14861,605800
14862,611800
14863,605500
14864,603100
14865,606700
14866,605300
14867,608700
14868,597100
14869,604900
14870,604100
14871,602300
14872,601200
14873,603700
14874,601700
14875,606200
14876,603500
14877,605900
14878,602500
14879,601100
14880,629200
14881,608000
14882,626400
14883,601200
14884,610600
14885,611600
14886,611200
14887,615000
14888,619200
14889,603100
14890,607200
14891,601200
14892,604100
14893,599600
14894,601400
14895,604400
14896,610600
14897,623800
14898,600800
14899,598300
14900,603400
14901,595100
14902,599000
14903,597900
14904,601600
14905,639900
14906,602300
14907,622600
14908,600700
14909,598200
14910,603700
14911,598600
14912,617200
14913,597700
14914,602000
14915,599900
14916,599800
14917,598300
14918,599800
14919,610400
14920,599100
14921,595400
14922,596000
14923,594800
14924,825000
14925,602700
14926,600900
14927,683800
14928,599200
14929,595800
14930,687400
14931,676900
14932,996700
14933,1000800
14934,1007100
14935,982500
14936,980300
14937,995100
14938,979800
14939,971400
14940,983800
14941,975800
14942,983200
14943,972600
14944,981200
14945,990300
14946,1102300
14947,880200
14948,1152200
14949,1008200
14950,1004300
14951,995600
14952,985900
14953,979800
14954,982400
14955,993900
14956,1006300
14957,979100
14958,987700
14959,981300
14960,994500
14961,1010600
14962,1132200
14963,761500
14964,732800
14965,698400
14966,625900
14967,605300
14968,611500
14969,606000
14970,608000
14971,596300
14972,597900
14973,594700
14974,596600
14975,596800
14976,596400
14977,594400
14978,596600
14979,593000
14980,598100
14981,592800
14982,611300
14983,596300
14984,608000
14985,599300
14986,599900
14987,834200
14988,770500
14989,864500
14990,989700
14991,992200
14992,1003800
14993,987600
14994,991000
14995,985600
14996,1000600
14997,975300
14998,997400
14999,998600
15000,997100
15001,967000
15002,991800
15003,997100
15004,1009600
15005,997800
15006,986100
15007,997100
15008,1010200
15009,982900
15010,1011800
15011,1003500
15012,995400
15013,993100
15014,1120800
15015,778600
15016,772400
15017,665700
15018,634200
15019,652800
15020,650600
15021,2690700
15022,646300
15023,701400
15024,725900
15025,707500
15026,718600
15027,699500
15028,705300
15029,674300
15030,652600
15031,624800
15032,666200
15033,644000
15034,646200
15035,664000
15036,639700
15037,667100
15038,641500
15039,647000
15040,659100
15041,876000
15042,867800
15043,717300
15044,642800
15045,1037200
15046,659800
15047,645600
15048,634800
15049,766800
15050,634500
15051,644300
15052,648000
15053,635300
15054,642400
15055,635600
15056,646800
15057,642300
15058,638400
15059,630900
15060,643500
15061,770200
15062,672200
15063,630300
15064,776900
15065,853800
15066,768400
15067,819000
15068,675300
15069,646900
15070,653400
15071,650100
15072,644900
15073,651600
15074,640600
15075,660500
15076,673000
15077,646600
15078,652600
15079,642300
15080,638900
15081,644200
15082,651200
15083,639500
15084,647000
15085,648200
15086,635700
15087,783900
15088,862800
15089,755500
15090,660800
15091,641900
15092,643300
15093,645500
15094,638600
15095,632200
15096,649700
15097,652800
15098,635100
15099,635300
15100,644400
15101,638300
15102,652600
15103,645800
15104,637500
15105,629500
15106,638500
15107,651800
15108,631800
15109,641100
15110,639800
15111,747900
15112,650400
15113,673300
15114,639400
15115,621700
15116,616300
15117,607800
15118,610300
15119,952700
15120,611600
15121,601600
15122,604200
15123,600600
15124,610000
15125,705200
15126,603300
15127,600700
15128,610600
15129,600100
15130,613200
15131,603800
15132,601900
15133,597000
15134,600700
15135,600400
15136,663300
15137,618300
15138,801000
15139,624100
15140,620900
15141,608400
15142,611500
15143,640400
15144,615900
15145,619600
15146,603000
15147,602000
15148,602500
15149,598900
15150,606400
15151,597900
15152,605700
15153,596300
15154,612900
15155,600500
15156,599900
15157,605900
15158,599600
15159,606200
15160,600100
15161,757300
15162,829300
15163,696600
15164,605700
15165,601000
15166,587500
15167,576000
15168,580300
15169,2449700
15170,5419300
15171,629400
15172,605700
15173,606900
15174,600900
15175,640400
15176,643900
15177,627700
15178,613800
15179,607600
15180,605500
15181,609200
15182,603300
15183,605600
15184,606700
15185,608600
15186,609800
15187,601700
15188,608100
15189,985900
15190,609400
15191,612500
15192,600500
15193,604200
15194,600100
15195,607600
15196,604200
15197,755200
15198,605800
15199,697700
15200,651700
15201,812200
15202,650600
15203,620500
15204,615800
15205,621000
15206,613000
15207,601100
15208,603200
15209,602600
15210,603000
15211,598600
15212,599100
15213,596300
15214,606900
15215,611300
15216,609900
15217,603200
15218,599200
15219,600200
15220,604800
15221,596100
15222,605700
15223,595900
15224,598600
15225,690700
15226,611800
15227,695200
15228,625400
15229,604900
15230,607700
15231,612800
15232,599400
15233,598900
15234,599400
15235,598800
15236,600000
15237,596400
15238,598900
15239,605900
15240,603200
15241,597500
15242,610700
15243,595700
15244,602200
15245,601700
15246,603900
15247,611200
15248,595000
15249,596400
15250,708200
15251,750800
15252,725300
15253,659300
15254,606200
15255,607300
15256,603100
15257,601900
15258,606400
15259,596300
15260,606800
15261,600100
15262,598800
15263,597600
15264,607900
15265,598700
15266,600100
15267,596700
15268,603400
15269,843400
15270,608000
15271,599000
15272,599800
15273,597200
15274,604700
15275,642900
15276,614200
15277,640700
15278,715100
15279,610100
15280,609100
15281,603100
15282,604700
15283,603300
15284,604300
15285,610300
15286,605800
15287,605700
15288,612700
15289,607100
15290,615200
15291,603900
15292,601300
15293,602700
15294,609100
15295,605400
15296,606000
15297,603800
15298,605500
15299,601700
15300,701600
15301,5625400
15302,811700
15303,769600
15304,770600
15305,650200
15306,705200
15307,646200
15308,641100
15309,659900
15310,646800
15311,646300
15312,642500
15313,648300
15314,645500
15315,636200
15316,872400
15317,898600
15318,784200
15319,634700
15320,612200
15321,602400
15322,609700
15323,606300
15324,606800
15325,606300
15326,612500
15327,603100
15328,604100
15329,605900
15330,602700
15331,598400
15332,600900
15333,599400
15334,600100
15335,599200
15336,600700
15337,597200
15338,598600
15339,597800
15340,1061400
15341,1014100
15342,638100
15343,612400
15344,606500
15345,614400
15346,602300
15347,603600
15348,634500
15349,601700
15350,700600
15351,600300
15352,603300
15353,598600
15354,599800
15355,599900
15356,599100
15357,602100
15358,596800
15359,594700
15360,613700
15361,597500
15362,601300
15363,595100
15364,759900
15365,763400
15366,702800
15367,610200
15368,612400
15369,602800
15370,610600
15371,605400
15372,606900
15373,609300
15374,608900
15375,609200
15376,610900
15377,611700
15378,600100
15379,604500
15380,608400
15381,605800
15382,604200
15383,605400
15384,607300
15385,598200
15386,602600
15387,599100
15388,602100
15389,682900
15390,629300
15391,626200
15392,617700
15393,601000
15394,604300
15395,605700
15396,609600
15397,607000
15398,601700
15399,604600
15400,605800
15401,596800
15402,603900
15403,805500
15404,630100
15405,610500
15406,608000
15407,602200
15408,603600
15409,763300
15410,614600
15411,661300
15412,761400
15413,718600
15414,953000
15415,965400
15416,630200
15417,865800
15418,610700
15419,614200
15420,603300
15421,603400
15422,601700
15423,606400
15424,598900
15425,606800
15426,601700
15427,600900
15428,604000
15429,601400
15430,603000
15431,690500
15432,601300
15433,600200
15434,597400
15435,602500
15436,743800
15437,903200
15438,1056100
15439,721900
15440,616900
15441,609900
15442,596000
15443,618200
15444,594000
15445,599000
15446,594600
15447,597400
15448,594100
15449,594800
15450,599900
15451,594700
15452,594200
15453,594800
15454,596700
15455,594200
15456,600600
15457,592100
15458,597600
15459,610900
15460,605300
15461,657600
15462,852600
15463,832700
15464,865300
15465,824500
15466,798200
15467,766600
15468,805500
15469,791200
15470,781400
15471,813000
15472,812800
15473,795800
15474,769100
15475,777200
15476,785500
15477,784700
15478,608400
15479,605800
15480,627600
15481,984000
15482,821900
15483,818600
15484,696800
15485,694900
15486,653100
15487,683400
15488,645900
15489,648500
15490,917600
15491,909500
15492,638200
15493,651700
15494,651100
15495,642900
15496,648400
15497,647700
15498,659900
15499,638600
15500,644300
15501,636400
15502,631200
15503,644000
15504,841700
15505,663800
15506,659300
15507,646800
15508,636700
15509,647100
15510,628300
15511,654900
15512,653200
15513,643200
15514,659700
15515,645200
15516,641100
15517,639200
15518,629800
15519,642800
15520,629300
15521,640600
15522,622900
15523,638500
15524,625200
15525,639300
15526,623000
15527,653500
15528,745900
15529,874200
15530,780500
15531,673800
15532,638200
15533,656700
15534,690400
15535,655400
15536,666300
15537,661000
15538,702900
15539,648300
15540,651900
15541,659300
15542,645500
15543,654400
15544,637800
15545,658900
15546,643200
15547,637700
15548,643200
15549,640900
15550,637600
15551,883800
15552,1083900
15553,654500
15554,708000
15555,668100
15556,606700
15557,605800
15558,598700
15559,602400
15560,620000
15561,603300
15562,598700
15563,596300
15564,601700
15565,899700
15566,597300
15567,599000
15568,603800
15569,887400
15570,844900
15571,874400
15572,903800
15573,914100
15574,780400
15575,737200
15576,711400
15577,611400
15578,604700
15579,710500
15580,608800
15581,601800
15582,598600
15583,599900
15584,600900
15585,611600
15586,593600
15587,606100
15588,598800
15589,599300
15590,602700
15591,606800
15592,593200
15593,599700
15594,592500
15595,596600
15596,590900
15597,594900
15598,619700
15599,594400
15600,596600
15601,609200
15602,614200
15603,737000
15604,1204500
15605,680400
15606,613100
15607,614500
15608,646700
15609,666000
15610,636400
15611,631800
15612,601500
15613,603900
15614,604800
15615,625300
15616,610200
15617,613200
15618,606000
15619,624700
15620,617100
15621,620700
15622,647800
15623,742100
15624,666900
15625,670200
15626,706200
15627,660700
15628,677800
15629,661400
15630,648600
15631,661000
15632,687700
15633,659000
15634,692800
15635,666700
15636,642100
15637,656200
15638,647900
15639,647700
15640,652500
15641,940700
15642,653900
15643,657500
15644,639600
15645,876200
15646,955700
15647,759600
15648,692300
15649,614200
15650,610200
15651,608600
15652,622000
15653,607300
15654,604000
15655,606900
15656,604600
15657,701900
15658,600800
15659,603400
15660,612500
15661,604500
15662,604700
15663,600800
15664,604300
15665,604900
15666,606800
15667,595200
15668,594500
15669,600800
15670,596100
15671,602100
15672,2611400
15673,966500
15674,691300
15675,630700
15676,845500
15677,806300
15678,706800
15679,660000
15680,650000
15681,649500
15682,641000
15683,653200
15684,661800
15685,645100
15686,666800
15687,647200
15688,637800
15689,716000
15690,749400
15691,759800
15692,614500
15693,648100
15694,612200
15695,613400
15696,611600
15697,611400
15698,610700
15699,607600
15700,605400
15701,608200
15702,605700
15703,604200
15704,608400
15705,613300
15706,612100
15707,605400
15708,606100
15709,612700
15710,603500
15711,600300
15712,600100
15713,605000
15714,702300
15715,1031200
15716,950000
15717,830000
15718,767200
15719,675900
15720,660800
15721,614800
15722,608200
15723,606100
15724,605900
15725,611200
15726,598800
15727,608500
15728,601900
15729,613700
15730,607600
15731,624300
15732,715900
15733,611300
15734,605900
15735,607400
15736,609200
15737,607700
15738,855300
15739,966400
15740,756000
15741,729300
15742,716500
15743,673300
15744,607700
15745,611400
15746,613600
15747,604100
15748,604900
15749,604800
15750,609900
15751,614800
15752,599100
15753,600500
15754,609200
15755,611400
15756,608800
15757,599800
15758,610600
15759,596400
15760,598000
15761,673700
15762,755200
15763,886200
15764,722400
15765,694100
15766,625800
15767,607800
15768,604200
15769,610500
15770,609200
15771,605800
15772,607900
15773,606100
15774,601900
15775,603100
15776,600500
15777,603000
15778,615600
15779,604000
15780,608000
15781,599100
15782,607100
15783,595600
15784,598900
15785,594900
15786,628300
15787,598100
15788,604600
15789,595800
15790,601800
15791,597700
15792,947200
15793,598900
15794,600900
15795,598100
15796,596800
15797,596900
15798,596700
15799,594200
15800,599100
15801,597400
15802,614000
15803,597000
15804,600600
15805,594600
15806,599400
15807,594400
15808,596800
15809,591500
15810,594400
15811,685000
15812,603700
15813,697600
15814,606500
15815,621100
15816,612200
15817,602400
15818,598600
15819,595500
15820,598900
15821,592800
15822,601800
15823,594900
15824,598300
15825,596300
15826,598700
15827,614400
15828,598500
15829,600400
15830,597400
15831,595000
15832,612000
15833,598500
15834,606600
15835,596100
15836,597900
15837,660100
15838,732700
15839,764800
15840,733900
15841,717800
15842,608700
15843,610100
15844,620600
15845,613600
15846,608500
15847,614600
15848,598500
15849,649800
15850,606500
15851,617100
15852,598200
15853,602000
15854,596300
15855,601100
15856,596100
15857,596900
15858,598800
15859,596400
15860,606600
15861,641900
15862,814000
15863,812900
15864,694200
15865,663100
15866,657100
15867,645200
15868,650600
15869,637200
15870,646600
15871,882400
15872,639100
15873,640700
15874,649500
15875,644800
15876,635400
15877,639500
15878,650600
15879,647700
15880,641800
15881,645300
15882,634300
15883,638000
15884,6465500
15885,938000
15886,646800
15887,743900
15888,654000
15889,615700
15890,613900
15891,616800
15892,610900
15893,606000
15894,610200
15895,609400
15896,602400
15897,595700
15898,596500
15899,596900
15900,667700
15901,616800
15902,602000
15903,617100
15904,611000
15905,604700
15906,604800
15907,606800
15908,605500
15909,597300
15910,655400
15911,5368600
15912,731600
15913,623500
15914,706000
15915,880600
15916,874100
15917,687600
15918,625900
15919,720300
15920,741800
15921,724300
15922,687900
15923,612700
15924,628200
15925,926500
15926,776300
15927,751400
15928,746800
15929,745100
15930,1312300
15931,744600
15932,884500
15933,780700
15934,616600
15935,613700
15936,614000
15937,614800
15938,637400
15939,606000
15940,853800
15941,742000
15942,727000
15943,712000
15944,628900
15945,609500
15946,613700
15947,603600
15948,606900
15949,601400
15950,607200
15951,602900
15952,725500
15953,600900
15954,611600
15955,602100
15956,598000
15957,594700
15958,594900
15959,596800
15960,598200
15961,595000
15962,639800
15963,593000
15964,599200
15965,605800
15966,609400
15967,606900
15968,596800
15969,600500
15970,599400
15971,611100
15972,594900
15973,597200
15974,594200
15975,598800
15976,594200
15977,600900
15978,595100
15979,595000
15980,597400
15981,594500
15982,592600
15983,590400
15984,606000
15985,598300
15986,595000
15987,596400
15988,652000
15989,617400
15990,598800
15991,593200
15992,608800
15993,601400
15994,594500
15995,601100
15996,592100
15997,593200
15998,589200
15999,589900
16000,594700
16001,594600
16002,588300
16003,590900
16004,589000
16005,593600
16006,589900
16007,589800
16008,591400
16009,592900
16010,888700
16011,594600
16012,591500
16013,593000
16014,632800
16015,605300
16016,705700
16017,753700
16018,728900
16019,678600
16020,626900
16021,656000
16022,607400
16023,606500
16024,608300
16025,595300
16026,599300
16027,597600
16028,598100
16029,595100
16030,599100
16031,596000
16032,593600
16033,592200
16034,596400
16035,687300
16036,599000
16037,593100
16038,673300
16039,752400
16040,719200
16041,705100
16042,610800
16043,608700
16044,605000
16045,1486100
16046,690000
16047,672000
16048,661700
16049,650000
16050,637600
16051,667800
16052,647600
16053,638000
16054,640800
16055,633200
16056,643400
16057,652400
16058,642900
16059,634900
16060,646600
16061,685700
16062,645400
16063,658600
16064,694800
16065,637300
16066,651800
16067,633300
16068,638800
16069,639400
16070,634400
16071,646900
16072,637200
16073,635300
16074,632200
16075,637400
16076,638800
16077,621600
16078,644400
16079,646800
16080,636300
16081,621700
16082,643900
16083,630100
16084,629800
16085,826100
16086,1233000
16087,755400
16088,720800
16089,613900
16090,605000
16091,596900
16092,606600
16093,619300
16094,604400
16095,598700
16096,597900
16097,594800
16098,590600
16099,589200
16100,591400
16101,587200
16102,591100
16103,588100
16104,591000
16105,589200
16106,590800
16107,583400
16108,588400
16109,674100
16110,606100
16111,617900
16112,610500
16113,703000
16114,599500
16115,597800
16116,593000
16117,591300
16118,592700
16119,589700
16120,598900
16121,591200
16122,592000
16123,589600
16124,593600
16125,591700
16126,594700
16127,590900
16128,590400
16129,587000
16130,602600
16131,592100
16132,593300
16133,587500
16134,592200
16135,639100
16136,599000
16137,805700
16138,641800
16139,616000
16140,614500
16141,598400
16142,602900
16143,605100
16144,598300
16145,594900
16146,597900
16147,595900
16148,602700
16149,591900
16150,597100
16151,594800
16152,595800
16153,591600
16154,592900
16155,591400
16156,597600
16157,595000
16158,592800
16159,595800
16160,691500
16161,871500
16162,869000
16163,865200
16164,785700
16165,688400
16166,895900
16167,638900
16168,656100
16169,643100
16170,639200
16171,637700
16172,646500
16173,622300
16174,662700
16175,639700
16176,623500
16177,639100
16178,628100
16179,638300
16180,633500
16181,630600
16182,629100
16183,885100
16184,971700
16185,752000
16186,710800
16187,626700
16188,606600
16189,610900
16190,606900
16191,601000
16192,596200
16193,680400
16194,597700
16195,593200
16196,601000
16197,597000
16198,595200
16199,591700
16200,595900
16201,588000
16202,592700
16203,584600
16204,593700
16205,603300
16206,589200
16207,618100
16208,595000
16209,782900
16210,778800
16211,772400
16212,750100
16213,644800
16214,646300
16215,639500
16216,650900
16217,650200
16218,637700
16219,648400
16220,661400
16221,632000
16222,632900
16223,637900
16224,637400
16225,635700
16226,645600
16227,629300
16228,638000
16229,627700
16230,756900
16231,777400
16232,5056700
16233,794000
16234,708800
16235,907100
16236,616400
16237,611100
16238,615400
16239,605700
16240,608100
16241,594200
16242,594900
16243,595300
16244,597500
16245,605400
16246,593500
16247,598200
16248,649800
16249,600900
16250,769000
16251,801300
16252,664300
16253,647500
16254,657000
16255,644800
16256,638700
16257,645000
16258,638500
16259,647200
16260,637100
16261,642200
16262,631100
16263,649100
16264,638600
16265,723600
16266,643300
16267,636600
16268,642400
16269,632200
16270,631000
16271,700700
16272,850500
16273,1008000
16274,746000
16275,716200
16276,701600
16277,607100
16278,600900
16279,603600
16280,603900
16281,602600
16282,592900
16283,593100
16284,595800
16285,594500
16286,599000
16287,591200
16288,593400
16289,585300
16290,592400
16291,586500
16292,605100
16293,592400
16294,595200
16295,588500
16296,654200
16297,743600
16298,747300
16299,685000
16300,611300
16301,611100
16302,609200
16303,607100
16304,620700
16305,613700
16306,613700
16307,612200
16308,602800
16309,605500
16310,614400
16311,598600
16312,598300
16313,888400
16314,606000
16315,609000
16316,595400
16317,605000
16318,597600
16319,595800
16320,747000
16321,613200
16322,601500
16323,600300
16324,600100
16325,602000
16326,606300
16327,594300
16328,593800
16329,591200
16330,602400
16331,595300
16332,599100
16333,593500
16334,593100
16335,593100
16336,593500
16337,619400
16338,596700
16339,590400
16340,605700
16341,603700
16342,595200
16343,597100
16344,594400
16345,593600
16346,721500
16347,598500
16348,604100
16349,600900
16350,608000
16351,595700
16352,596900
16353,596800
16354,598200
16355,614400
16356,628300
16357,594600
16358,595300
16359,601100
16360,597600
16361,594700
16362,602800
16363,598900
16364,594600
16365,599800
16366,601500
16367,774800
16368,608100
16369,596600
16370,602600
16371,615700
16372,657200
16373,736600
16374,715100
16375,715700
16376,615900
16377,606000
16378,600600
16379,597100
16380,590500
16381,592600
16382,600300
16383,595400
16384,591600
16385,593300
16386,599500
16387,597800
16388,595100
16389,595300
16390,591500
16391,595200
16392,595200
16393,586100
16394,856000
16395,598400
16396,623400
16397,595600
16398,755200
16399,676400
16400,647300
16401,656100
16402,644700
16403,639500
16404,637000
16405,633800
16406,636800
16407,639200
16408,639600
16409,636800
16410,640700
16411,635100
16412,646000
16413,642300
16414,627300
16415,638900
16416,622400
16417,644600
16418,639600
16419,630900
16420,874000
16421,1003000
16422,654500
16423,638600
16424,639400
16425,646100
16426,718200
16427,642700
16428,636000
16429,631700
16430,638800
16431,636200
16432,633700
16433,637600
16434,642500
16435,628800
16436,629600
16437,622200
16438,646300
16439,628700
16440,621200
16441,637700
16442,631500
16443,730800
16444,852600
16445,808800
16446,777200
16447,635000
16448,627400
16449,607500
16450,603800
16451,600800
16452,600100
16453,599500
16454,597000
16455,602200
16456,595400
16457,594000
16458,603800
16459,596400
16460,596700
16461,610500
16462,591800
16463,602700
16464,592800
16465,596300
16466,591200
16467,728600
16468,618700
16469,739900
16470,638200
16471,853300
16472,605500
16473,603600
16474,600200
16475,609400
16476,599000
16477,598800
16478,597000
16479,609900
16480,601600
16481,595200
16482,613300
16483,592000
16484,591700
16485,597200
16486,593400
16487,588700
16488,587400
16489,587300
16490,589000
16491,586800
16492,634300
16493,5241400
16494,808800
16495,784700
16496,682200
16497,660500
16498,644200
16499,796400
16500,662200
16501,650900
16502,638500
16503,663100
16504,647600
16505,634600
16506,632700
16507,679200
16508,865200
16509,959000
16510,663800
16511,662000
16512,646000
16513,654000
16514,644700
16515,651000
16516,661900
16517,642400
16518,639100
16519,637700
16520,647900
16521,644000
16522,639600
16523,625900
16524,654000
16525,642800
16526,626300
16527,641900
16528,640400
16529,636900
16530,635900
16531,855400
16532,991700
16533,644500
16534,650900
16535,646700
16536,632000
16537,637000
16538,640100
16539,645800
16540,889000
16541,644000
16542,640100
16543,640000
16544,625500
16545,638300
16546,622700
16547,646200
16548,631200
16549,638000
16550,624200
16551,635700
16552,631700
16553,620100
16554,738700
16555,655800
16556,643200
16557,643700
16558,650000
16559,639100
16560,636000
16561,638900
16562,656100
16563,633500
16564,631100
16565,648200
16566,629400
16567,627000
16568,635300
16569,637900
16570,633700
16571,631600
16572,641400
16573,623200
16574,640200
16575,624700
16576,721900
16577,621500
16578,833600
16579,881400
16580,741500
16581,662100
16582,664200
16583,627800
16584,651700
16585,627000
16586,637400
16587,654100
16588,639900
16589,626000
16590,636100
16591,632900
16592,620900
16593,630200
16594,641300
16595,632900
16596,626500
16597,636400
16598,620800
16599,644700
16600,638600
16601,698600
16602,860700
16603,983800
16604,757400
16605,671700
16606,604200
16607,610300
16608,604800
16609,601800
16610,603300
16611,631200
16612,601900
16613,601700
16614,591800
16615,598100
16616,829600
16617,598000
16618,597300
16619,593800
16620,595500
16621,594300
16622,607700
16623,594500
16624,594200
16625,660700
16626,613500
16627,783300
16628,610600
16629,604500
16630,596000
16631,604800
16632,595700
16633,597200
16634,593200
16635,611600
16636,597400
16637,592600
16638,594100
16639,591000
16640,619100
16641,593800
16642,594600
16643,594600
16644,593900
16645,595400
16646,593600
16647,591200
16648,602900
16649,595200
16650,590400
16651,640500
16652,593000
16653,748100
16654,696700
16655,625500
16656,879000
16657,631800
16658,612100
16659,623100
16660,624000
16661,601400
16662,604100
16663,603800
16664,598000
16665,603100
16666,598700
16667,596500
16668,599900
16669,809900
16670,730500
16671,718700
16672,699000
16673,603700
16674,604400
16675,637000
16676,609900
16677,622800
16678,736900
16679,628700
16680,614300
16681,598800
16682,608200
16683,622800
16684,604600
16685,599400
16686,600800
16687,597200
16688,607600
16689,603700
16690,775800
16691,737800
16692,657700
16693,609100
16694,722600
16695,668700
16696,883600
16697,662700
16698,670800
16699,895800
16700,920900
16701,682500
16702,660900
16703,649500
16704,646300
16705,663200
16706,649400
16707,641400
16708,655100
16709,636300
16710,643600
16711,628000
16712,652700
16713,665700
16714,691400
16715,691300
16716,638300
16717,652900
16718,656500
16719,649100
16720,637300
16721,754800
16722,768800
16723,899400
16724,756300
16725,724500
16726,644600
16727,632100
16728,607500
16729,609700
16730,617100
16731,604900
16732,616500
16733,712200
16734,609700
16735,612900
16736,599600
16737,598700
16738,600000
16739,593400
16740,596800
16741,593900
16742,596700
16743,596100
16744,594400
16745,594400
16746,611100
16747,593200
16748,593100
16749,590700
16750,596000
16751,608800
16752,596800
16753,593100
16754,596100
16755,593600
16756,597000
16757,592900
16758,595500
16759,595200
16760,592800
16761,590000
16762,590400
16763,590500
16764,596700
16765,592900
16766,596800
16767,588700
16768,605700
16769,611400
16770,594400
16771,588300
16772,620700
16773,621300
16774,928800
16775,599000
16776,617600
16777,5993600
16778,592700
16779,586500
16780,610100
16781,598900
16782,592900
16783,589200
16784,590600
16785,588200
16786,589900
16787,587500
16788,590700
16789,609700
16790,600000
16791,588700
16792,596600
16793,587500
16794,582400
16795,582400
16796,2302700
16797,5444600
16798,892800
16799,619600
16800,613900
16801,601500
16802,604300
16803,654800
16804,600300
16805,622500
16806,603900
16807,607000
16808,607500
16809,601800
16810,606300
16811,601800
16812,598900
16813,597600
16814,600400
16815,600200
16816,597500
16817,594500
16818,600200
16819,596300
16820,598700
16821,598100
16822,612300
16823,740200
16824,786300
16825,781700
16826,678500
16827,666400
16828,797800
16829,780300
16830,723600
16831,684900
16832,612600
16833,606100
16834,1011700
16835,601300
16836,599300
16837,596000
16838,598100
16839,597100
16840,627600
16841,595000
16842,611500
16843,605800
16844,626700
16845,607500
16846,596200
16847,595500
16848,597800
16849,596700
16850,599100
16851,593000
16852,598200
16853,652600
16854,605200
16855,602100
16856,600700
16857,597800
16858,628400
16859,599600
16860,598000
16861,598500
16862,592800
16863,589300
16864,591000
16865,593100
16866,594300
16867,595400
16868,590900
16869,591900
16870,601100
16871,591000
16872,591700
16873,590400
16874,591700
16875,592900
16876,636200
16877,591800
16878,821300
16879,638400
16880,723100
16881,659200
16882,659500
16883,661500
16884,643500
16885,640800
16886,646400
16887,630500
16888,628900
16889,641800
16890,648900
16891,659900
16892,648300
16893,631200
16894,646400
16895,639400
16896,632300
16897,644800
16898,633800
16899,638500
16900,633900
16901,648300
16902,747000
16903,847900
16904,781100
16905,654200
16906,717100
16907,657000
16908,632800
16909,637500
16910,636900
16911,627000
16912,628700
16913,989000
16914,660400
16915,636500
16916,654700
16917,645400
16918,625100
16919,640300
16920,630100
16921,667000
16922,653500
16923,630100
16924,657100
16925,883600
16926,1020600
16927,746200
16928,737200
16929,623400
16930,612000
16931,606300
16932,603200
16933,599200
16934,606200
16935,604900
16936,593500
16937,592600
16938,593600
16939,594400
16940,593100
16941,591100
16942,595700
16943,587200
16944,595500
16945,619100
16946,593700
16947,594000
16948,594600
16949,615800
16950,605800
16951,590100
16952,601000
16953,597400
16954,595000
16955,597400
16956,594100
16957,682000
16958,594600
16959,591900
16960,593300
16961,593000
16962,591100
16963,591800
16964,604900
16965,591200
16966,592000
16967,590800
16968,593000
16969,595200
16970,607700
16971,593100
16972,592900
16973,589400
16974,590100
16975,683500
16976,967900
16977,755900
16978,722200
16979,671700
16980,608100
16981,606200
16982,610000
16983,599800
16984,603800
16985,596300
16986,616000
16987,617000
16988,608800
16989,608200
16990,606900
16991,868100
16992,612800
16993,600900
16994,608600
16995,603700
16996,598800
16997,593200
16998,603700
16999,632000
17000,598300
17001,591700
17002,668800
17003,692200
17004,701500
17005,708500
17006,708000
17007,704300
17008,623700
17009,598900
17010,601300
17011,606700
17012,611200
17013,603600
17014,605200
17015,596600
17016,618400
17017,631600
17018,600900
17019,596500
17020,596400
17021,595800
17022,600500
17023,657000
17024,611100
17025,736400
17026,627800
17027,616300
17028,616600
17029,605300
17030,610000
17031,608800
17032,606300
17033,599100
17034,605700
17035,602300
17036,600600
17037,601600
17038,717900
17039,600200
17040,605100
17041,597700
17042,620900
17043,624300
17044,601600
17045,600200
17046,599900
17047,596400
17048,742100
17049,1010200
17050,834900
17051,5050300
17052,737700
17053,740800
17054,3549400
17055,666400
17056,657900
17057,652500
17058,1065600
17059,958300
17060,1075000
17061,774900
17062,735800
17063,658600
17064,614800
17065,608600
17066,610900
17067,618400
17068,607800
17069,606400
17070,612300
17071,614200
17072,610500
17073,600200
17074,620000
17075,605200
17076,599000
17077,597400
17078,599500
17079,599100
17080,599100
17081,597900
17082,675200
17083,761400
17084,763600
17085,731200
17086,627500
17087,614600
17088,612300
17089,606200
17090,610500
17091,609400
17092,609300
17093,606300
17094,602000
17095,600200
17096,601700
17097,597300
17098,618400
17099,596900
17100,600800
17101,622000
17102,599800
17103,601500
17104,598300
17105,701300
17106,601100
17107,595500
17108,643900
17109,612000
17110,810300
17111,743200
17112,727900
17113,706200
17114,629500
17115,603200
17116,603000
17117,598800
17118,604000
17119,601200
17120,606700
17121,592100
17122,616000
17123,596700
17124,595400
17125,595000
17126,595000
17127,597300
17128,591900
17129,593200
17130,591700
17131,599100
17132,596300
17133,613800
17134,598200
17135,776700
17136,1094000
17137,724500
17138,621100
17139,609000
17140,607200
17141,603300
17142,603000
17143,600600
17144,602000
17145,599000
17146,609500
17147,594700
17148,595800
17149,597300
17150,598900
17151,594300
17152,595300
17153,594200
17154,631400
17155,595800
17156,595300
17157,737500
17158,714000
17159,827900
17160,699900
17161,706100
17162,603800
17163,604800
17164,603000
17165,603400
17166,604900
17167,597300
17168,597700
17169,605000
17170,600100
17171,619700
17172,600300
17173,596700
17174,597900
17175,604400
17176,601600
17177,593500
17178,594100
17179,593400
17180,605900
17181,596000
17182,634500
17183,596000
17184,620800
17185,612800
17186,702200
17187,598100
17188,601300
17189,594900
17190,598500
17191,598500
17192,595600
17193,598600
17194,606100
17195,595400
17196,595200
17197,593900
17198,594600
17199,593800
17200,595800
17201,591900
17202,593500
17203,593900
17204,599400
17205,600600
17206,595100
17207,592500
17208,675700
17209,615200
17210,822500
17211,763400
17212,1139900
17213,892500
17214,914900
17215,625400
17216,924600
17217,933200
17218,999000
17219,624500
17220,620900
17221,609700
17222,627200
17223,626100
17224,613900
17225,618200
17226,612300
17227,609100
17228,610500
17229,607900
17230,766500
17231,662300
17232,780700
17233,678500
17234,654000
17235,734400
17236,749000
17237,678300
17238,760200
17239,633900
17240,615100
17241,633700
17242,714800
17243,628400
17244,617400
17245,607400
17246,602000
17247,605500
17248,611200
17249,605600
17250,603900
17251,610100
17252,602900
17253,689300
17254,742200
17255,726300
17256,712500
17257,639900
17258,605700
17259,608900
17260,612100
17261,625600
17262,702200
17263,612400
17264,598700
17265,608400
17266,634700
17267,607700
17268,605300
17269,604700
17270,600000
17271,603300
17272,599400
17273,598100
17274,599200
17275,602200
17276,598400
17277,604500
17278,661400
17279,604700
17280,600200
17281,609300
17282,600400
17283,607900
17284,615500
17285,613900
17286,617000
17287,602900
17288,597600
17289,600300
17290,598800
17291,921300
17292,607100
17293,603300
17294,596600
17295,599200
17296,604200
17297,616200
17298,602200
17299,606000
17300,597700
17301,596100
17302,592600
17303,923200
17304,888000
17305,634200
17306,605200
17307,606500
17308,603200
17309,639400
17310,603600
17311,609700
17312,607800
17313,599800
17314,604100
17315,601600
17316,616300
17317,601500
17318,597600
17319,599600
17320,597500
17321,599400
17322,597300
17323,597700
17324,597200
17325,603300
17326,594700
17327,598400
17328,629400
17329,608300
17330,607100
17331,599100
17332,593700
17333,600200
17334,617800
17335,603600
17336,597200
17337,599500
17338,595200
17339,598200
17340,595600
17341,603400
17342,593400
17343,595200
17344,592000
17345,691000
17346,598600
17347,599700
17348,597000
17349,595800
17350,593800
17351,597100
17352,593800
17353,596300
17354,626600
17355,613600
17356,608500
17357,600200
17358,604600
17359,608500
17360,598700
17361,601500
17362,604300
17363,594700
17364,603400
17365,599900
17366,599500
17367,590800
17368,621400
17369,594800
17370,598100
17371,595500
17372,589600
17373,866000
17374,599100
17375,592300
17376,595400
17377,590300
17378,594500
17379,593500
17380,723900
17381,830400
17382,796800
17383,701000
17384,649000
17385,649100
17386,649500
17387,644000
17388,635600
17389,634900
17390,632000
17391,629700
17392,636900
17393,631700
17394,622000
17395,635500
17396,650700
17397,630800
17398,630300
17399,634900
17400,635000
17401,627700
17402,624400
17403,705400
17404,871100
17405,963100
17406,656800
17407,662000
17408,642200
17409,627200
17410,653500
17411,643300
17412,633700
17413,633800
17414,630800
17415,627600
17416,627900
17417,634500
17418,629700
17419,620600
17420,637000
17421,633600
17422,621900
17423,637800
17424,629500
17425,632600
17426,717900
17427,824600
17428,868300
17429,702400
17430,656100
17431,640100
17432,649700
17433,651500
17434,637000
17435,659500
17436,637900
17437,628200
17438,646400
17439,645800
17440,645800
17441,640500
17442,645000
17443,635400
17444,641500
17445,652200
17446,649200
17447,644500
17448,886400
17449,630500
17450,857300
17451,857100
17452,706000
17453,657000
17454,631800
17455,679500
17456,648200
17457,632900
17458,633200
17459,631500
17460,640400
17461,629800
17462,639000
17463,635900
17464,623700
17465,640500
17466,643200
17467,627800
17468,646200
17469,632600
17470,639300
17471,638400
17472,632200
17473,744700
17474,891000
17475,921000
17476,657200
17477,645600
17478,636400
17479,644100
17480,633700
17481,654300
17482,632000
17483,663300
17484,626800
17485,645900
17486,633300
17487,646300
17488,633800
17489,628300
17490,636700
17491,628900
17492,635700
17493,627700
17494,628600
17495,638100
17496,642200
17497,834500
17498,916700
17499,794600
17500,850700
17501,709800
17502,613700
17503,609500
17504,605800
17505,603800
17506,605200
17507,602000
17508,597500
17509,599000
17510,596700
17511,598700
17512,595400
17513,602000
17514,601000
17515,606800
17516,628200
17517,600400
17518,608400
17519,596300
17520,602200
17521,907200
17522,621800
17523,605300
17524,842800
17525,610300
17526,597400
17527,603200
17528,598400
17529,594400
17530,595400
17531,594300
17532,592100
17533,593500
17534,590600
17535,593200
17536,593800
17537,600800
17538,590000
17539,597000
17540,593200
17541,595300
17542,589700
17543,608100
17544,590000
17545,592800
17546,614100
17547,598900
17548,596900
17549,603300
17550,608900
17551,604800
17552,602100
17553,598200
17554,595900
17555,597500
17556,597600
17557,594200
17558,592600
17559,594200
17560,594500
17561,596300
17562,594300
17563,601900
17564,593000
17565,606700
17566,614700
17567,595900
17568,614000
17569,597100
17570,592300
17571,598800
17572,629800
17573,602100
17574,638300
17575,614100
17576,609900
17577,612500
17578,606700
17579,600700
17580,602200
17581,607200
17582,603200
17583,690900
17584,600900
17585,603900
17586,594600
17587,594600
17588,595700
17589,596700
17590,594400
17591,595700
17592,592800
17593,605100
17594,592300
17595,597500
17596,590500
17597,593900
17598,652700
17599,600600
17600,764400
17601,639600
17602,622400
17603,614400
17604,599100
17605,605800
17606,814200
17607,610700
17608,599600
17609,596000
17610,598800
17611,595900
17612,592600
17613,613900
17614,597000
17615,605600
17616,595200
17617,613900
17618,594300
17619,591100
17620,599900
17621,598300
17622,593600
17623,654100
17624,626800
17625,727700
17626,761000
17627,730400
17628,713700
17629,710900
17630,649500
17631,605100
17632,603000
17633,601900
17634,602900
17635,603500
17636,600000
17637,602800
17638,602300
17639,598200
17640,597100
17641,632100
17642,595500
17643,604000
17644,595700
17645,593400
17646,611800
17647,642700
17648,754600
17649,712900
17650,613300
17651,609400
17652,620900
17653,618500
17654,611400
17655,598700
17656,598900
17657,595400
17658,597300
17659,643500
17660,600100
17661,598300
17662,597600
17663,599200
17664,606400
17665,684100
17666,606400
17667,595900
17668,597400
17669,597800
17670,594800
17671,595700
17672,592800
17673,673600
17674,820600
17675,930100
17676,743900
17677,718400
17678,714800
17679,667600
17680,603000
17681,595400
17682,601200
17683,594300
17684,602100
17685,837500
17686,598300
17687,598000
17688,603100
17689,599700
17690,602900
17691,600100
17692,600900
17693,592900
17694,610700
17695,594900
17696,595400
17697,658500
17698,606100
17699,600200
17700,608000
17701,608300
17702,605600
17703,597900
17704,599800
17705,601300
17706,595300
17707,594900
17708,595200
17709,596900
17710,599100
17711,595300
17712,617800
17713,594400
17714,599700
17715,594400
17716,593700
17717,595200
17718,598400
17719,598100
17720,598900
17721,594700
17722,599800
17723,638600
17724,604800
17725,641900
17726,759500
17727,744800
17728,671200
17729,612200
17730,608500
17731,602300
17732,601600
17733,599300
17734,599700
17735,599100
17736,604400
17737,604300
17738,598500
17739,595300
17740,597800
17741,595200
17742,596200
17743,593200
17744,597700
17745,591500
17746,598900
17747,589300
17748,716100
17749,599400
17750,731900
17751,5980200
17752,5841900
17753,1058000
17754,664500
17755,692000
17756,613100
17757,609000
17758,605300
17759,609300
17760,609700
17761,602000
17762,601900
17763,620300
17764,609400
17765,611000
17766,729400
17767,747300
17768,755600
17769,739900
17770,748900
17771,739300
17772,741500
17773,742300
17774,625800
17775,597500
17776,597300
17777,592000
17778,594900
17779,644500
17780,611900
17781,876600
17782,626400
17783,615000
17784,608800
17785,604900
17786,616600
17787,608400
17788,606900
17789,600800
17790,612300
17791,601700
17792,591700
17793,596600
17794,594700
17795,594600
17796,594700
17797,592700
17798,588600
17799,593100
17800,594900
17801,591400
17802,587400
17803,588600
17804,615700
17805,592800
17806,594500
17807,599400
17808,602900
17809,605800
17810,712400
17811,605600
17812,596100
17813,757300
17814,890800
17815,906400
17816,880200
17817,661300
17818,608000
17819,604000
17820,598000
17821,616400
17822,594400
17823,596800
17824,590700
17825,597800
17826,590800
17827,948800
17828,693800
17829,602600
17830,616500
17831,607400
17832,600300
17833,598900
17834,604700
17835,600200
17836,595500
17837,608600
17838,594500
17839,595000
17840,592400
17841,595400
17842,591000
17843,596300
17844,594100
17845,598700
17846,597300
17847,604400
17848,593000
17849,596700
17850,594400
17851,599000
17852,588700
17853,664200
17854,606000
17855,602000
17856,638800
17857,609800
17858,598100
17859,600500
17860,652200
17861,592800
17862,600300
17863,630300
17864,604700
17865,607100
17866,605000
17867,610300
17868,629900
17869,611800
17870,611800
17871,621700
17872,604000
17873,604200
17874,603100
17875,604700
17876,600600
17877,602400
17878,602000
17879,725000
17880,783300
17881,969300
17882,672300
17883,718100
17884,612900
17885,613400
17886,605900
17887,606900
17888,603700
17889,600700
17890,603300
17891,720600
17892,606400
17893,604400
17894,603600
17895,611400
17896,605100
17897,619000
17898,609800
17899,602700
17900,607800
17901,602100
17902,602800
17903,600800
17904,652900
17905,738000
17906,631100
17907,1027000
17908,630500
17909,612100
17910,603600
17911,599400
17912,601000
17913,599600
17914,599800
17915,600300
17916,600400
17917,602000
17918,600700
17919,600000
17920,617200
17921,602700
17922,609400
17923,603400
17924,602800
17925,601700
17926,603800
17927,594300
17928,721400
17929,915600
17930,723600
17931,644500
17932,620400
17933,617800
17934,602100
17935,604200
17936,605200
17937,598100
17938,598700
17939,602800
17940,594700
17941,590000
17942,597300
17943,592600
17944,594300
17945,594300
17946,607100
17947,591100
17948,592800
17949,593400
17950,593700
17951,593900
17952,591100
17953,645800
17954,602100
17955,595200
17956,770800
17957,744800
17958,717100
17959,708200
17960,733100
17961,655100
17962,619800
17963,608200
17964,602400
17965,600500
17966,601400
17967,596800
17968,601200
17969,590300
17970,592900
17971,589000
17972,681800
17973,595100
17974,593600
17975,589900
17976,593400
17977,605800
17978,681600
17979,691700
17980,671400
17981,670200
17982,684400
17983,642100
17984,650800
17985,641000
17986,894400
17987,644300
17988,632400
17989,639600
17990,644100
17991,631500
17992,626600
17993,641300
17994,642900
17995,631000
17996,632000
17997,633800
17998,633200
17999,627400
18000,642000
18001,728000
18002,879900
18003,733700
18004,614400
18005,624700
18006,610800
18007,642200
18008,607500
18009,597300
18010,596700
18011,598200
18012,597300
18013,597100
18014,593700
18015,599000
18016,597700
18017,597300
18018,591300
18019,593900
18020,592200
18021,594300
18022,592000
18023,591400
18024,615100
18025,607200
18026,727200
18027,626400
18028,615000
18029,604500
18030,601900
18031,599000
18032,599900
18033,598900
18034,597500
18035,599100
18036,597300
18037,599100
18038,600100
18039,602800
18040,602700
18041,608200
18042,601200
18043,604200
18044,669100
18045,607000
18046,599400
18047,598300
18048,599800
18049,599800
18050,599700
18051,602000
18052,669000
18053,951600
18054,857100
18055,672300
18056,610900
18057,699200
18058,659800
18059,603300
18060,612300
18061,606800
18062,601900
18063,603800
18064,599800
18065,889800
18066,605000
18067,602200
18068,607500
18069,610600
18070,599200
18071,599400
18072,594400
18073,596700
18074,596500
18075,638400
18076,1014100
18077,997300
18078,983000
18079,963000
18080,1079300
18081,647000
18082,618200
18083,731000
18084,633000
18085,630000
18086,603600
18087,604200
18088,593300
18089,596300
18090,602500
18091,596200
18092,600500
18093,593000
18094,592500
18095,598200
18096,593000
18097,617300
18098,716700
18099,742800
18100,717900
18101,692100
18102,610800
18103,608900
18104,610500
18105,609200
18106,606100
18107,607200
18108,617500
18109,603300
18110,599000
18111,609400
18112,604100
18113,599100
18114,603400
18115,600400
18116,601600
18117,597200
18118,595800
18119,598000
18120,595900
18121,604600
18122,594600
18123,682500
18124,755700
18125,717800
18126,626700
18127,614800
18128,611600
18129,610400
18130,604800
18131,601900
18132,600000
18133,694600
18134,603600
18135,635800
18136,618400
18137,603700
18138,601800
18139,602300
18140,882500
18141,606300
18142,603100
18143,601800
18144,609900
18145,602500
18146,598800
18147,604800
18148,660800
18149,761100
18150,755500
18151,641000
18152,610100
18153,605100
18154,600400
18155,606900
18156,600700
18157,601300
18158,600000
18159,601000
18160,600100
18161,599600
18162,601500
18163,600500
18164,603800
18165,625500
18166,605700
18167,601300
18168,594600
18169,617600
18170,597100
18171,598300
18172,593900
18173,668600
18174,607500
18175,637500
18176,600100
18177,604400
18178,604600
18179,603900
18180,604600
18181,603900
18182,611300
18183,611700
18184,604600
18185,619300
18186,606000
18187,603200
18188,601800
18189,599300
18190,611400
18191,595800
18192,599400
18193,604800
18194,602400
18195,602900
18196,597700
18197,598000
18198,673300
18199,782300
18200,733500
18201,925400
18202,624200
18203,644000
18204,887800
18205,894400
18206,835600
18207,884600
18208,854000
18209,843800
18210,626700
18211,749400
18212,620100
18213,618700
18214,606600
18215,610200
18216,606600
18217,609200
18218,900900
18219,707600
18220,762200
18221,722800
18222,629300
18223,615200
18224,611200
18225,609000
18226,609900
18227,610500
18228,614400
18229,611100
18230,602100
18231,596000
18232,597300
18233,594900
18234,597000
18235,596400
18236,619100
18237,617500
18238,597000
18239,594600
18240,606400
18241,599400
18242,603300
18243,600600
18244,652200
18245,770300
18246,752000
18247,691100
18248,614600
18249,608300
18250,609000
18251,610300
18252,607100
18253,616300
18254,602400
18255,605800
18256,605500
18257,603900
18258,595000
18259,594500
18260,595000
18261,615000
18262,595800
18263,591700
18264,595300
18265,594600
18266,595500
18267,591700
18268,596300
18269,654500
18270,761400
18271,787900
18272,691400
18273,655500
18274,666600
18275,661500
18276,644100
18277,649400
18278,638600
18279,637400
18280,642100
18281,639400
18282,643200
18283,635100
18284,655900
18285,636600
18286,628700
18287,668800
18288,630300
18289,649000
18290,640400
18291,648600
18292,730700
18293,827600
18294,853400
18295,950500
18296,658900
18297,661700
18298,644200
18299,643700
18300,632400
18301,650900
18302,640800
18303,643100
18304,634300
18305,656300
18306,626300
18307,650300
18308,631500
18309,629200
18310,637800
18311,631300
18312,631900
18313,626500
18314,635800
18315,630500
18316,620200
18317,767600
18318,624500
18319,655000
18320,658700
18321,665300
18322,720900
18323,721900
18324,707000
18325,783600
18326,752300
18327,657200
18328,604800
18329,620900
18330,609800
18331,612400
18332,612600
18333,608800
18334,611500
18335,602100
18336,605400
18337,597400
18338,595600
18339,601500
18340,597700
18341,641700
18342,603600
18343,810400
18344,760300
18345,727900
18346,645600
18347,605100
18348,603600
18349,603600
18350,600800
18351,616600
18352,606100
18353,611600
18354,603200
18355,597600
18356,594900
18357,592500
18358,595200
18359,596000
18360,593000
18361,594200
18362,591400
18363,593900
18364,588900
18365,592800
18366,591000
18367,627500
18368,841500
18369,689900
18370,765600
18371,666500
18372,655600
18373,911700
18374,642900
18375,643900
18376,653200
18377,638500
18378,626000
18379,640000
18380,635800
18381,640300
18382,637000
18383,640200
18384,635800
18385,637600
18386,623200
18387,646900
18388,625100
18389,632300
18390,833900
18391,885500
18392,748400
18393,709600
18394,701100
18395,668900
18396,602700
18397,601400
18398,605800
18399,621500
18400,599400
18401,606600
18402,598400
18403,596800
18404,594400
18405,598600
18406,618200
18407,595900
18408,594800
18409,596900
18410,596300
18411,593900
18412,591500
18413,597600
18414,652600
18415,615500
18416,667100
18417,692400
18418,656200
18419,653400
18420,644100
18421,644000
18422,642900
18423,652200
18424,645700
18425,631900
18426,658200
18427,652200
18428,642200
18429,657600
18430,632800
18431,641400
18432,633000
18433,639900
18434,631400
18435,639100
18436,632700
18437,639000
18438,774300
18439,1006000
18440,1009900
18441,982500
18442,1050500
18443,1013200
18444,1003600
18445,1166500
18446,1287100
18447,1005700
18448,987100
18449,987600
18450,1010200
18451,1005700
18452,1009000
18453,1013400
18454,1117600
18455,667300
18456,623000
18457,607800
18458,604100
18459,600900
18460,614600
18461,603800
18462,597400
18463,599000
18464,597600
18465,604600
18466,598500
18467,596300
18468,597900
18469,597500
18470,597500
18471,599200
18472,595000
18473,600700
18474,596200
18475,597100
18476,594100
18477,595800
18478,643900
18479,793700
18480,619500
18481,613300
18482,600000
18483,619300
18484,616700
18485,605500
18486,602700
18487,601400
18488,612500
18489,608400
18490,595200
18491,601600
18492,592600
18493,596400
18494,590700
18495,595400
18496,595200
18497,601000
18498,591900
18499,598200
18500,593400
18501,592600
18502,591300
18503,664900
18504,609500
18505,783300
18506,761100
18507,731700
18508,727600
18509,700500
18510,623400
18511,600100
18512,598200
18513,600600
18514,602400
18515,601300
18516,602800
18517,594300
18518,593900
18519,592900
18520,882900
18521,601300
18522,599100
18523,595600
18524,600400
18525,592500
18526,597600
18527,594300
18528,655800
18529,626900
18530,598500
18531,612500
18532,630400
18533,655800
18534,669700
18535,620700
18536,611400
18537,608400
18538,606300
18539,621300
18540,609500
18541,604200
18542,609700
18543,607800
18544,617400
18545,606500
18546,607300
18547,604600
18548,600100
18549,597300
18550,602800
18551,596100
18552,728500
18553,618900
18554,630600
18555,612400
18556,606300
18557,612100
18558,609100
18559,598600
18560,599400
18561,597800
18562,602600
18563,595700
18564,609900
18565,598200
18566,597900
18567,596100
18568,600800
18569,595600
18570,598000
18571,596200
18572,602900
18573,601200
18574,596400
18575,596200
18576,598100
18577,597000
18578,598500
18579,628600
18580,609900
18581,672700
18582,769300
18583,654800
18584,612300
18585,611800
18586,616300
18587,6312700
18588,707700
18589,707100
18590,619800
18591,609200
18592,820700
18593,718700
18594,697900
18595,819200
18596,660800
18597,733400
18598,613200
18599,608800
18600,612400
18601,629600
18602,603600
18603,603200
18604,598900
18605,599500
18606,596200
18607,595700
18608,594600
18609,596200
18610,596600
18611,599700
18612,594600
18613,594100
18614,593100
18615,607900
18616,595200
18617,599400
18618,681300
18619,755400
18620,738000
18621,648500
18622,610200
18623,610000
18624,606000
18625,608400
18626,607200
18627,609700
18628,596400
18629,605500
18630,600200
18631,601800
18632,596900
18633,601500
18634,602900
18635,599400
18636,598100
18637,648000
18638,596100
18639,600400
18640,601000
18641,597700
18642,598300
18643,641900
18644,651500
18645,615700
18646,613200
18647,617600
18648,607400
18649,606100
18650,608000
18651,596900
18652,595100
18653,750800
18654,604500
18655,598700
18656,594800
18657,594600
18658,596800
18659,593700
18660,599900
18661,592600
18662,595600
18663,602300
18664,594900
18665,590400
18666,593600
18667,598900
18668,598700
18669,590700
18670,630300
18671,591100
18672,869600
18673,620600
18674,611500
18675,604200
18676,691200
18677,599500
18678,600100
18679,594600
18680,594300
18681,596500
18682,603400
18683,595900
18684,590800
18685,592600
18686,592900
18687,588500
18688,593400
18689,590000
18690,591100
18691,588000
18692,591800
18693,615600
18694,595900
18695,716600
18696,733500
18697,711500
18698,601600
18699,598900
18700,598700
18701,1761600
18702,657300
18703,704700
18704,621600
18705,602200
18706,602900
18707,602100
18708,602500
18709,598200
18710,601400
18711,598800
18712,598200
18713,591900
18714,601200
18715,603700
18716,594200
18717,606000
18718,627300
18719,5897700
18720,751000
18721,725300
18722,712900
18723,607700
18724,610400
18725,605900
18726,610000
18727,609000
18728,595700
18729,595000
18730,600200
18731,604800
18732,788200
18733,865000
18734,787900
18735,655300
18736,629900
18737,614400
18738,605600
18739,612900
18740,618000
18741,613600
18742,931100
18743,612800
18744,607300
18745,605400
18746,719300
18747,610900
18748,604500
18749,606500
18750,607600
18751,604800
18752,603700
18753,604500
18754,616700
18755,608400
18756,601200
18757,604700
18758,602000
18759,866600
18760,709400
18761,712200
18762,772100
18763,614500
18764,610500
18765,601400
18766,605200
18767,598100
18768,601900
18769,601400
18770,603600
18771,595300
18772,598700
18773,599800
18774,598200
18775,600800
18776,600900
18777,614700
18778,598700
18779,593700
18780,599100
18781,591700
18782,596400
18783,594000
18784,669900
18785,601000
18786,4208800
18787,736600
18788,712400
18789,702600
18790,700600
18791,618300
18792,616600
18793,598300
18794,606800
18795,633400
18796,604100
18797,594700
18798,595600
18799,593500
18800,594800
18801,594300
18802,600100
18803,619300
18804,593500
18805,822600
18806,633300
18807,614700
18808,617400
18809,599900
18810,603000
18811,596500
18812,597000
18813,597700
18814,594600
18815,948800
18816,599000
18817,593000
18818,598700
18819,608100
18820,600100
18821,590800
18822,707000
18823,593300
18824,595300
18825,594200
18826,592900
18827,648500
18828,774200
18829,715500
18830,701700
18831,603400
18832,607600
18833,604600
18834,609000
18835,606800
18836,592900
18837,591000
18838,592700
18839,590300
18840,594800
18841,589500
18842,592200
18843,598800
18844,591600
18845,595100
18846,597500
18847,596500
18848,593100
18849,591700
18850,593200
18851,591800
18852,607000
18853,601700
18854,811400
18855,728400
18856,667300
18857,659000
18858,654700
18859,645700
18860,645700
18861,641200
18862,644900
18863,637800
18864,640400
18865,623100
18866,662200
18867,651600
18868,634700
18869,635900
18870,635500
18871,622400
18872,640700
18873,645800
18874,630000
18875,632900
18876,626300
18877,861400
18878,832200
18879,726200
18880,771500
18881,615500
18882,610400
18883,600900
18884,601500
18885,623900
18886,599900
18887,599000
18888,594200
18889,590800
18890,604600
18891,593500
18892,591500
18893,591300
18894,870900
18895,601600
18896,594300
18897,596000
18898,591000
18899,590800
18900,592900
18901,791400
18902,1087100
18903,621300
18904,613100
18905,595900
18906,597200
18907,588400
18908,591600
18909,594300
18910,597300
18911,592900
18912,594500
18913,589500
18914,598400
18915,589300
18916,592400
18917,587800
18918,588500
18919,588100
18920,592000
18921,585800
18922,590000
18923,587500
18924,590700
18925,587600
18926,622000
18927,598300
18928,606600
18929,596700
18930,598000
18931,611900
18932,606700
18933,603700
18934,607900
18935,592900
18936,612700
18937,608000
18938,634400
18939,600300
18940,611100
18941,616900
18942,618200
18943,629600
18944,608300
18945,600600
18946,606100
18947,596200
18948,601800
18949,604000
18950,630700
18951,695400
18952,628500
18953,599000
18954,608200
18955,607000
18956,606800
18957,605200
18958,612700
18959,601500
18960,610600
18961,604000
18962,600700
18963,618000
18964,618400
18965,599500
18966,599700
18967,602200
18968,599000
18969,596800
18970,601400
18971,597200
18972,599900
18973,596400
18974,599600
18975,966700
18976,767100
18977,765100
18978,636800
18979,618200
18980,611900
18981,608900
18982,620000
18983,607200
18984,714900
18985,600900
18986,607900
18987,598000
18988,599700
18989,596600
18990,604500
18991,613100
18992,602900
18993,597800
18994,607700
18995,601300
18996,600700
18997,599600
18998,601700
18999,605200
19000,606300
19001,636200
19002,604700
19003,683100
19004,746000
19005,662600
19006,612900
19007,613100
19008,608300
19009,609800
19010,617500
19011,602700
19012,611700
19013,600600
19014,595900
19015,602400
19016,606700
19017,599900
19018,595900
19019,600000
19020,603700
19021,600300
19022,602500
19023,611300
19024,596600
19025,601200
19026,730800
19027,789800
19028,899500
19029,650700
19030,626400
19031,629400
19032,617700
19033,618900
19034,624200
19035,622100
19036,613000
19037,612200
19038,621600
19039,607100
19040,607900
19041,604000
19042,607200
19043,609900
19044,600200
19045,602000
19046,600800
19047,606900
19048,611200
19049,599400
19050,597900
19051,648200
19052,624500
19053,652300
19054,611200
19055,920200
19056,612400
19057,605800
19058,623700
19059,608100
19060,602300
19061,606600
19062,600400
19063,604800
19064,602000
19065,615200
19066,701800
19067,606400
19068,603900
19069,604300
19070,602000
19071,601100
19072,595900
19073,601800
19074,596700
19075,600600
19076,619300
19077,642600
19078,728400
19079,679700
19080,659000
19081,647200
19082,654900
19083,642200
19084,637800
19085,641600
19086,647100
19087,635000
19088,635400
19089,643800
19090,634700
19091,636400
19092,639900
19093,644400
19094,624900
19095,649300
19096,640000
19097,636500
19098,637600
19099,664000
19100,883900
19101,991200
19102,664900
19103,653500
19104,665900
19105,654100
19106,652100
19107,644700
19108,628800
19109,638900
19110,628300
19111,660000
19112,632500
19113,638400
19114,632400
19115,629800
19116,620300
19117,647100
19118,637200
19119,620900
19120,641600
19121,626800
19122,628400
19123,1330800
19124,742100
19125,729300
19126,678600
19127,614600
19128,597000
19129,599700
19130,603100
19131,931700
19132,608700
19133,619000
19134,614600
19135,645600
19136,621900
19137,610600
19138,609200
19139,606200
19140,607600
19141,599300
19142,598700
19143,599500
19144,705100
19145,600400
19146,830000
19147,979700
19148,745900
19149,737400
19150,698900
19151,606600
19152,611800
19153,607700
19154,629100
19155,619300
19156,612200
19157,618800
19158,605100
19159,601400
19160,595200
19161,597800
19162,604700
19163,607300
19164,593100
19165,626600
19166,605500
19167,602100
19168,626700
19169,599900
19170,595300
19171,988800
19172,988600
19173,1012400
19174,1011900
19175,994800
19176,984900
19177,1000600
19178,990900
19179,998400
19180,998500
19181,990100
19182,994800
19183,991700
19184,984800
19185,997300
19186,1005600
19187,5828700
19188,794900
19189,711100
19190,660000
19191,1050200
19192,658500
19193,651600
19194,630400
19195,657600
19196,647400
19197,638500
19198,637900
19199,646100
19200,633900
19201,797700
19202,874200
19203,811800
19204,772600
19205,647700
19206,646400
19207,641400
19208,633600
19209,650300
19210,633200
19211,637700
19212,651500
19213,640500
19214,656800
19215,657700
19216,654500
19217,652000
19218,645600
19219,653100
19220,649800
19221,637300
19222,669500
19223,644800
19224,636000
19225,870400
19226,1023700
19227,758600
19228,738500
19229,688200
19230,622100
19231,655600
19232,620100
19233,610600
19234,619300
19235,604400
19236,605400
19237,606700
19238,604900
19239,604300
19240,615100
19241,601300
19242,610300
19243,618100
19244,608100
19245,602700
19246,603500
19247,607800
19248,613700
19249,637700
19250,775000
19251,753300
19252,728900
19253,718100
19254,693200
19255,614800
19256,610000
19257,607600
19258,609500
19259,605100
19260,608200
19261,604400
19262,610000
19263,605800
19264,608000
19265,602200
19266,609600
19267,976500
19268,617200
19269,612300
19270,612500
19271,626800
19272,660900
19273,628700
19274,616400
19275,613300
19276,612800
19277,613600
19278,608900
19279,607200
19280,608900
19281,605500
19282,714700
19283,607400
19284,614000
19285,605500
19286,607200
19287,608900
19288,607100
19289,603400
19290,609400
19291,603100
19292,608300
19293,604300
19294,607500
19295,614500
19296,609900
19297,606900
19298,686400
19299,604500
19300,611300
19301,609500
19302,607700
19303,618000
19304,619600
19305,602900
19306,605900
19307,602200
19308,608100
19309,609900
19310,607600
19311,600900
19312,603000
19313,605000
19314,638300
19315,603100
19316,606600
19317,601300
19318,603600
19319,602500
19320,662800
19321,759700
19322,731300
19323,721700
19324,611100
19325,615300
19326,615200
19327,612300
19328,614700
19329,605300
19330,622200
19331,605600
19332,608500
19333,606500
19334,608800
19335,611700
19336,609100
19337,604500
19338,611300
19339,603300
19340,612300
19341,608100
19342,609500
19343,626700
19344,613200
19345,603100
19346,694800
19347,946300
19348,774200
19349,623800
19350,668200
19351,620600
19352,613500
19353,609300
19354,610900
19355,605800
19356,608600
19357,606900
19358,608300
19359,605000
19360,608600
19361,605000
19362,605700
19363,606300
19364,697500
19365,616400
19366,611700
19367,616700
19368,605200
19369,598100
19370,609800
19371,609200
19372,603100
19373,675200
19374,611600
19375,783400
19376,723500
19377,704700
19378,614100
19379,617200
19380,614600
19381,609100
19382,607500
19383,612700
19384,607500
19385,609000
19386,606200
19387,606400
19388,605200
19389,610200
19390,651500
19391,606200
19392,605800
19393,616700
19394,611900
19395,612600
19396,602700
19397,853300
19398,771900
19399,750300
19400,764500
19401,650400
19402,621700
19403,618400
19404,611400
19405,619900
19406,609700
19407,613000
19408,605500
19409,613200
19410,609900
19411,608900
19412,609400
19413,611500
19414,615100
19415,613500
19416,630700
19417,613400
19418,619700
19419,604400
19420,603600
19421,605300
19422,654700
19423,621200
19424,657500
19425,650400
19426,959900
19427,722100
19428,609500
19429,609600
19430,614600
19431,608100
19432,605500
19433,606400
19434,604500
19435,614900
19436,603500
19437,614100
19438,603400
19439,609600
19440,604400
19441,606400
19442,602900
19443,621100
19444,620400
19445,701500
19446,610200
19447,678000
19448,611900
19449,668500
19450,802600
19451,981100
19452,845600
19453,842500
19454,849700
19455,845400
19456,838800
19457,841800
19458,855300
19459,857500
19460,843900
19461,848200
19462,846400
19463,853900
19464,848000
19465,867700
19466,933600
19467,684000
19468,658800
19469,742700
19470,734800
19471,626000
19472,612500
19473,615000
19474,657100
19475,621200
19476,613600
19477,620600
19478,618100
19479,618900
19480,647800
19481,615200
19482,609200
19483,622800
19484,650800
19485,638700
19486,613400
19487,610600
19488,613900
19489,661200
19490,611600
19491,775400
19492,646400
19493,627500
19494,650400
19495,619800
19496,619400
19497,618700
19498,1086000
19499,615700
19500,610100
19501,629300
19502,610900
19503,611300
19504,611100
19505,609100
19506,608600
19507,624300
19508,610300
19509,606000
19510,611000
19511,618100
19512,606900
19513,630400
19514,603600
19515,709600
19516,620800
19517,627300
19518,620000
19519,735300
19520,612300
19521,608600
19522,604600
19523,607100
19524,622300
19525,873500
19526,630800
19527,617600
19528,610000
19529,610100
19530,607400
19531,607600
19532,605000
19533,606800
19534,633600
19535,628700
19536,676100
19537,671600
19538,877400
19539,1102900
19540,653200
19541,626700
19542,615500
19543,615600
19544,611700
19545,613500
19546,606600
19547,610300
19548,629300
19549,607700
19550,605200
19551,613700
19552,603600
19553,603700
19554,603400
19555,617200
19556,627000
19557,605200
19558,599200
19559,603000
19560,602800
19561,604700
19562,622900
19563,617100
19564,745900
19565,766300
19566,725700
19567,679200
19568,611900
19569,612500
19570,609500
19571,621700
19572,628300
19573,607900
19574,607700
19575,615800
19576,1024100
19577,607900
19578,615800
19579,610700
19580,605200
19581,612100
19582,607400
19583,621900
19584,602000
19585,607000
19586,625900
19587,616700
19588,649000
19589,753300
19590,734700
19591,618400
19592,658300
19593,706300
19594,606200
19595,626200
19596,626700
19597,721200
19598,611600
19599,601700
19600,603100
19601,602000
19602,600800
19603,615200
19604,599900
19605,607900
19606,602700
19607,598100
19608,601200
19609,604300
19610,603100
19611,638600
19612,600800
19613,774800
19614,771200
19615,726500
19616,621200
19617,612900
19618,606500
19619,603000
19620,635000
19621,714600
19622,595800
19623,632900
19624,748000
19625,646700
19626,617200
19627,613500
19628,602500
19629,605300
19630,604300
19631,602400
19632,598500
19633,600300
19634,596600
19635,856500
19636,737000
19637,730800
19638,715800
19639,640300
19640,612900
19641,616000
19642,606600
19643,607800
19644,610500
19645,612300
19646,601400
19647,623400
19648,620300
19649,610600
19650,652200
19651,611800
19652,608000
19653,610700
19654,1070800
19655,613200
19656,601600
19657,604200
19658,614900
19659,690500
19660,5311100
19661,765700
19662,754900
19663,622200
19664,620700
19665,617100
19666,609700
19667,611500
19668,596900
19669,606100
19670,751600
19671,610400
19672,602200
19673,602800
19674,601600
19675,608000
19676,649800
19677,613800
19678,605900
19679,603700
19680,601800
19681,613100
19682,608200
19683,607500
19684,608400
19685,608600
19686,604500
19687,607200
19688,602400
19689,627900
19690,609800
19691,606200
19692,601700
19693,602800
19694,598700
19695,606300
19696,599700
19697,605900
19698,607300
19699,606100
19700,788200
19701,755100
19702,737200
19703,632100
19704,637000
19705,637800
19706,608700
19707,614500
19708,604000
19709,610400
19710,620000
19711,606500
19712,613900
19713,605600
19714,625300
19715,610100
19716,608600
19717,606600
19718,603500
19719,606300
19720,822100
19721,624300
19722,608400
19723,605000
19724,601100
19725,1014800
19726,693800
19727,627400
19728,649100
19729,611700
19730,607900
19731,624100
19732,613900
19733,608900
19734,618700
19735,610800
19736,605500
19737,611500
19738,607400
19739,604300
19740,607600
19741,604900
19742,602700
19743,613500
19744,604600
19745,604700
19746,604500
19747,605000
19748,606600
19749,604100
19750,603700
19751,824200
19752,616400
19753,632200
19754,604500
19755,609600
19756,618800
19757,605200
19758,599700
19759,600700
19760,601100
19761,606500
19762,604000
19763,598900
19764,595200
19765,603500
19766,593600
19767,602200
19768,598400
19769,600400
19770,613600
19771,600700
19772,604600
19773,622400
19774,600700
19775,605100
19776,605000
19777,647500
19778,1039100
19779,712700
19780,622400
19781,613800
19782,609900
19783,610600
19784,615900
19785,610100
19786,603800
19787,608400
19788,604500
19789,606600
19790,604200
19791,606900
19792,606000
19793,634100
19794,606800
19795,613300
19796,601300
19797,604500
19798,595300
19799,599000
19800,642100
19801,597600
19802,641200
19803,602700
19804,599500
19805,1107100
19806,609400
19807,599800
19808,604400
19809,600300
19810,599000
19811,606700
19812,595300
19813,593200
19814,597000
19815,602800
19816,604000
19817,605900
19818,597100
19819,598000
19820,598900
19821,601300
19822,596100
19823,600000
19824,598100
19825,608400
19826,596500
19827,597100
19828,698700
19829,687100
19830,624800
19831,619900
19832,732300
19833,609800
19834,607300
19835,607300
19836,606700
19837,609700
19838,598800
19839,601600
19840,599700
19841,607700
19842,604700
19843,598800
19844,598200
19845,598600
19846,598000
19847,606400
19848,596400
19849,596800
19850,616100
19851,599000
19852,595700
19853,699700
19854,634100
19855,662400
19856,679400
19857,679000
19858,669500
19859,652600
19860,664300
19861,661700
19862,660200
19863,711100
19864,674300
19865,657500
19866,653600
19867,656100
19868,661800
19869,674000
19870,660700
19871,645400
19872,656600
19873,664400
19874,644400
19875,668500
19876,638700
19877,898800
19878,1065500
19879,754400
19880,721900
19881,679300
19882,1104700
19883,610900
19884,607000
19885,605900
19886,600100
19887,601000
19888,595400
19889,610900
19890,609300
19891,611700
19892,611200
19893,603100
19894,626800
19895,607300
19896,600300
19897,599300
19898,598000
19899,596900
19900,630300
19901,604500
19902,613500
19903,605700
19904,595900
19905,596800
19906,602500
19907,601900
19908,602100
19909,599500
19910,605700
19911,598100
19912,705900
19913,601500
19914,599800
19915,602900
19916,598700
19917,662200
19918,601800
19919,606200
19920,601500
19921,595000
19922,605800
19923,595900
19924,606800
19925,640000
19926,609000
19927,605900
19928,599200
19929,719100
19930,691100
19931,673500
19932,668000
19933,671300
19934,653900
19935,896500
19936,739200
19937,709300
19938,655500
19939,613400
19940,604900
19941,608700
19942,632000
19943,600900
19944,602500
19945,601800
19946,601000
19947,591000
19948,592500
19949,610400
19950,596200
19951,655700
19952,612000
19953,600900
19954,607600
19955,605100
19956,597600
19957,595100
19958,603000
19959,597600
19960,600500
19961,598700
19962,1002100
19963,604900
19964,620600
19965,647600
19966,642300
19967,606300
19968,601200
19969,602100
19970,603600
19971,597000
19972,596300
19973,596300
19974,631600
19975,592700
19976,595100
19977,619800
19978,600000
19979,589700
19980,602400
19981,588700
19982,593100
19983,589500
19984,593700
19985,593900
19986,592100
19987,590100
19988,596500
19989,591000
19990,594000
19991,600400
19992,600800
19993,692900
19994,597300
19995,596700
19996,593400
19997,594600
19998,590500
19999,589300
20000,626200
20001,736200
20002,5851400
20003,799700
20004,743600
20005,665600
20006,669300
20007,666900
20008,664900
20009,658400
20010,665500
20011,697100
20012,665000
20013,649200
20014,647700
20015,862200
20016,1005500
20017,740500
20018,720000
20019,707100
20020,619700
20021,606800
20022,612000
20023,604100
20024,608100
20025,605600
20026,604800
20027,599700
20028,626400
20029,604800
20030,600000
20031,596300
20032,936200
20033,596900
20034,597100
20035,599700
20036,593000
20037,589600
20038,719100
20039,748600
20040,736800
20041,724700
20042,625700
20043,607500
20044,656000
20045,620200
20046,613800
20047,611900
20048,606900
20049,597900
20050,609300
20051,603000
20052,613000
20053,615700
20054,607400
20055,607600
20056,597700
20057,593800
20058,598400
20059,602600
20060,596400
20061,595000
20062,594100
20063,626200
20064,709100
20065,809900
20066,635100
20067,613200
20068,604900
20069,609500
20070,612500
20071,600600
20072,613800
20073,595200
20074,598300
20075,598200
20076,623400
20077,601400
20078,598200
20079,595900
20080,602300
20081,593900
20082,599200
20083,595800
20084,594900
20085,593900
20086,594300
20087,595700
20088,694100
20089,727800
20090,909600
20091,715200
20092,609900
20093,606800
20094,607000
20095,601500
20096,598600
20097,597400
20098,599900
20099,594400
20100,615400
20101,597400
20102,601500
20103,598600
20104,611100
20105,597400
20106,593500
20107,591900
20108,600300
20109,591600
20110,598600
20111,589400
20112,848600
20113,662400
20114,763600
20115,663400
20116,744900
20117,710300
20118,670400
20119,681200
20120,663200
20121,666700
20122,663100
20123,658500
20124,656200
20125,660100
20126,652900
20127,653300
20128,660500
20129,653700
20130,656800
20131,649300
20132,654600
20133,649000
20134,650000
20135,660300
20136,845800
20137,1029800
20138,752000
20139,717700
20140,715600
20141,688700
20142,605000
20143,707700
20144,613000
20145,617600
20146,601400
20147,598000
20148,597500
20149,604500
20150,603800
20151,598200
20152,599500
20153,593700
20154,599900
20155,593100
20156,599100
20157,594300
20158,596800
20159,592700
20160,636100
20161,609900
20162,608400
20163,683900
20164,722000
20165,833400
20166,655400
20167,668000
20168,653800
20169,656700
20170,663900
20171,654400
20172,650900
20173,649600
20174,653200
20175,651800
20176,642300
20177,650400
20178,650300
20179,647600
20180,659700
20181,647400
20182,661900
20183,749800
20184,739500
20185,766500
20186,668800
20187,878700
20188,671100
20189,700100
20190,690000
20191,668200
20192,665200
20193,660700
20194,645700
20195,655900
20196,680800
20197,661000
20198,645300
20199,649900
20200,656700
20201,649000
20202,652600
20203,646100
20204,654400
20205,651400
20206,638700
20207,840800
20208,969100
20209,750400
20210,721400
20211,645800
20212,613300
20213,619400
20214,605900
20215,604900
20216,608700
20217,605600
20218,593900
20219,596200
20220,683100
20221,601600
20222,602100
20223,593700
20224,595500
20225,598900
20226,594600
20227,593200
20228,592300
20229,590600
20230,597200
20231,628200
20232,608800
20233,610400
20234,629800
20235,701100
20236,674000
20237,664800
20238,663700
20239,654900
20240,644600
20241,660800
20242,648800
20243,660200
20244,650800
20245,648900
20246,648900
20247,654800
20248,653900
20249,651300
20250,654900
20251,649200
20252,644900
20253,646200
20254,650200
20255,863200
20256,1022900
20257,755700
20258,743300
20259,633600
20260,611000
20261,609800
20262,873900
20263,616100
20264,598400
20265,604700
20266,599400
20267,596800
20268,598200
20269,596800
20270,601800
20271,598200
20272,596900
20273,597900
20274,598900
20275,601400
20276,594100
20277,598800
20278,592800
20279,726100
20280,986900
20281,920500
20282,1081300
20283,807100
20284,728200
20285,702400
20286,601800
20287,608000
20288,605900
20289,605500
20290,603200
20291,599500
20292,598700
20293,601000
20294,602600
20295,602000
20296,594200
20297,595100
20298,680200
20299,598300
20300,594500
20301,684600
20302,726700
20303,669700
20304,620400
20305,607300
20306,605000
20307,602600
20308,621200
20309,603700
20310,602200
20311,594200
20312,595200
20313,595600
20314,595200
20315,596600
20316,595000
20317,593800
20318,601200
20319,593200
20320,598600
20321,593900
20322,596600
20323,597000
20324,596200
20325,592800
20326,595300
20327,623600
20328,761200
20329,744300
20330,718200
20331,622900
20332,607500
20333,602000
20334,609600
20335,604600
20336,601000
20337,597700
20338,593200
20339,598200
20340,609000
20341,598700
20342,598400
20343,906000
20344,597800
20345,605200
20346,617900
20347,597900
20348,605500
20349,592100
20350,596300
20351,662100
20352,604200
20353,767500
20354,745300
20355,718600
20356,659700
20357,603400
20358,616400
20359,605500
20360,608500
20361,601700
20362,606800
20363,603600
20364,602500
20365,593600
20366,593100
20367,591700
20368,591900
20369,588300
20370,594400
20371,590800
20372,593900
20373,592600
20374,593900
20375,593400
20376,780600
20377,1141400
20378,1005500
20379,707400
20380,683800
20381,667200
20382,679700
20383,660200
20384,755000
20385,784200
20386,785000
20387,784000
20388,790500
20389,781300
20390,787800
20391,783000
20392,673700
20393,647700
20394,666000
20395,662100
20396,736800
20397,884300
20398,768400
20399,662500
20400,674400
20401,658100
20402,657600
20403,655600
20404,662300
20405,660000
20406,661300
20407,650800
20408,641600
20409,640700
20410,659000
20411,644400
20412,645100
20413,634600
20414,648600
20415,650500
20416,637900
20417,877900
20418,648900
20419,810300
20420,5634100
20421,657300
20422,654600
20423,656600
20424,661000
20425,654700
20426,656600
20427,662100
20428,645400
20429,655500
20430,643400
20431,653900
20432,656900
20433,648500
20434,662700
20435,803300
20436,940600
20437,691000
20438,665500
20439,650300
20440,651100
20441,648100
20442,651800
20443,660600
20444,746600
20445,640600
20446,673800
20447,667300
20448,645000
20449,648700
20450,647800
20451,642100
20452,650100
20453,641700
20454,642600
20455,641200
20456,648000
20457,648700
20458,631000
20459,886400
20460,990100
20461,748300
20462,727600
20463,670900
20464,606400
20465,605600
20466,606600
20467,599000
20468,601900
20469,599000
20470,600200
20471,595200
20472,592000
20473,594100
20474,593900
20475,596500
20476,597000
20477,590900
20478,594400
20479,590600
20480,611500
20481,588100
20482,596500
20483,654600
20484,601300
20485,914200
20486,608800
20487,601500
20488,614800
20489,607400
20490,607700
20491,610300
20492,756800
20493,640200
20494,622400
20495,614500
20496,621500
20497,608300
20498,603300
20499,604300
20500,609600
20501,602200
20502,605100
20503,618400
20504,648500
20505,606900
20506,605800
20507,602000
20508,704200
20509,604000
20510,665200
20511,705200
20512,693000
20513,691500
20514,694700
20515,708800
20516,617100
20517,621500
20518,603000
20519,602000
20520,599100
20521,599100
20522,599400
20523,615000
20524,599500
20525,736800
20526,609400
20527,601500
20528,593600
20529,609200
20530,597800
20531,594200
20532,727500
20533,746100
20534,720200
20535,642100
20536,610700
20537,622100
20538,609900
20539,618900
20540,612000
20541,617800
20542,605200
20543,608600
20544,607600
20545,604100
20546,608000
20547,596700
20548,598200
20549,594400
20550,606600
20551,597800
20552,594300
20553,605400
20554,596600
20555,597400
20556,603100
20557,690100
20558,738800
20559,850700
20560,5579000
20561,1224000
20562,733400
20563,618500
20564,600500
20565,613800
20566,603100
20567,601900
20568,616800
20569,620800
20570,598800
20571,600600
20572,604100
20573,639400
20574,614200
20575,626300
20576,608600
20577,614600
20578,604600
20579,604800
20580,601600
20581,601800
20582,596900
20583,597500
20584,600000
20585,598900
20586,599000
20587,596200
20588,596600
20589,599900
20590,609200
20591,596400
20592,599800
20593,598300
20594,598900
20595,601100
20596,610800
20597,712600
20598,686700
20599,625500
20600,745400
20601,759500
20602,719600
20603,646600
20604,602300
20605,603100
20606,599800
20607,602300
20608,603700
20609,599200
20610,598600
20611,603700
20612,640700
20613,609400
20614,598700
20615,600400
20616,594500
20617,595100
20618,636400
20619,612200
20620,616400
20621,601400
20622,598500
20623,768100
20624,759900
20625,804500
20626,631700
20627,617800
20628,609400
20629,622000
20630,610100
20631,605100
20632,603200
20633,605200
20634,601500
20635,1029300
20636,618500
20637,608400
20638,604000
20639,601600
20640,601200
20641,608200
20642,599600
20643,602800
20644,597500
20645,602200
20646,596100
20647,662400
20648,608700
20649,605300
20650,604400
20651,609300
20652,605600
20653,615200
20654,607400
20655,610700
20656,606500
20657,603100
20658,598500
20659,597600
20660,603300
20661,614600
20662,603000
20663,597800
20664,598100
20665,596500
20666,597200
20667,594900
20668,623000
20669,597700
20670,600900
20671,597300
20672,598400
20673,596800
20674,812800
20675,1005100
20676,620400
20677,599100
20678,703600
20679,603100
20680,603600
20681,595800
20682,595800
20683,600200
20684,595700
20685,618100
20686,596800
20687,593400
20688,596900
20689,603300
20690,597300
20691,592700
20692,597500
20693,591800
20694,595500
20695,594500
20696,595600
20697,592900
20698,636000
20699,746300
20700,704800
20701,635700
20702,605300
20703,603200
20704,605600
20705,608100
20706,609700
20707,605100
20708,596300
20709,595600
20710,669900
20711,605200
20712,598000
20713,596300
20714,595500
20715,919100
20716,600000
20717,595900
20718,597300
20719,596400
20720,597800
20721,596000
20722,604900
20723,683200
20724,798600
20725,786500
20726,671800
20727,610100
20728,607600
20729,601700
20730,599400
20731,595700
20732,605700
20733,618300
20734,596700
20735,601400
20736,594800
20737,593100
20738,592600
20739,595000
20740,593800
20741,594300
20742,591300
20743,593500
20744,588300
20745,590500
20746,593000
20747,588700
20748,701400
20749,871800
20750,708900
20751,612300
20752,609300
20753,604400
20754,606000
20755,600900
20756,627200
20757,605500
20758,610100
20759,599300
20760,690700
20761,596400
20762,603500
20763,606400
20764,607600
20765,604500
20766,593400
20767,596900
20768,597700
20769,597800
20770,603200
20771,596500
20772,600500
20773,673500
20774,602600
20775,799300
20776,761400
20777,724700
20778,717000
20779,635200
20780,604900
20781,609400
20782,605100
20783,601900
20784,600600
20785,600300
20786,614900
20787,595100
20788,598100
20789,601000
20790,599800
20791,598100
20792,598200
20793,591500
20794,594200
20795,917200
20796,597700
20797,749100
20798,792100
20799,721200
20800,711900
20801,635000
20802,609500
20803,608400
20804,621300
20805,609900
20806,605200
20807,608600
20808,592300
20809,601600
20810,595700
20811,598900
20812,597100
20813,598100
20814,590100
20815,596600
20816,593100
20817,593200
20818,593000
20819,594900
20820,594100
20821,598400
20822,626800
20823,760600
20824,792400
20825,734500
20826,712900
20827,602100
20828,612100
20829,602300
20830,608100
20831,600900
20832,595600
20833,604100
20834,592800
20835,609700
20836,609700
20837,603800
20838,605400
20839,606400
20840,593900
20841,688300
20842,598100
20843,602400
20844,600700
20845,603500
20846,600000
20847,648700
20848,707700
20849,694800
20850,699600
20851,883100
20852,670100
20853,671400
20854,655400
20855,656700
20856,651900
20857,650600
20858,646700
20859,654800
20860,651400
20861,653300
20862,654100
20863,640800
20864,661700
20865,649600
20866,688500
20867,646700
20868,639200
20869,654200
20870,851200
20871,1038000
20872,910700
20873,673300
20874,675000
20875,663600
20876,655700
20877,639700
20878,664400
20879,674700
20880,657500
20881,657400
20882,652000
20883,654200
20884,646200
20885,649900
20886,650900
20887,647900
20888,647000
20889,640900
20890,651400
20891,640700
20892,641800
20893,764100
20894,909300
20895,740900
20896,676800
20897,664700
20898,656700
20899,648300
20900,655900
20901,647100
20902,645400
20903,647100
20904,643600
20905,655800
20906,655400
20907,633600
20908,649100
20909,646200
20910,664200
20911,654000
20912,648700
20913,646100
20914,645900
20915,647200
20916,788500
20917,703600
20918,655200
20919,694800
20920,665300
20921,652300
20922,641600
20923,691400
20924,680900
20925,651600
20926,668100
20927,673900
20928,658700
20929,646400
20930,648300
20931,645200
20932,650200
20933,646100
20934,649500
20935,654700
20936,647400
20937,643500
20938,640300
20939,789500
20940,890600
20941,748200
20942,671500
20943,672600
20944,660200
20945,667800
20946,857800
20947,655700
20948,644700
20949,653400
20950,645200
20951,647000
20952,634200
20953,651000
20954,688800
20955,642800
20956,656700
20957,652200
20958,644700
20959,655600
20960,648100
20961,646300
20962,977300
20963,1031900
20964,1036400
20965,1023100
20966,1037400
20967,1057100
20968,1018400
20969,1030000
20970,1031800
20971,1058900
20972,1012100
20973,1119900
20974,1030300
20975,1031800
20976,1059900
20977,1034800
20978,1097100
20979,745800
20980,721300
20981,619000
20982,604100
20983,691300
20984,608800
20985,610100
20986,593300
20987,616000
20988,650400
20989,638400
20990,608200
20991,607500
20992,604800
20993,603600
20994,597600
20995,593200
20996,593500
20997,592800
20998,588300
20999,592100
21000,603700
21001,642700
21002,608200
21003,604200
21004,606400
21005,642900
21006,657900
21007,626900
21008,627600
21009,619200
21010,609500
21011,603500
21012,597100
21013,613200
21014,827200
21015,610900
21016,597400
21017,599600
21018,596100
21019,606400
21020,594900
21021,601000
21022,596700
21023,634200
21024,601600
21025,605900
21026,657200
21027,610200
21028,793600
21029,624900
21030,607200
21031,612400
21032,642700
21033,610300
21034,601600
21035,601100
21036,608800
21037,599700
21038,595600
21039,600200
21040,594400
21041,601800
21042,595200
21043,596200
21044,593200
21045,596500
21046,594500
21047,594100
21048,596500
21049,605700
21050,593900
21051,596000
21052,616500
21053,798000
21054,673600
21055,717200
21056,652200
21057,680700
21058,669300
21059,663300
21060,668700
21061,671600
21062,650000
21063,656800
21064,751200
21065,669900
21066,649200
21067,663600
21068,643900
21069,665400
21070,686600
21071,648100
21072,697100
21073,664000
21074,655500
21075,1020400
21076,849900
21077,670100
21078,667600
21079,662300
21080,668700
21081,663500
21082,654500
21083,666600
21084,699800
21085,646900
21086,656000
21087,646300
21088,651100
21089,645100
21090,654300
21091,909800
21092,657600
21093,653000
21094,646700
21095,652700
21096,650800
21097,632800
21098,900200
21099,987400
21100,754800
21101,719700
21102,705900
21103,612800
21104,603600
21105,599800
21106,606100
21107,706300
21108,604100
21109,611000
21110,596000
21111,591200
21112,594500
21113,592400
21114,592200
21115,597600
21116,607800
21117,591600
21118,588000
21119,590100
21120,591800
21121,590200
21122,649100
21123,594900
21124,602400
21125,638900
21126,604100
21127,596400
21128,606800
21129,592800
21130,599700
21131,592400
21132,597000
21133,595200
21134,597500
21135,593600
21136,594700
21137,591300
21138,594400
21139,595700
21140,612000
21141,592000
21142,597200
21143,679300
21144,595900
21145,591700
21146,602500
21147,597000
21148,642100
21149,656200
21150,648800
21151,603600
21152,603800
21153,592100
21154,598700
21155,611900
21156,600600
21157,599600
21158,597300
21159,597200
21160,596100
21161,592400
21162,593800
21163,591700
21164,592800
21165,592300
21166,624500
21167,599800
21168,592800
21169,594700
21170,595800
21171,809900
21172,598200
21173,615400
21174,594500
21175,607800
21176,672400
21177,769600
21178,751200
21179,706500
21180,654900
21181,666700
21182,655300
21183,654100
21184,662300
21185,651900
21186,656200
21187,657100
21188,658700
21189,648200
21190,656500
21191,645900
21192,667200
21193,644800
21194,680300
21195,648700
21196,6087100
21197,680700
21198,663900
21199,617400
21200,621300
21201,612700
21202,619000
21203,600500
21204,614300
21205,602600
21206,599600
21207,600900
21208,598900
21209,595200
21210,604200
21211,602400
21212,605400
21213,684300
21214,924000
21215,632300
21216,739100
21217,659200
21218,610300
21219,608400
21220,609800
21221,615800
21222,617400
21223,612000
21224,611600
21225,607900
21226,602400
21227,622000
21228,598700
21229,602400
21230,612800
21231,594400
21232,594600
21233,594600
21234,590500
21235,595700
21236,603000
21237,653000
21238,605600
21239,594800
21240,877600
21241,605000
21242,602700
21243,598500
21244,593400
21245,596400
21246,592100
21247,595200
21248,591600
21249,596000
21250,597500
21251,594200
21252,599200
21253,597000
21254,588400
21255,601100
21256,591300
21257,597600
21258,593600
21259,594500
21260,590400
21261,591500
21262,595000
21263,669800
21264,612900
21265,730400
21266,615800
21267,605300
21268,607600
21269,598400
21270,595500
21271,598800
21272,597100
21273,595000
21274,593100
21275,595900
21276,606900
21277,600900
21278,596600
21279,594200
21280,588400
21281,592800
21282,591400
21283,592000
21284,609300
21285,590900
21286,590000
21287,602400
21288,793600
21289,6814200
21290,979800
21291,617800
21292,610400
21293,598500
21294,606600
21295,604900
21296,597900
21297,595900
21298,599300
21299,607200
21300,599200
21301,596800
21302,596200
21303,657100
21304,603400
21305,599600
21306,600400
21307,604600
21308,601400
21309,604600
21310,601800
21311,595300
21312,973800
21313,607100
21314,598200
21315,599200
